ArtistID,name,followers,popularity,genres
52iM1kP5BpnLypZ0VtrpyY,Kwesi Arthur,213247,49,[ghanaian hip hop,ghanaian pop]
69YKwunlA0xl2yMS12cyMu,Gabriela Richardson,8056,44,[]
1KNafMiV5Y3OhOr1A5tWwb,JYYE,21141,47,[house,pop dance,pop edm]
0S8NV7XoWi7arXWSRqI3dS,Lucidious,267716,48,[]
6S0IvKlvPMX1RtAYtVpUV8,Drax Project,92702,57,[australian pop,nz pop]
2sf2owtFSCvz2MLfxmNdkb,Tinariwen,271944,46,[afropop,desert blues,malian blues,mande pop,musique touareg,tuareg guitar,western saharan folk,world]
1RQ3ZwCNI7KniEKIN5kkio,MATTN,145068,56,[belgian edm,edm,electro house,pop dance,sky room]
225l1KEprObX8xgl8xo2Gc,BluntOne,20640,53,[chillhop,lo-fi beats]
44qTyRXwTktHVC0X1FGnJn,NORDO,151692,48,[moroccan pop,rap tunisien]
2eQ5uR5wKDEQ5zKPQyLHC1,Adham Nabulsi,1180257,22,[jordanian pop]
2ieBl5s08uHBwM8sUPvg65,Nassif Zeytoun,808600,49,[arab pop,dabke,syrian pop]
62IUrFqq28x2SbRdzm9sQt,Hassan Shakosh,1388526,48,[mahraganat]
23DYJsw4uSCguIqiTIDtcN,Southside,64192,59,[atl hip hop]
1WDkNp8Duv9QhO246S4dDa,Bramsito,535866,54,[francoton,french hip hop,pop urbaine,rap francais]
1E8w172gkuT5htpwaIEsEl,Népal,220682,62,[french hip hop,rap calme]
4W6fwRbqEy1dfEoE6OCyZu,Mathieu Koss,8664,53,[new french touch]
31shErrQgVvu6r5rvF3unD,MD DJ,25023,49,[romanian electronic]
64XqdWjtYhfMJeQB7wtAwS,Hiro,166766,48,[azontobeats,francoton,pop urbaine]
4DMkrFIqGXLycc4YLYTn1i,Tiagz,133197,47,[ottawa rap,viral rap]
60bBAf1WFPnIwyBSfXj9xv,Chasner,1688,44,[]
0lHB0Qc4pmD5RkTLlHeESo,MC L da Vinte,734783,59,[funk bh,funk carioca,funk mtg,funk ostentacao]
1GfHpetDFhvqfm5pceDTrX,Lil Revive,100718,54,[dark trap,emo rap]
2yCHwCR4w8pZyoSCyoQQfx,Aylior,2534,47,[]
1OHw2r7Diz2rc9JktaFV6N,Erika Sirola,4244,48,[finnish pop]
5rBFU1rhgs1nNghopuj9k8,((( O ))),93205,58,[experimental hip hop]
53ZDw5ZHldHJgaUjcJhdGc,Léa Castel,123537,47,[francoton,french pop]
3L7JnVovGbYSUmRyqhXMYO,Fairlane,27101,49,[future bass,melodic dubstep,pop dance,pop edm]
1xd5p7u9w8mQc2nU8GwBib,Paycheck,12220,52,[emo rap,sad rap]
1PVmM2c79UdIymMzxYlywJ,Lenni Kim,89565,43,[francoton]
3chqU15yLP7B3XRQpILQY2,Burgos,30973,51,[dark trap,emo rap,sad lo-fi,sad rap]
4wP1kxjUsc9IR4Iy2smL7o,Trinidad Cardona,164705,63,[]
6ft7JnxMyZhp7N52qzHymY,Vansire,197573,66,[bedroom pop,indie pop,rochester mn indie]
1UwKmyN6dKhzFNKSL3PgPG,(CGM) TY,5205,51,[]
5aMIbwZQvP2MHPMVC5zCGj,ODIE,239292,63,[canadian contemporary r&b]
2yJ6lsLqG06r9bckSTQRt4,Zkr,342429,63,[french hip hop,pop urbaine,rap francais]
0bmKQDkU4J3gUykZS8tb6v,LFERDA,400553,48,[arabic hip hop,moroccan pop,north moroccan rap,rap maroc]
4xTiWBThjZgo1uZn1WpZm3,DJ Hamida,536828,54,[francoton,rif]
3jrZXTzqSuTBdfJeoSts1n,Anas,162625,50,[francoton,pop urbaine]
6cNWiizYLCClZdnIvqU968,AriBeatz,9751,43,[]
3U7bOaJLuFkrmDQ1C1OqKl,HYO,402756,51,[k-pop]
6FugQjLquBF4JzATRN70bR,Yot Club,223663,70,[bedroom pop,indie pop]
7Gz6VlTVwlNtBNMYV4OI3w,Shotgun Willy,317965,62,[meme rap,viral rap]
5QuZ9HdvnXcX8kEG782Phv,Le Rat Luciano,42771,52,[french hip hop,old school rap francais,rap inde,rap marseille]
5RCWMaArEntbkeWYVxCiFW,Everybody Loves an Outlaw,53318,59,[modern blues rock]
7A8S43ryYdbWpJKeHRZRcq,JACKBOYS,498042,66,[rap,trap]
1AxlE5JCJrJzVYa0ywJQqV,Omar Kamal,510761,45,[mahraganat]
4PgPJfNYhFaHAV5C5dFhYS,Smallx,282514,45,[moroccan pop,rap maroc]
1YjaVTeHBlVRRxbk7H30HN,Lunis,7361,62,[]
292jMVlKq180yzi8WRaVU6,7ari,326750,44,[arabic hip hop,moroccan pop,rap maroc]
1XmQF3YXcIjv9PhNN69v8s,Adam Bü,2369,41,[]
1PmrYsZvpVB9ilWx0eZHdr,Rileyy Lanez,33874,46,[pop r&b]
3zYU33YUxJPzsPrYmpMMiu,Aests,33870,46,[future funk]
6GETMwt7rbOZRXFnivRObG,Ragnar Seaholm,1118,33,[background piano]
7McJw5ZG7vJezw6ygrFagY,EMR3YGUL,5273,46,[g-house]
4J3vhZNPel1Tyj2GHsXi6i,Moji x Sboy,92732,53,[french hip hop,rap calme,rap liegeois]
6ONwLtT6vOzlO3pfZNAOMw,Paris Boy,24927,47,[]
57GHC729HxFYHl1vGe1qaX,Badda TD,30070,46,[]
0gGcw3tA1fZoF23qa8KFb7,Bolémvn,329239,57,[francoton,french hip hop,pop urbaine,rap francais]
5vPqlDBYNZiF5SrHGS6Cyt,Erin Bloomer,17883,43,[alt z]
7DICBAYiaIMh5MulqwCtET,AK,126454,52,[pop rap]
26ebqYqothrkkGHWEvJy4D,Robert Cristian,27552,51,[]
59XQUEHhy5830QsAsmhe2M,Silent Child,32368,57,[]
5qVVvbyUOpNdgTGvNxzcMW,Ciscaux,35226,61,[aesthetic rap,meme rap]
0xECfhlRzRRIIe2Co5HX6n,Squeezie,369218,52,[chanson virale]
5FF8xJSW4qUVU8bk79KYLT,lilbubblegum,220282,63,[aesthetic rap,meme rap]
1nODcAdzs2eLjAp6AsrMzA,Michou,386597,42,[chanson virale]
53kxfycKPtWuSFpIuEHlGi,BrxkenBxy,18386,46,[sad rap]
6U53xCCVXmyimAgsBjCS8P,Jess Benko,82696,55,[gen z singer-songwriter]
3gIWD9hK0VEhgsSrLu19PU,YN Jay,76982,52,[flint hip hop,viral rap]
3uK7MCVwr7FSxnhNKso4Hi,a girl and a cat,11634,51,[]
2fcn14wWIwWrnXAv89ovBk,Rifti Beats,28500,52,[lo-fi vgm]
5WgRuO0mhM36NFoapzpWBH,Rashid,644835,53,[brazilian hip hop,pop rap brasileiro,r&b brasileiro]
6AwwLwgIsTIXZ8kHWaZUj5,Sandesh Shandilya,1112990,51,[afghan pop,classic bollywood,desi pop,filmi,modern bollywood]
7lMgpN1tEBQKpRoUMKB8iw,Black M,1560936,53,[francoton,french pop,pop urbaine,rap conscient]
3VZXmYrB3MxMfTZKIVZA1J,XANDDY HARMONIA,481,56,[axe,funk carioca,pagode,pagode baiano]
5C1S9XwxMuuCciutwMhp5t,KR$NA,446580,62,[desi hip hop,desi trap,hindi hip hop]
1sICjVlCMOCah0snHXWUz0,The BossHoss,245846,51,[comic,german country,german pop,german rock]
2qU0jqxiFeXrw5NTV1bIQM,The Orion Experience,139881,56,[indie pop,stomp pop]
7vXwfZyDp3spzIVNXDaTPN,Metro Station,307413,54,[electropowerpop,neon pop punk,pixie,pop punk,post-teen pop]
1eQzZsJAtBVhN9WP62oXM2,Xir,344413,51,[new school turkce rap,turkish hip hop,turkish trap,turkish trap pop]
2chcxXpKxoQAwyqymdmbz9,MC Pat Flynn,71937,51,[]
14V8ZRhL66NIzXAmYtQ8Vj,Kolton Moore & the Clever Few,36739,53,[]
0MQjWOlXYUAlvDpF2PaJ8f,Marvin,1305,49,[]
6w971ABEzbDRQVUfcbYrl9,Grupo H-100,399039,50,[corrido,corridos alternativos,musica mexicana,norteno,nueva musica mexicana,tololoche]
2TwUVWFJs4LD0lOBbJXnNa,Korede Bello,419596,49,[afro dancehall,afropop,azontobeats,nigerian pop]
7bdZVVcdyFjxVRj6vCVk9w,Jaxx & Vega,16651,48,[big room,sky room]
2BwGxEffKsSjsQyKNtBgcQ,Desejo De Menina,410177,50,[forro,forro de favela,tecnobrega]
2T1se5h5FRkw7ZfR7yxdlm,Tayrone,263602,60,[arrocha,forro,sertanejo pop]
29QKtXMaVczUBDiI3aPBWS,FBC,147183,54,[boom bap brasileiro,brazilian hip hop,rap mineiro]
5zblJYkCzvB51Jh29FB07V,Eli Soares,685404,59,[adoracao,brazilian gospel,rock gospel brasileiro]
3bRGJQd7b4lE3ZAEMfOXJp,Luidji,270411,60,[french hip hop,pop urbaine]
2GlEiSHYEKlq9cUYDa9oZb,Lynda,320900,61,[francoton,pop urbaine]
0tMFcqLXhtm1Gep20iuIR3,SXTN,787103,60,[deep german hip hop,frauenrap,german hip hop]
7naAJDAh7AZnf18YYfQruM,Christian French,270835,61,[alt z,electropop,pop]
0Vw76uk7P8yVtTClWyOhac,HONNE,1440577,66,[pop,uk pop]
0cjkWe9VXcECGiOEHFuTfc,Mc Lipi,960091,68,[funk carioca,funk consciente,funk ostentacao,funk paulista]
2qWK8K2Jfh67UqtwY8tCW6,YSY A,1180998,73,[argentine hip hop,trap argentino,trap latino]
0pSx3asj3usz5PRt8COo0E,Ketama126,279253,62,[drill italiana,emo rap italiano,italian hip hop,trap italiana]
1VBbewnHtegBSEB7kRXDzQ,PJ Masks,39413,56,[children's music]
6gGJH7joTDx9M3xREiAq9U,Petter Ferraz,18242,41,[]
31VFEohvhOUKrtAONEBhMG,Kenia OS,2217902,72,[reggaeton mexicano]
7sOR7gk6XUlGnxj3p9F54k,half•alive,617604,61,[alt z,indie pop,modern alternative rock,modern rock]
4T2k9bgIoC8bbqjqiEl9vZ,Rhys Lewis,338030,61,[australian pop,neo mellow,pop,uk pop]
6gvVFtkTV4OCyQSCzGgU1h,Nik Tendo,277288,62,[czech hip hop,czsk hip hop]
57YFNq46Xx86nl7ETkd1Ei,Zach Callison,47904,62,[otacore]
2YIxQoGvBukvoC1CbJ7opS,Fynn Kliemann,271112,53,[german pop]
77YvCBWe0tTLygpgSJsdOH,Dhee,289871,59,[tamil pop]
0fTav4sBLmYOAzKuJw0grL,Mac Ayres,509174,59,[chill r&b,pop]
5nKGeITSNCVP76muyOlszy,Elsa y Elmar,158085,63,[colombian indie,colombian pop,latin pop,r&b en espanol]
39XT9gMoNmMCOlvTTR273m,K-Trap,154096,65,[uk drill,uk hip hop]
4tejKImNVmDcORNBuZ1l14,Kala Bhairava,281928,61,[tollywood]
5qQdzyIlYfzICKOVdb7XvY,Samantha Machado,49056,49,[trap brasileiro]
2u5Aq4Kfss4UDbRKYH4KLS,Jorge,16,0,[]
3RBqLTttwN1orqQozYfmJo,Emily Roberts,7760,52,[german pop]
6PIIKavZx20FlVKyIvb4Um,Calema,424794,60,[musica santomense,portuguese pop]
5eLTULECbpoiNT8czpulxX,Fäaschtbänkler,97519,57,[neue volksmusik,partyschlager,volkspop]
1WLEfsQjvgtFSGkrHonzFX,Amaia,290069,57,[eurovision,latin talent show,latin viral pop]
5Vz74ibGHBQaUa2ALDOH0v,Septeto Acarey,26061,53,[pop peruano,salsa peruana,tropical]
5yLTSEQlxtbK0dyLmYAP3T,Vaggvisor,289,57,[]
6beUvFUlKliUYJdLOXNj9C,King Princess,1602382,62,[alt z,art pop,electropop,indie pop,indie poptimism,nyc pop,pop]
3bvfu2KAve4lPHrhEFDZna,Lola Indigo,818717,68,[latin pop,spanish pop]
2tIP7SsRs7vjIcLrU85W8J,The Kid LAROI,4037582,82,[australian hip hop,pop]
02qlwM8fpqep7vX8KKEFmK,LA Vision,7823,51,[]
438DEJaM9KJdqbBUPnVYB0,FILV,22958,54,[russian dance]
0L3wrFI3QcbXAvFL7IaPQX,Güneş,192600,68,[turkce kadin rap]
2UHBgxDvOBaIY7hQ8CEAmW,Anneth,859980,51,[indonesian pop]
1RP6w1culo2vykXGaiYdrQ,MÚSICA PARA NIÑOS,24163,51,[musica para ninos]
1KQJOTeIMbixtnSWY4sYs2,Paky,523693,71,[italian hip hop,trap italiana]
0Z0wQc5Y1kqVxgMgSXifZe,Hüsnü Arkan,153011,47,[turkish jazz,turkish rock]
6xLv41SHPrVVfvyGd1M7ut,Ozan Doğulu,338204,54,[deep turkish pop,karadeniz pop,turkish pop,turkish rock]
0T7JQxpy1Li93vLNirbv0Z,Mad Season,505643,51,[alternative metal,alternative rock,blues rock,grunge,nu metal,rock,supergroup]
68rvMwPL0yMbYR5cv0pzCR,Elissa,2430024,54,[arab pop,lebanese pop]
0hgX6slgQFj1QpjpKHbcK1,Poke,30965,53,[dutch hip hop,dutch rap pop]
3VSHFjwG94ubNcoST9hfxX,Hugo,55825,48,[thai folk]
51YBtWvwOP37hIGmnxf4yC,Candan Erçetin,991460,54,[turkish pop]
7J7IAR4rkzo4FcZTDid3Jk,Cash Flow,191931,50,[turkish hip hop]
5Oo6D3FLRpWjgBn0mqfiA3,Yeni Türkü,412951,50,[turkish folk,turkish jazz,turkish pop,turkish rock]
4T83el9VQDI0zOyU9zcYNq,Soner Sarıkabadayı,786289,56,[turkish pop]
1fBcQOi8yEfWN7fknMoqIE,Patrice,151757,49,[french reggae,german reggae]
6I65kFgfXDWx56jwnip3TU,Hayki,262064,52,[turkish hip hop,turkish trap,turkish trap pop]
3aYxHPDvu8SETLVJBEUqld,Rober Hatemo,176201,48,[arabesk,deep turkish pop,turkish pop]
4d6eKLLJbe2ZeiL07Du7vB,Natalia Bonner,476,50,[]
0RkqytrwoGyXGvDiZwT6i2,Michael Andrews,29146,53,[soundtrack]
17aC1wctGme2P8YC6LVov2,Philippe Jaroussky,58121,45,[baroque ensemble,baroque singing,choral,classical countertenor,classical performance,opera]
6dn3wwfEYlRaQQUC8RLhTz,Maestro,68555,44,[new school turkce rap,turkish hip hop]
3ea1ZpptTqS5pwYYpQQVCo,Club des Belugas,86893,48,[electro jazz,electro swing,nu jazz]
521Yl3LUvD7G9dMRO4fpCy,Korpiklaani,356677,52,[finnish metal,folk metal,nordic folk metal,power metal,viking metal]
2fYdUIUPS7aDdWCzb8Aw2k,Aşkın Nur Yengi,501850,53,[arabesk,deep turkish pop,turkish pop]
533wb2q2kU814aFEWaIlG2,Güllü,284135,53,[arabesk]
2TUYtKan3NuDy9JexzL4db,Murat Göğebakan,169956,50,[anadolu rock,arabesk]
3hzijSzD6IwOV4SY2SiWQp,Hayko Cepkin,722121,58,[anadolu rock,turkish alternative,turkish alternative rock,turkish rock]
6ybd4tPF7McLj3BNhZavQi,Saian,217214,51,[turkish hip hop,turkish trap]
7GaMopkesD4KK9dNbgyO5D,Eko Fresh,304149,52,[cologne hip hop,deep german hip hop,german hip hop,turkish hip hop]
3OVWvBHwlq5w8iRJEBoCp2,Levent Yüksel,263257,52,[turkish jazz,turkish pop]
4i6eVyyyPdSryQCzO7GK0K,Cansever,234374,43,[arabesk]
1kOoLMi8Z7nDeIa0bSfM3N,Hepsi,155567,49,[turkish pop]
4FjxqqOXKI1eGLrYn3GUq4,Grup Yorum,422011,47,[karadeniz turkuleri,turkish folk]
4fxp616ALtFWnXfwxnjLzW,Antony and the Johnsons,296188,47,[baroque pop,chamber pop,melancholia,singer-songwriter]
49GY4uPAwdlk5lSGtfKWYl,MJ Cole,46812,50,[bass house,speed garage,uk funky,uk garage]
0JsEdbcbEnibDPxBNqLhMZ,Muharrem Çoban,41393,41,[]
6tRmpYzDIjWoRHzbJO7Cpx,Fuat,155200,47,[turkish hip hop]
37NqXwtb6nIEqRt4EJSoIO,Duffy,891814,60,[british soul,dance pop,europop,neo mellow,neo soul]
3PDMMt0Ip2WHysoAOEAdBq,Ca$his,64227,52,[]
187qoiisjzqvj3wsBWLotr,Leftside,12524,47,[basshall]
5PTDGbHPxxXf81RrubpIOO,Cutee B.,822,51,[]
0rHmlPHC63IGBTrtQEdDw6,Barış Akarsu,668372,53,[anadolu rock,karadeniz turkuleri,turkish pop,turkish rock]
2AhmWHekrahJri4f5e08Tf,Hakan Altun,632017,55,[arabesk,karadeniz pop,turkish folk,turkish pop]
6g7GF7BLC41JTHJwgB4wQW,Funda Arar,731070,62,[arabesk,turkish folk,turkish pop]
27sJOP3QjNbw349IrcROwj,Badem,267441,49,[turkish pop,turkish rock]
5vbtZfRJjn2QLhPhtYpiqi,Daron Malakian and Scars On Broadway,162832,54,[alternative metal,nu metal]
6bb9VI1PpPTEmdgcgjTppX,Mohamed Hamaki,3221306,54,[arab pop,egyptian pop]
2D5kO95AWEXMHRvqvCKb7K,Stegosaurus Rex,27022,50,[weirdcore]
2xjVYIMLS3nR5Y1UOr02Vb,FS Green,5113,50,[abstract beats]
6OkX55UMCw4Hgc5HM4zr7K,Ayọ,161799,47,[neo soul]
1ZsnHGOLYFg8CAHQQBc1ut,Richard Hawley,128846,47,[british singer-songwriter,britpop,chamber pop,sheffield indie,singer-songwriter,solo wave]
6RXvZtTyld421VPmJtLqkL,Fikret Kızılok,378351,49,[anadolu rock,turkish jazz,turkish rock,turkish singer-songwriter]
6XUob2lASlLLaavOTAw9Vb,Kreepa,8371,40,[viral rap]
6QwBhFIOXWri9BNtwoIlKY,Bernadette Carroll,19113,43,[]
2d6W4cnC5XsVOaxtgaj9hA,Eva Simons,87555,54,[dutch pop,electropop]
2ZMnWI3oIHyj7MyuZ99gvu,Super Sako,27564,46,[armenian hip hop,armenian pop]
0iC8O5ABswVUFiYwM94bu3,Madrugada,143940,51,[norwegian americana,norwegian rock]
7D7k550IB6EszWmzVVCJSK,Helena Paparizou,122255,47,[europop,eurovision,greek pop,laiko]
08j69Ndyx1P7RLO3Janb5P,Emilíana Torrini,181295,50,[electronica,icelandic indie,icelandic pop,icelandic singer-songwriter,trip hop]
5txAC0hwbFB09Nv8Y1hPJl,Cult To Follow,83726,49,[gymcore,hard alternative]
2NkpmkcWNxbWydBaETRfqT,Adam Gontier,22013,49,[]
492hDmhPyuIjP3MgTcIqgm,Caro Emerald,323051,51,[dutch pop,electro swing,nu jazz]
0z9s3P5vCzKcUBSxgBDyLU,Jonny Greenwood,139260,47,[british contemporary classical,british soundtrack,compositional ambient,soundtrack]
5NCKpzuowtihcIrIHFjKbJ,Nitin Sawhney,266442,43,[electronica,indian fusion,nu jazz,trip hop,world fusion]
1dp13r1d5Mp119KCR4BQvw,Ragga Oktay,8769,39,[deep turkish pop,turkish reggae]
0Wj6u7zMY2dOLkJGz62bEp,Carlprit,12107,48,[german dance]
2R1OELuSJzXjRm8lc8FjPC,Rem Digga,141773,52,[kavkaz,russian gangster rap,russian hip hop]
4CflzQprp6nZxKiv0t78tH,Mohamed Ramadan,999829,53,[egyptian pop,mahraganat]
1jHQI26XkjY8BHwvDnh9Jw,Raphael Lake,11125,47,[bossbeat,rebel blues]
3ewQZ4iDkC9CQzceitueXe,Paolo Pellegrino,1841,48,[]
7HLErdUiPhh7mg5AxVEAX0,Killa Hakan,263048,49,[turkish hip hop,turkish trap]
2Fu5huGG8iXC85P9akyYrr,Joker,154599,49,[turkish hip hop,turkish trap]
5Q26mEUNtBa8yfc3mVYqsp,Grup Abdal,93936,49,[turkish folk]
396gqBt8a2NN7gXtDWF7AJ,Ceylan,231628,44,[arabesk,turkish folk,turkish trap pop]
650blPhpj24aloFTk941L3,Umut Timur,246637,51,[turkish trap pop]
3ZOk6bDH8ORFWZUA4qvevR,Gio Pika,111056,50,[russian hip hop,russian underground rap]
5LtHZB7vU02HtNoOzNcVhc,Ramy Sabry,1139277,48,[arab pop,egyptian pop]
1gyBRbQACz4JJX2HRROigK,Giorgos Mazonakis,286111,53,[greek pop,laiko]
0G8zjE6SsFTlbglCkU8pm3,Starsailor,195149,48,[britpop,lancashire indie,piano rock,pop rock]
0JnNzCUsHuDcUcBatOzuGP,Sonya Belousova,16224,52,[soundtrack]
6lO3fSdhsdpeOcrbqAJsRU,Aero Chord,208421,51,[bass trap,edm,electro house,gaming edm,traprun]
1dyZDfHcTtUJjx0DFBcOvc,René Aubry,84469,50,[compositional ambient]
4Q3f2YYH4gQxWFS3WY5G3j,Soko,255955,50,[french indie pop]
6t7U7sYlVCtlMWzbecJcHd,Dhurata Dora,280069,63,[albanian hip hop,frauenrap]
1JV4iC1UhplRE8RFr8Q9n9,Paradis,144306,51,[electro-pop francais,french indie pop,french indietronica,indie soul,nu disco]
4vUAD0POkGvO6J9c9hv6qR,Lazy Jay,12619,51,[belgian edm]
0fwGtEcJ4v3H0btcbM0KWc,Richie Loop,4393,47,[basshall]
1peH5tSqnYm8W6Bo3I5egE,Kat Dahlia,294282,54,[hip pop,miami hip hop]
6qFEVczpjXakMuKcI5BBdc,Malukah,93517,47,[video game music]
1mpOD8ZwHnbsryIuXWq0R1,Zeynep Bastık,1651517,68,[turkish pop]
6dDaXbE1caD65TONToYXYx,Murat Dalkılıç,863862,56,[turkish pop,turkish rock]
1QZYklqR55tZ6b5mK4LD41,Kolpa,606063,58,[turkish pop,turkish rock]
4ESPwgMOkNWv8mZIfe2mdO,Tankurt Manas,487645,47,[turkish hip hop,turkish trap pop]
32d21ZV2sLX2sGdjefVMJg,Çağrı Sinci,76816,50,[turkish hip hop]
28bHkFlKKHHudmgvnfYpiJ,Deniz Seki,577471,49,[deep turkish pop,turkish pop]
0Aoou2kIWXrzTOfhFzmNqa,Halil Sezai,495311,51,[melancholia,turkish pop]
1K3hYM185V2bhs9iRzFpIH,Barış Diri,14677,46,[turkish soundtrack]
0HCkZtmMJLvUyWT5m0ojBX,Peter Gundry,144138,52,[rune folk]
3wRt3iJpZDOg73CTUkfv5C,SVRCINA,86086,51,[modern alternative pop]
5nlhxXs2Lgr8nH98jC26pw,Costi,13769,53,[manele]
2PIjtepywKZwGT0mZIumrW,Jonathan Stockhammer,427,48,[]
3vJCYheZF5PWUvTIykvNG5,Secession Studios,54684,49,[epicore]
6J2bFI9tQDWfPHjoKHKrOu,Yung Felix,111971,56,[dutch hip hop,dutch rap pop]
7COP1HCvVq1cIpZcLQYoNe,Bedroom,210601,61,[small room]
5KPJMJR9PCfMWSfco8i4W4,Alex Aiono,601232,51,[post-teen pop]
6q8cNe6Wif1WvM97vcFD8O,AaRON,120083,47,[french indie pop,french rock]
4YLcK0MEyqFkdyyzbPTWrs,Can Kazaz,333338,48,[turkish alt pop,turkish rock]
1tgfi3YYoeXKehnjKaMsOo,Nilipek.,318814,48,[turkish rock,turkish singer-songwriter]
18hpynG63scJYxOSDYHUVN,Burak King,772257,50,[turkish pop,turkish trap pop]
63RFns47gk00mnHIQ8zTR1,Pilli Bebek,396423,51,[anadolu rock,turkish rock]
2crPPfVdmrxn5yUHLQVqOI,Ceylan Ertem,545715,49,[turkish alt pop,turkish jazz,turkish pop,turkish rock,turkish singer-songwriter]
2q3GG88dVwuQPF4FmySr9I,The Score,1160674,71,[modern alternative rock,modern rock]
2mcNCn1qbZUQ3J9KHapUxj,The Dø,352582,49,[french indie pop,french indietronica,french rock,rock independant francais]
2fJb06JRcuBWypwj46TQZj,Armand Amar,61984,49,[compositional ambient,french soundtrack]
5z275L9haKWG328mm7UFd3,Richard Judge,3356,51,[]
6QyO41KctzGc70mVaVnXQO,CLC,1158181,53,[k-pop,k-pop girl group,korean city pop]
6nHDuiu6PIpfWt6DswQHvL,Alpa Gun,184116,47,[deep german hip hop,german hip hop,german underground rap]
2GH5uRMxmuAWn90B8DEZU3,Pham,59039,51,[bass trap]
1cH0i2n6YLrWFDDemqztay,Henning May,73458,53,[]
3HUXmgW0AIko5psVtQmqWE,Jimmy Sax,136492,53,[]
1FCJ4zmRfkGUOtY65Jettg,Victor Démé,25643,50,[afropop,burkinabe pop,mande pop,world]
4wO1Ld1CKjm4vFMNUn7E7k,Jordan,40882,48,[cumbia chilena,cumbia ranchera]
60J5TDNg9Xxp9zxDXpBOjM,Alicks,43170,49,[lo-fi beats]
7sTKZr30LqC928DZ5P9mNQ,Heilung,441763,55,[dark folk,rune folk,viking folk]
4sldxVDeyb0J8OMoYApqfV,Kalben,690928,63,[turkish singer-songwriter]
3uW8VB9ixiNMAJBm7ZsBVT,Redd,286936,55,[turkish rock]
1UV3ii5FWWXF3jkZVeA2bb,Haluk Levent,1340810,54,[anadolu rock,turkish pop,turkish rock]
1063YgLGlWU0JM26pOnrnv,Tuğba Yurt,621849,54,[turkish pop,turkish trap pop]
0JnDkp29FlLpGwsnub400t,Kamufle,151396,45,[turkish hip hop,turkish trap pop]
4EJYpvhyY4gO4rjEeitXLa,TNK,316418,49,[turkish pop,turkish rock]
7EJB9F3fv0x2ezht730D7F,Burcu Güneş,405169,51,[deep turkish pop,turkish pop,turkish singer-songwriter]
3r5UA1Z5M9M5oL8L1InzwZ,Çocuk şarkıları Superstar,17965,50,[cocuk sarkilari]
51o6QF11Nswx5jMlp6rAL8,Dr. Fuchs,100276,49,[turkish hip hop]
2DJNQjrMqbyGFax9mgHm3f,Özgün,424176,51,[deep turkish pop,turkish pop,turkish rock]
3NTPcAWlpWNQoAtSIdIzVi,Mustafa Taş,42564,44,[oyun havasi,turkce remix]
4qnzPGHsE9STa7FIKhBhpT,Gülce Duru,4136,46,[]
3QLMLmISoZnFxUdzSoT6JB,Gökhan Özen,451286,49,[deep turkish pop,turkish pop]
0NSO0g40h9CTj13hKPskeb,Ibrahim Maalouf,279672,54,[arabic jazz,french jazz,jazz trumpet]
7KGI0OwY8iAL5rI5p47YyK,Tora,101126,56,[indie soul,vapor soul]
2WMIMX93pQyfyAF2J2r1ID,Veorra,96728,44,[bass trap]
5LuLeXlnT2jFxbx7Cg7j88,Ady Suleiman,94555,48,[indie soul,uk contemporary r&b]
2408j875K0AESndCiOw5UO,Priceless,8615,47,[dutch hip hop,dutch rap pop]
3vR2NY88rq6Mqlv7Gywbun,TAOG,5834,47,[]
0OQeMFqoRD5clB0cPYVbxY,Ballaké Sissoko,40882,45,[afropop,kora,malian blues,mallet,mande pop,musique mandingue,world]
0oxqy1B5Cfc2Ir24IQt3vs,Kelvin Wood,3945,45,[]
6g878dtAhjegRHVe5X0ALf,Bryce Fox,144483,57,[modern alternative rock,modern rock,rebel blues]
7vWBZm3sQ8yQvfV4nXxHXK,Cris Cab,68368,47,[indie pop rap]
5344K3N7rx7kw1HjO8psuq,James Carter,27700,70,[covertronica,edm,pop dance,pop edm,tropical house]
4OTFxPi5CtWyj1NThDe6z5,Weathers,248283,58,[alt z,modern alternative rock,modern rock]
7xB7TQUAeFWgqdkhGiArgZ,Christina Pluhar,27047,46,[classical performance,orchestral performance]
4RzbexUO843fc5SLqKEQCr,Aaryan Shah,101998,64,[trap soul]
3S6gaE89XewFAvZqsMuJDJ,Norm Ender,1731652,56,[turkish hip hop,turkish trap]
7ouCgJkxRBIJljUiQVJK65,Sokrat St,308546,54,[turkish hip hop]
35ngoeYRyOveM0rPvahkot,Ekin Uzunlar,264393,52,[karadeniz pop,karadeniz turkuleri]
7pUjWNH0hKYpRzWDdNLzAi,Büyük Ev Ablukada,313204,51,[turkish alternative rock,turkish rock]
6hypPYDPSsgioRRfBXve38,Gülben Ergen,735638,52,[arabesk,deep turkish pop,turkish pop]
70Ya7DKJEo20SAkxjirYnu,Zakkum,871476,60,[turkish pop,turkish rock]
0Fd2y4arCJPyGqNkZDq2vZ,İbrahim Erkal,521028,50,[arabesk,turkish folk]
03YhQQYWzaAU3HAQAJzIHG,Kâzım Koyuncu,1062532,50,[anadolu rock,karadeniz pop,karadeniz turkuleri,turkish folk,turkish jazz,turkish rock,turkish singer-songwriter]
48CUA59SDed3IdCctKndud,Volkan Konak,368950,51,[karadeniz pop,karadeniz turkuleri,turkish folk,turkish pop]
0yL545lRAjDEFeDBPdxDtd,Ankaralı Namık,196817,49,[arabesk,oyun havasi]
5zkh6MICzIQIUoA9NfZpBx,Şevval Sam,349535,46,[karadeniz turkuleri,turk sanat muzigi,turkish folk,turkish jazz,turkish pop]
2wswrLV1o19frClh3pHxws,Bilal Hancı,445635,50,[karadeniz pop,turkish trap pop]
6qg3g0aneq4tOJgpzIuEmT,Nigar Muharrem,617751,52,[turkish trap pop]
1tnX93BHWyMdBSLhwAzo1j,Mudi,300052,58,[german hip hop,turkish trap pop]
235rIOpga6eYnAP03JD444,Amorf,35999,40,[arab alternative]
7qF6NAMsPdmVz0o8n5v1Ht,J Swey,18734,53,[bass trap,dark trap,viral rap]
5TkylUv5ysSbNoawmn3PBj,Agar Agar,198090,47,[electro-pop francais,electronica,french indie pop,french indietronica]
5INSKpcDpSbntKDXkJmoff,Kordas,1661,41,[lithuanian hip hop]
44T03OWDUjwDgg4IYgFCWi,MARUV,278628,45,[russian pop,ukrainian pop]
2sf28o6euxEDpYkG9dMtuM,Cartoon,182551,62,[gaming edm]
4GoD5FJCgC0lbzde7ly44M,Biig Piig,210698,60,[alternative r&b,indie soul,modern alternative pop]
4xt0qH1NubQexyAzDa9UlR,Castion,13389,47,[big room,future house]
5WoWlP0ihSFIxnppxjwSgE,Low Roar,239300,54,[icelandic indie]
4BaLB5aiExO29BEGVUisru,Be Svendsen,101731,48,[deep euro house,organic electronic,organic house]
6lWfCJxyX6jAQVQbhLLOPY,Franklin Dam,1371,46,[]
3yQP3LX8hoBRipj8eK7xmE,The First Station,10856,42,[russian edm]
0iAOXvEDIMaAWPP5Ur0fYF,Joakim Karud,108149,45,[chillhop]
71KlQX0q5wz5f9iytwPfou,Graham Candy,27700,54,[nz pop]
1EtBmvqGOtWnjDgCUFQRqI,Rolipso,8833,56,[covertronica,slap house]
5NlA3ayVBDY3uDCCEZ1dID,Rook1e,103337,55,[lo-fi beats]
0SXgKLNtpIrH29F1vMRWzj,Tarro,27293,59,[]
7p1fL0cAuCPDMG6oBswFhM,Maretu,304395,57,[anime rock,vocaloid]
41kcR4JVrpn1xifg8lM2Fu,Stoto,30895,49,[groove room]
4Tjvp7fDrim8wlo9fDgqGx,Svniivan,2842,43,[]
3p2pMpzDerhMR4w2xZyHWg,Rosenfeld,82996,55,[]
54tv11ndFfiqXiR03PwdlB,Adam Melchor,88380,56,[indie folk,indie pop,new jersey indie]
3nOQJdlPEzFVhTEzxwcGax,Sophie Hunger,101385,54,[swiss indie,swiss rock]
6BOprAXvUTWZjImX2dFdEa,Nikos Vertis,338672,52,[classic greek pop,greek pop,laiko]
4yanWaefFUJnIUV0aITdvV,Florian Christl,20220,52,[neo-classical]
6m9a3tDNWDe6bVR2csIjEv,Whilk & Misky,82335,48,[uk alternative pop]
1psakk7GVUl85AnTEvwtk2,DHARIA,158954,54,[]
5nki7yRhxgM509M5ADlN1p,Oliver Heldens,967465,70,[dance pop,edm,electro house,future house,house,pop dance,progressive electro house,progressive house,tropical house]
6RQDTlies3nrNDJwXvbBZT,Otilia,194695,53,[romanian pop]
77xr1BNiH6bg7sV7ufnFhe,Eneli,6476,47,[romanian pop]
38wxcfNEqMwuPniHvplin5,Neoni,165376,68,[alt z]
6o7TsOGOEF5Mqpiz2KCyWE,HammAli & Navai,985239,57,[russian hip hop,russian pop]
3xhksfxjNLUAyxUdijvk4x,Kalibwoy,8443,51,[dutch rap pop]
5Ho1vKl1Uz8bJlk4vbmvmf,Amelie Lens,466128,48,[acid techno,belgian techno,dark techno,electra]
4ABfGQhx7kTXCFbxvlLtlO,ジミー,15827,46,[yaoi]
3dkW1L7GIhispeiHo9uzM8,遠野高志,70344,46,[yaoi]
6fynenqBn7lrlAgVCw5YnB,Moderator,59849,55,[greek downtempo]
2sjnyyL9NXijL3Fr2eLikf,Aspova,341837,58,[turkish hip hop,turkish trap pop]
6h5P3J0j1x2lhiDk9w4deZ,Eypio,1173858,55,[turkish hip hop,turkish trap pop]
3nF0yXDatdq9xV279nEs5X,Kahraman Deniz,843594,60,[]
0w92tV1EQp7sxly7UjGR4P,Evdeki Saat,317947,58,[turkish alt pop,turkish alternative rock,turkish rock]
0j5kVHxvTgUN4nBIPKCLRJ,Never Get Used To People,35061,51,[weirdcore]
34LetYSjEuG2fBb4Z8PwPg,Pashanim,370824,72,[german alternative rap,german drill,german hip hop]
3YygU1SuVx6bJVRrlE0WUL,Peter White,55503,45,[italian indie pop,rome indie]
5yhN4qXpv9cghmJglovvmg,Cem Belevi,445337,51,[turkish pop]
3B6Y5J77CI7KffJy2FlTP3,Elyas & Taha,121962,49,[turkish alt pop]
7A6T0nTpXnPXDUGM1yEjEj,Derya Uluğ,838687,60,[turkish pop]
5gs9qloTR5m6dM0ScMty3H,Rafet El Roman,728867,53,[turkish pop]
5UqZ7BXoccyvTHyXLk1Pk3,Kayra,32903,48,[turkish hip hop]
0ylYRIvKTpv9uvTfKbYjM0,Mehmet Erdem,591408,48,[turkish jazz,turkish pop,turkish rock]
1fCfko2pBGowIzqjakqxF8,Arda Gezer,32034,42,[new school turkce rap,turkish hip hop,turkish trap pop]
0J7kxhnyiFpd0NArVYvexR,Ali Kınık,169631,49,[arabesk,turkish folk,ulkucu sarkilar]
01GsQzZqKa4M0j3CJ9BF13,Ayça Özefe,67790,49,[turkce slow sarkilar,turkish alt pop]
7eeDZp8E4iKFEGneV7ztWt,Eglo G,1025,40,[]
1B4KdcJA6Dh1MlAiezqc08,Zara,308453,49,[arabesk,turkish folk,turkish pop]
7BCcSXMFEzcharu4oXag9d,Birkan Nasuhoğlu,76741,46,[turkish alt pop,turkish alternative,turkish rock]
2Uxd5x92nW0Q06DoHcpSBJ,Enbe Orkestrası,10786,45,[deep turkish pop,turkish pop]
6rxgxAlUPT4sDElRZeVec6,Evrencan Gündüz,79242,44,[turkish jazz,turkish rock]
4cKccE5LtINGKLAe0wd8pc,Rozz Kalliope,34143,42,[turkce kadin rap,turkish trap]
56g1u3Bu0S5072aksxyBei,Atiye,411984,53,[deep turkish pop,turkish pop,turkish rock]
7HIccJjwPhWkLVKu0gGJgB,Erkan Oğur,221564,44,[ney,turkish folk,turkish jazz]
60MyIKYA3yY1lGNroaZIgT,Bahadır Sağlam,78875,48,[turkish pop]
5YP7LI1ddSh4JFYe03h7ue,Mert Şenel,49395,44,[turkish trap pop]
6SSmy635N3a4oWmPk85xpK,Brennan Savage,362542,61,[dark trap,emo rap]
4SGDDnlwi5G42HTGzYl2Fc,2WEI,205452,64,[epicore]
2r8iLFeSTuOiZualHmSXxS,Patron,1107214,63,[turkish hip hop,turkish trap,turkish trap pop]
2aZlYOswKNlrwqpuTsckKd,Madrigal,741307,67,[turkish alt pop]
4MUb8ilmrxyePXwSkG31lC,Canozan,334544,62,[turkish alt pop,turkish alternative rock,turkish rock]
1iJrQKRh5aJnp6cG5lpITr,Khontkar,829678,57,[new school turkce rap,turkish hip hop,turkish trap,turkish trap pop]
2kS0jWMkkFBL0mrl0VotD0,Ben Fero,2539792,59,[turkce drill,turkish hip hop,turkish trap]
4HSiNCPhdU2snKaVJytlUM,Zen-G,174018,53,[turkish hip hop,turkish trap,turkish trap pop]
7CW2eGwAuElNq09rVtZYsM,Sena Şener,507397,63,[turkish alt pop,turkish modern jazz]
4m53kPdPFJpnF0qcJqfwNB,Rota,184230,56,[turkish hip hop]
4q2SZIdLq6YTc9cZLCclWc,Son Feci Bisiklet,933089,61,[turkish rock]
1HsQw7SuwmxSH4r2aqF9DB,İkiye On Kala,1034684,58,[turkish rock]
5G3OUmDl3R4rEn9zSWZTpw,Lia Shine,179008,60,[]
1dvuibBCx9TnbCKIdOEF4l,Sedef Sebüktekin,221832,59,[turkish alt pop,turkish rock]
2QslFlDyZVpLYwfqyRDkNs,Onur Can Özcan,1088089,61,[turkce slow sarkilar,turkish pop]
6hxb4rGrYXtrAZbUK7uzt9,Sansar Salvo,366327,54,[turkish hip hop]
0ZRQKFaYGEtbLc8NbyICoe,Deeperise,322895,58,[turkish deep house,turkish pop]
5rBUMBV7L6zPsEKnlgiOm9,Yener Çevik,665476,57,[turkish hip hop,turkish trap]
4288qdlAVsCLojIMDQLuC9,Gökşin Derin,125334,48,[huzunlu sarkilar,turkce slow sarkilar]
0KOSzgkMlkeowt1tgIg6ca,Heijan,937975,64,[turkish hip hop,turkish trap pop]
7JrZbwBSIfKcc2gn1Xa4Bd,Jabbar,53509,57,[turkish pop]
1nYAWraDzyys1GsAfqzj7q,MEG,282829,45,[]
1hgaXjbAcED2p80Lj8dzXT,Canbay & Wolker,1101575,58,[turkish hip hop,turkish trap,turkish trap pop]
2frMmYVNhfh2cp6FDAFtgO,Rope,117497,52,[huzunlu sarkilar]
7yiLonxrJVgZKSbjo0gh6V,Bayhan,30487,49,[arabesk]
0cjA9XY1jx3RlniZbMkCWy,Aydilge,446664,52,[turkish pop,turkish rock,turkish singer-songwriter]
4StjyzjcmZ7a9QncHVf0pu,Simge,750214,65,[deep turkish pop,persian pop,turkish pop]
6BPzJMh8hXyURWbYwE2p1h,İsmail YK,124093,50,[]
4Y5rVLkZSUboJaSdiEn4bs,Hirai Zerdüş,125898,54,[]
2FxIS6uj3aDXwHBU1Y2mBW,Yasir Miy,77586,47,[turkish alt pop]
7MZj0XxqxlCZPj6JsMQq0Z,Feridun Düzağaç,736696,51,[anadolu rock,turkish pop,turkish rock]
3G0XxE8TxeByKXgwtmVE8n,Heja,59011,51,[turkish hip hop]
55EarwWraRQY9diMo9Oeul,Deb Never,72071,48,[indie pop,modern indie pop]
7AbQo3tDp5SYr5ctDcNC21,Wavelab,158,50,[white noise]
57nxKbKZ4Uc9jzTkcCfRRq,Beat Oven,1837,43,[study beats]
3Tv1UzQAvn0v0hKTxisXnR,Kaito Shoma,73077,63,[drift phonk]
2JbE7jUIGtpXSzytnyMg6U,Curtis Waters,80128,53,[]
6dwm8MR9ofk42CUiRcdaKu,Benjamin Cambridge,1330,46,[piano cover]
75RLThQWzIgIM7Jtp6KZic,$atori Zoom,73357,59,[aesthetic rap,meme rap,viral rap]
22hWz22JAmIhIEp0u1X01L,DUSTY LOCANE,328149,68,[new york drill]
7f0OLhGgBMX9fUjm1dcPip,Alice Merton,321391,57,[]
2HPYUQ6GsPbZHvkyYe2jdm,Shawn James,235313,53,[midwest americana]
6dO0RkhFhjMwLtLQqNgL8r,Issam Alnajjar,72613,52,[indonesian viral pop]
6pWTPhk1AtVfNmkaeXXVpD,El Gran Silencio,927782,58,[latin alternative,latin hip hop,latin rock,mexican pop,mexican rock,rock en espanol]
7GgpsUpkj3olseoaTY7TEY,Elodie,548560,64,[italian pop]
7M75Am5m6J934JSviUOGz0,Rubén Albarrán,5736,56,[merida indie]
0e7Xsukwik0zDaqCcSvJTg,Prasoon Joshi,624,59,[]
6pU5oz09VUYtnFTd4P1Mxn,Ranjit Bawa,4299330,56,[desi pop,punjabi pop]
6xElGyunMSlnuJ2vabDUWA,DJ Khushi,1322,49,[]
2Gl3Sy0B1rtWvBURrOf6Gi,Diego Herrera,361341,51,[banda,musica mexicana,nueva musica mexicana,ranchera]
6VuxycWaTHHrz5ZP5sNSsd,Yamazaru,195763,49,[j-pop,japanese teen pop]
53UpeT3katrOaJmhSiRp2a,@atutowy,4998,65,[]
4HrkLxQHZ5mgCtIVpiH5QX,From Ashes to New,295724,58,[alternative metal,post-screamo]
0hk4xVujcyOr6USD95wcWb,Sick Luke,195570,63,[italian hip hop,trap italiana]
0Hy64cs1zgdUHVxhbIwYTJ,Fruits of Lips,64,0,[]
14Gi3Uph96lpNB3utkoVAD,Hard-FI,166624,46,[alternative dance,britpop,modern rock,new rave,rock]
4xnihxcoXWK3UqryOSnbw5,Sasha Alex Sloan,1188200,71,[alt z,electropop,pop]
0ZUvK7zGdXLd78mQr3t1Tw,Ricky Montgomery,1305452,71,[indie pop,la indie,pop]
1WLKjYJX9YHSlwufclauhg,URBOYTJ,774955,52,[thai hip hop,thai pop]
4otJVkrLLqDF8OxFJOigme,Mavi Gri,589259,67,[turkish alt pop]
0rEuaTPLMhlViNCJrg3NEH,Beast In Black,206060,61,[finnish heavy metal,finnish power metal,melodic metal,power metal]
59E9dYtwLTUAGuAppwFKAW,Cherrie,43551,51,[scandinavian r&b,swedish dancehall,swedish drill,swedish hip hop,swedish pop,swedish trap pop]
4HVffUWlHdRmS5dpOvDVyJ,LILDRUGHILL,76735,46,[russian hip hop,russian trap]
2ZbyyCS8KLKsuoNlxc76Ev,Ude Af Kontrol,81323,53,[dakke dak,danish hip hop,danish pop]
4nRJJWVfbPAULHZl7VYVE8,OLEK,4443,50,[polish trap]
4ivFOCSoFSwxPXQawDqylT,Rotlaus,39643,51,[norwegian country,norwegian pop]
1silJqJQfrrZNFvWWjAyhh,Tymek,839915,62,[polish alternative rap,polish hip hop,polish pop]
37BIBvfliXJpSgn10yQUJM,Mr. Naisgai,2026,61,[]
2hPgGN4uhvXAxiXQBIXOmE,KIDS SEE GHOSTS,894425,62,[hip hop,rap]
2UlXIWBLOjskz5esa7ec2j,FAANGS,2694,40,[]
6B1foTh2pK3K4MKQzYaKRu,Original Broadway Cast of Mean Girls,18167,52,[broadway]
6i3DxIlAqnDkwELLw4aVrx,Lele Pons,1182028,61,[latin pop,viral pop]
7oWrEQO1d3klp0Qrfh7a5h,badmómzjay,299256,65,[frauenrap,german drill,german hip hop]
5UjifI1TYefXWn9GdqDOHl,Social House,140206,65,[]
5wyWp867LWGjFmYZXVSFnZ,MERO,1987618,65,[german hip hop]
5SXuuuRpukkTvsLuUknva1,Baby Keem,1099047,79,[hip hop,rap]
7kXCcNRLEnblbTAppPraBp,Milly,45589,54,[dominican pop,reggaeton,reggaeton flow,trap latino]
1WXbiUMl1AT9Inb619xPUg,BIN,1339079,70,[funk carioca,rap baixada fluminense,trap carioca]
5gqmbbfjcikQBzPB5Hv13I,Gazo,769282,78,[drill francais,rap francais]
2zWqENF4cnsd1nLmraG9IE,DJ Lucas Beat,428524,68,[]
25XJqeReVV38w0tR04GGBd,Mainstreet,227881,77,[trap carioca,trap funk]
3JSSjGYcIkgsrz7892CelT,Ed Maverick,2367576,72,[chihuahua indie,indie triste,mexican indie]
6lly2jn9MqaxaWRrkEzOsJ,John Sinclair,47956,58,[hoerspiel,writing]
3J7r4VsNmuWixU0nXvyPd8,Kalash,482489,64,[french hip hop,pop urbaine,rap antillais,trap antillais]
2JLl6rSFWx9YuSPLcLhkAG,Julian Perretta,30595,59,[francoton,uk pop]
02RgHAzh0DVNQR24lBuGOI,MC Marley,45143,43,[brega funk,funk carioca]
2vdi5RS6XV5Qy7J5GgDqgn,Margarita la diosa de la cumbia,286807,54,[cumbia sonidera,ranchera,tropical]
2WhoMc7XqIzVXWbQqSoqe7,Kahitna,837676,56,[indonesian pop]
6px2zTzjQAPLkuea5qQ2Gx,Boulevard des Airs,185119,48,[francoton,french pop,variete francaise]
3UlOKNAlGyi7POSE9kyhfR,Adhitia Sofyan,326551,51,[indonesian folk,indonesian folk pop,indonesian indie,indonesian pop,indonesian singer-songwriter]
77iZVjeYoYSl5P0K9mIiUE,Haze,6604,58,[latin pop]
1YwMnnHvnG64fJxYSVwmN6,Branco,62064,59,[danish pop]
02Tq76MwpeoRu3BHIAiaio,Yura Yunita,1111000,68,[indonesian jazz,indonesian pop,indonesian singer-songwriter]
2rwLjVHS15sfzciKXXNbgA,Yiyo Sarante,419089,64,[dominican pop,modern salsa,salsa,tropical]
1eLxAzPSnsl03ajNNihddF,Jayh,83627,56,[dutch hip hop,dutch pop,dutch rap pop]
3sW41aChSc5bBow0Folc1S,Sarius,306461,56,[polish alternative rap,polish hip hop]
1S4ASTDQvMwm6jP95pIsYB,Mc Kelvinho,717597,62,[funk carioca,funk consciente,funk ostentacao,funk paulista]
5cvT1YrzMiVuHMg22UKIk5,Reino Nordin,43293,47,[finnish dance pop,finnish hip hop,finnish pop,iskelma]
79iLUmzekfn37nPHuM09uq,Sternenschweif,26911,48,[kleine hoerspiel]
7afPAbg5jb45KFUSnHIMFG,Lanek,86037,67,[polish electronica,polish hip hop,polish trap]
5ictveRyhWRs8Gt8Dvt1hS,The Front Bottoms,585275,64,[asbury park indie,emo,modern rock,new jersey indie]
79Xztd6s33dW9S4V0f4NsQ,Water Sound Natural White Noise,2951,61,[sleep,white noise]
3luonLzvSOxdU8ytCaEIK8,IC3PEAK,920079,60,[russian witch house,viral rap,witch house]
2TAqN8fwfaKauvviN4pOsv,JC Stewart,77265,59,[australian pop,uk pop]
7jEEE187pVG6InOxn03oA5,Benjamin Ingrosso,158721,64,[swedish pop]
2jmpnuwn52LqrQASBlyQGJ,Mine,60610,48,[german indie,german pop]
5RM955coCWa6UkFtlMapwC,Tim Montana,27638,47,[redneck]
1anAI9P9iSzc9qzLv6AtHZ,Sure Sure,106803,57,[indie pop,indie poptimism,indie rock,la indie,modern rock]
6NUBt2nj5uT4iLLTIMRxra,Duit,3578,48,[polish electronica]
7J2gs5q2wLq6lU4q4wkyuV,Momina Mustehsan,542452,60,[pakistani pop]
2jn9JOmdrR9BdiR1LTvYG4,Boy Matthews,3085,48,[uk dance]
7fT2Me47PQ8T7954PKrcwR,Bhavi,996663,66,[argentine hip hop,trap argentino,trap latino,trap triste]
0vqJkZ0RpLZixt3lTmD8vP,Whethan,249705,62,[edm,electropop,hyperpop,indie poptimism,tropical house,vapor twitch]
6BH1xcDkwbbyrLMUKECsW1,Toosii,689074,65,[north carolina hip hop]
57SA5Qv24Vydwd6bJnV8fI,Kid Trunks,291550,50,[asian american hip hop,dark trap,underground hip hop,vapor trap]
5gWzmnHTLNXz5CjOc0wAuK,Romy Dya,3740,52,[dutch pop]
2tOS3f6iaWspDI0WUowsZI,Tiscore,1920,50,[]
4GNC7GD6oZMSxPGyXy4MNB,Lewis Capaldi,9991798,81,[pop,uk pop]
7ltDVBr6mKbRvohxheJ9h1,ROSALÍA,6118426,86,[r&b en espanol]
4k1cMkJjG3UCRptckbpAnC,French The Kid,125962,64,[chill drill,melodic drill]
3brvz8iY9RVIbbM8KDb3hH,Hadestown Original Broadway Company,21444,58,[broadway,show tunes]
4Y5HJP3oFOJ8UVBXHYWBgx,Tiro Loko,19639,55,[mexican hip hop]
0WCCipy2qiobvuygnTMdkC,tender spring,6204,57,[]
6fOKLk8GmQ8xKogCRuuAwD,Teqkoi,99239,62,[lo-fi chill,sad lo-fi]
0hMbS7DvRkVNTnrCMeUUAX,Snuggles,5105,47,[lo-fi cover]
14jVHWj9dqpLhs8hHEMnyJ,MC 2jhow,3971,47,[funk carioca]
3nViOFa3kZW8OMSNOzwr98,Queen Naija,2486354,64,[pop r&b,r&b,rap,urban contemporary]
6n4SsAp5VjvIBg3s9QCcPX,Masaki Suda,1734899,60,[anime rock,j-pop,japanese punk rock]
2h1EEQ0lD01lPKDRGisvL4,Tuğkan,1362341,62,[turkish pop]
2KC9Qb60EaY0kW4eH68vr3,ITZY,4788092,73,[k-pop girl group]
51DevdOxIJin6DB1FXJpD1,UZI,1955893,77,[turkish trap]
1GAymyGBvB4gQy5Z5LZ1Wj,Lalo Ebratt,1825131,66,[colombian hip hop,dominican pop,latin pop,reggaeton,reggaeton colombiano,trap latino]
2kCO8LXN1usaOPL3iEE28I,Tai Verdes,627288,71,[modern indie pop,pop,pop rap]
1SiLK8gdECx2iEm2SSj0Bl,Ak4:20,573493,68,[urbano chileno]
1XLWox9w1Yvbodui0SRhUQ,StaySolidRocky,160841,60,[melodic rap,viral rap]
0Yr4BBpK2dkCp2UsrJ9LZN,Bankrol Hayden,485571,64,[melodic rap,viral rap]
24ljrnVUlUZ2apxF6GZsrm,Elephant Kashimashi,277207,49,[classic j-rock,j-pop,j-rock]
6TcTgRYJBQzadIFeXXWA3I,Andrew E.,224015,50,[classic opm,opm,pinoy hip hop]
6DKmuXxXASTF6xaJwcTfjv,Spiritualized,219534,45,[alternative rock,art pop,art rock,britpop,chamber pop,chamber psych,electronica,modern rock,noise pop,shoegaze,singer-songwriter,spacegrunge]
1vlz5PDUCNuZJeuJoufQkN,Ogie Alcasid,486341,47,[classic opm,opm]
4QwB1zntRnSrgqcqqnDwAX,Czech National Symphony Orchestra,1965,47,[symfonicky orchestr]
7fihhreD4v29FQsWykhCJm,Freddie Aguilar,201678,49,[classic opm,kundiman,opm]
1JuelnhfAFnrPRqGk2wH2j,Nike Ardilla,628064,49,[classic indo pop,dangdut]
7unNuvk3OEqGmegHTaxRA9,JUDY AND MARY,583465,52,[anime,classic j-pop,j-pop,j-poprock,j-rock]
65kpH75MFCBJhLy7qvVl6A,Aegis,208217,46,[classic opm,opm]
6UxYW4p6OoRf85fNMupsfV,Ronan Hardiman,21053,48,[celtic,irish dance,new age]
3NRXKeatDxKe4apH6XawKX,DA PUMP,339804,46,[j-pop,j-pop boy group,japanese dance pop,okinawan pop]
3yzQHdj9G34CVZ5rVUDrOM,Crystal Kay,282950,48,[j-pop,japanese r&b]
3WYT2b8pOLsLsqSaoWYr7U,Sodagreen,419843,55,[mandopop,taiwan pop]
26WuprsX7JRG69T0PXkze4,Quruli,299927,50,[j-pop,j-poprock,j-rock,japanese alternative pop,japanese alternative rock,shibuya-kei]
0aD7NQx7yauKlVDnqOxk6q,AI,705948,52,[j-pop]
5O6t6gb6MeNqzOBAq1oLad,globe,305432,49,[classic j-pop,j-pop]
3AroL2oDPiAnMpTmIQv3KP,Cyndi Wang,278387,56,[mandopop,taiwan pop]
0llYwFIMgF9Jzmp4ZY7wbr,KOBUKURO,1164547,53,[j-pop,j-poprock,j-rock]
0mxcC38vLiMEP8g4MVNhO4,NANO,94125,48,[anime,j-pixie,j-poprock]
29D4iRqjepAsZt6o5hccND,Miliyah,469600,53,[anime,j-pop,japanese r&b]
7DW4ijH3n36QN0RlC0n649,Angeline Quinto,560629,53,[opm]
5XQSLo7FpTb3FJ69O7y2ur,Alessio Bax,2972,45,[classical piano,italian classical piano]
6XtWdWAC7rNqXwbs8hGqP9,Kay Tse,183933,50,[c-pop,cantopop]
1bmqi99UHMUsIQVZDx4dAn,DJ RYOW,37654,44,[j-rap,japanese trap]
02uPe16VFxPaiueQsPEDkE,The Album Leaf,150557,46,[american post-rock,compositional ambient,post-rock]
6gvA9QkTBrrVgC61J4YaA8,Fade2Black,3978,54,[indonesian hip hop]
6RQyog3L4JlA8t8Bf56otE,Potato,653549,46,[thai pop,thai rock]
1NU9Em6e8dDo36Js6nEo3t,A Rocket To The Moon,415622,52,[alternative pop rock,neon pop punk,pixie,pop emo,pop punk,post-teen pop]
7CifQjntMwkU4kfV85zTnS,Def Tech,256707,48,[j-pop]
3nZa8vRD64ueq3d0JNYTsl,6cyclemind,1035894,52,[opm,pinoy rock,pop rock]
6fTuDQJqqMDrrEXSFmgyJt,Hauschka,62130,46,[compositional ambient,drone,german soundtrack,neo-classical]
7z9oTDasH4sBISUE2Hxrki,Da Endorphine,369903,53,[thai folk pop,thai pop,thai rock]
6NtwaHZLhTUvERKFbFqu8S,Masayoshi Soken,54034,54,[final fantasy,japanese vgm]
1kgpTcXkeXeImymThm78ZB,Leyenda,1322,38,[background music]
5ydDSP9qSxEOlHWnpbblFB,Sambomaster,299037,52,[j-pop,j-poprock,j-rock]
4QvYFzlTFZFg2904xx8gOu,Ariel Rivera,324365,49,[classic opm,opm]
7b4mucf6X53D3pEaY1jWl6,Bondan Prakoso,560352,54,[indonesian hip hop,indonesian pop]
6oM1PyiV3LidEUIHKubg3W,Melly Goeslaw,1063676,56,[indonesian idol pop,indonesian pop]
2vRToyl7mxoVbwwSsRBXAM,Letto,684900,54,[indonesian pop,indonesian pop rock]
6YlGm6QDrC3TOknYcHjt62,Juno Mak,91992,47,[c-pop,cantopop]
2zwGPEFviyaICCDiAWxLjy,DOES,94048,47,[anime rock,j-pop,j-poprock,j-rock]
7lIVjtsgz0y1oRQFBAVNzq,Mayonnaise,941910,57,[opm,pinoy rock]
45JvI0rkPkFFL14Cj0eput,Toshinobu Kubota,78328,50,[classic j-pop,j-pop,japanese r&b]
5VLVogbPeBgFHXQPZQzBej,JUJU,879530,53,[j-pop,japanese r&b]
3cbd5GWGOknxmFAe77MDbk,ELLEGARDEN,478050,55,[j-pop,j-poprock,j-rock,japanese emo,japanese pop punk,japanese punk rock]
09toGEEhpusLyZ6Nk9AmRf,ST12,791835,57,[indonesian pop,indonesian pop rock]
76VTagPgPgPlFE7hfjT0Zt,Bodyslam,881297,48,[thai pop,thai rock]
4eWvHAcWh3Hq6DYJ9K3mD4,Laura White,5879,55,[talent show]
7sl3PZyhzAqUpL3M6WVD8G,Kazuyoshi Saito,377352,52,[classic j-pop,j-acoustic,j-pop,j-rock]
6rmMpoeu2SIV4OLURCOn2e,SS501,224216,48,[k-pop,k-pop boy group]
0EK2nCt5jxbkN2HCmtKy4V,Fafaq,3569,46,[progressive uplifting trance]
3nVeK8gQChVtVCCjGreal2,Tim Halperin,29311,51,[acoustic pop,indiecoustica,neo mellow]
0kRAKgEOVI43Qkz9PLmPt8,Bugoy Drilon,267355,47,[opm]
7HlXH3lEJtM1yO38Ghi20f,Redi Hasa,4692,49,[musica etnica]
6e5ygqf81ECK33tTPpbLLq,Sleep Baby Sleep,21556,59,[sleep]
2zYmFMkDco03qam6Nx4uir,Frozen Silence,7698,45,[commons]
2LSJrlndCuTpdEluvYHc2E,S. Carey,103967,47,[chamber pop,eau claire indie,indie folk,stomp and holler]
3n2H1XlCyS1WQ0vyVUFEma,YULTRON,33873,43,[]
3VPAYGu57Ri4t41diapqn8,Relaxing Orgel,8698,49,[]
5r0xeBSRKRJ5Dm63XzTZhE,Endy Chow,63830,50,[cantopop]
0E6oEhZZtQvj811iXQFLrB,Ricky Hsiao,170368,50,[mandopop,taiwan pop,taiwan singer-songwriter]
3yfDRplDZh03Y0fEeCd6B0,my little airport,144917,57,[cantopop,chinese indie,chinese indie rock,hong kong indie,hong kong rock,twee pop]
4Mc3zbnQx4wRb0tYg7A8sG,supercell,382313,50,[anime,j-pixie,j-poprock,vocaloid]
1tTQcokfKcsCxZaHF2pIhw,Bailey Rushlow,14640,49,[acoustic cover,channel pop,viral pop]
6whFEcaV75AmQMiwlfaxvc,QUEEN BEE,232480,51,[anime rock,dance rock,j-pop,j-rock]
4Yz1LjHwgQ5DFWJrZL8bC8,Remioromen,340940,47,[j-pop]
16FpDRuy5xMHpuLYZV0Hkt,NICO Touches the Walls,204668,51,[anime,j-pop,j-poprock,j-rock]
449AEgfeOxqAuRn0uX6l3u,UNISON SQUARE GARDEN,315293,54,[anime,j-pop,j-poprock,j-rock]
08EO45FsrKqyDaVHocLjug,MARY,189816,47,[vocaloid]
3ZiiIxwcdE60xHzCQ35ewj,La Pietà,3134,46,[]
3l9mRJIGzW7RrEE2H8Ldvq,Siakol,398946,51,[opm,pinoy rock]
7blkMNJv8n9ceP9zlA4W2U,Shawn Hook,61351,46,[canadian pop]
5BAyYwbv8OSfqeXMjPgWX6,Toni Gonzaga,711237,51,[classic opm,opm,papuri]
4imd50KIbHcyrStbIuZswj,Benjamin Grosvenor,6670,48,[british classical piano,classical piano]
31oMMIBDMM2Z1RQO7u8irE,Side A,787843,52,[classic opm,opm,pop rock]
02B3Os1lCLuWR6klPJiQpW,Nicola Benedetti,27033,48,[classical performance,violin]
2AwGvrbcvOSx5HDwc4OQE3,SALU,140051,49,[j-rap,japanese pop rap]
2I3STBPK1DymMXPCjg3UIT,Kangen Band,541569,55,[indonesian pop rock]
0UtZ0DRiE8usRg9GyjCPCr,Dipha Barus,88967,46,[indonesian pop]
5Rg1unDkJrxrTV08BKoFrP,Brussels Philharmonic,1957,46,[orchestra]
2OrCYFzQYE1TmevdYARnU1,Yoyo Sham,58898,46,[cantopop,chinese indie,hong kong indie]
2bNtosg6E8tvmN6wYxPCfu,Curtis Stigers,35445,46,[contemporary vocal jazz,vocal jazz]
5M8AXrOifBT8elkLKbGPQZ,Superfly,1288547,54,[j-pop,j-poprock,j-rock]
35OHoy0DGJRqpfmYvByDBc,Jasmine Clarke,12265,48,[]
7sK4hnuUOXw6VStDw0q8NI,Hannah Wants,84590,47,[deep groove house,house]
028xhPwqtWva4J0MkFHY2x,Mads Langer,138848,47,[danish pop,danish pop rock]
5oWOx0BBDSMoFB8JDrjQre,Katharine McPhee,178657,54,[dance pop,idol,post-teen pop]
0HSGaSAaBPZJq4lisoWA59,Kyle Landry,68920,48,[otacore]
1cXxia1Q2VDTjWe8X2Jydm,Ho - Kago Tea Time,146051,47,[anime,anime rock,seinen]
3PtCud9dIdOv4exrzdZZ1C,MAKJ,124927,55,[edm,electro house,melbourne bounce,pop dance,progressive electro house]
1JS0Gw2KxVFPmFNivcjmgt,Tommy Berre,3648,45,[chill guitar]
4LKB1IkCINDDjEX8iS7glI,Young Bombs,19237,54,[dance pop,edm,pop dance,pop edm,tropical house]
5FvlJcXnFIm72pgQtW3Dct,Feenixpawl,24455,50,[australian dance,pop dance,pop edm,progressive electro house]
4aMeIY7MkJoZg7O91cmDDd,Adrian Younge,36837,45,[african-american classical]
0m6f0nNS9GEq41eIJ288ff,Kelli-Leigh,16621,51,[uk pop]
2zHHEU3t9cutZFyG0fHdOR,Sonny Alven,24120,54,[norwegian house,norwegian pop,tropical house]
2Ltr0s15RyvsjqWzSmiSRs,Allday,93800,51,[australian hip hop,australian pop,australian trap]
74ZHOTPP0eWWe9kLt8jHbP,ATC,20186,44,[bubblegum dance,eurodance]
5y3G1B8cpCTaoq0uDgjwzH,Danny Avila,44811,54,[edm,pop dance]
3NTbOmzlj2cL86XFuDVFvZ,MAN WITH A MISSION,895007,57,[anime,anime rock,j-pop,j-poprock,j-rock]
4BNWanhw4AjSXjBm9L1Jzy,Juris,697533,52,[opm]
6POfB0fHdzXFLWL3RHxLv8,Creep Hyp,600670,62,[j-pop,j-rock]
7AoOmkXzNe4vb51OhImJwP,Nokto Music,5060,49,[calming instrumental,lullaby]
39ZQx0618UYVBgGTDOJ2ds,FloFilz,57144,53,[chillhop,indie soul,jazz boom bap]
3BNDjSD67jJE4fhxX1b2OV,GALNERYUS,85756,48,[j-metal,japanese power metal,neo classical metal,power metal,visual kei]
70x6gPIjIhWtxjczooKl3p,Shonan No Kaze,252840,53,[j-pop,j-reggae]
480xKab3lUPhBBnCzlzqIu,Taylor Davis,180837,50,[bow pop,otacore,pop violin,scorecore]
19z3Is8jPDFmLphrQ2w2Du,Konzerthaus Kammerorchester Berlin,2036,59,[chamber orchestra]
5M0lbkGluOPXLeFjApw8r8,DRAM,824081,62,[pop rap,rap,underground hip hop,virginia hip hop]
5DuzBeOgFwViFcv00Q5PFb,WINNER,2383847,58,[k-pop,k-pop boy group]
0ykZILVRZgnmdTi0opgb2f,BGM channel,29206,56,[bgm]
2XhA8BOHxO5NwbY6q3W8mD,Aqua Timez,350465,52,[anime,j-pop,j-poprock,j-rock]
1qOPo6b0U3t7BpyO8Ti1MF,NIve,106527,49,[k-pop,korean r&b]
2ZmXexIJAD7PgABrj0qQRb,N.Flying,698576,51,[k-pop,k-pop boy group,k-rock]
1J87mxfzE58rZLrRIOx5I5,Grace Davidson,3393,48,[classical soprano]
3PDFGpPl4ienSn5Vwisfrh,Flow G,815759,66,[pinoy hip hop,pinoy r&b]
1tofuk7dTZwb6ZKsr7XRKB,MADKID,56361,47,[anime,anime rock,j-pop boy group,otacore]
1Xq5wasmlEwC6TqCqJtP5o,Attom,36524,51,[new french touch,tropical house,vapor soul,vapor twitch]
2vGaSKEDFsVPBgcnGxqlBN,Alex Newell,47356,52,[indie poptimism]
5qfkUSH3ip5dD2eEPhjkT3,Kyle Dion,185133,55,[alternative r&b,chill r&b,indie r&b,indie soul,pop,r&b]
5X1JzPIIonP3u9lA580pPT,Francesco Yates,37814,60,[canadian pop]
7DCv5iEOfzc6EEe4GbFcOM,White Noise Babies,4043,61,[sleep]
0UdoKjWIe3tHyiqc4qT3Oz,OMFG,457482,48,[fnaf]
1uQWmt1OhuHGRKmZ2ZcL6p,Explosions In The Sky,594253,51,[american post-rock,cinematic post-rock,instrumental post-rock,melancholia,post-rock]
142VT1MtWzaD13CnOiKFDn,Ben Woodward,16835,51,[acoustic chill,channel pop]
5Z8UTQtTYNu5o5FA66LFgv,Jeremy Passion,166857,56,[chill r&b,pop,pop soul]
6cIU84TLDcCIFzj4h24wpr,Benny Martin,6667,49,[disney piano]
18T5PoRr9HSPgQ9OINCbX6,Thomas Arya,208925,48,[lagu melayu,pop minang,rock kapak]
3e4aLWouBXjJXSFwU7ilQA,Piotr Wiese,1981,54,[background piano,neo-classical]
4kVy1sDTGmCWzxmzY6soNZ,Alien Huang,82860,43,[mandopop,taiwan pop]
4m0xrEWYU0yCUFMaga015T,Cheer Chen,234188,49,[chinese indie,mandopop,taiwan pop,taiwan singer-songwriter]
5XkrVVn0lQIVPkH55nbTgZ,R-chord,147302,46,[mandopop,taiwan pop,taiwan singer-songwriter]
7ya3wFqG9X35S7L7XSrE2i,Sam Lee,82792,50,[mandopop]
6yTAPw3o7oDH7lhj34jvbH,Elva Hsiao,130685,47,[mandopop,taiwan pop]
70paW48PtCtUjtndElrjrL,TIA RAY,60033,47,[chinese jazz,mainland chinese pop]
4rYJIqA2SBfcbn8y8yUGtU,Yuki Numata,398,55,[]
7l8rOFwZFQ3G0sgZ7gjGng,Jung Seung Hwan,205934,54,[k-pop,korean pop]
7KlMqMCZbUE9rYpa95R2CV,Jihan Audy,161528,40,[dangdut,dangdut koplo,dangdut remix,javanese dangdut,lagu jawa]
72FGvJgYbs0NBeJqECy6cF,Andra,230673,48,[classic romanian pop,romanian pop]
0NT8fqhPoKJrd038u1Qumz,物語シリーズ,76200,54,[anime]
2Nz5XwOa02deTyyS2vw5Wa,KM,17356,53,[j-rap]
6DiAVYfSzZi8h1fGuTD6LI,Jimmy Bondoc,413086,46,[classic opm,opm]
3pcGjcfEW3YD2Hfk6tDR5S,Ashworth,6602,52,[la pop]
02U4dXZhGSo07f66l8JZ91,Tom Speight,57323,51,[channel pop,indie folk,uk pop,viral pop]
1qLwXsUtyW2Ba2Iotg4gE3,PelleK,165893,50,[metal cover,otacore]
0GnuCXvnvVtX5DShryuyp9,Aiza Seguerra,525692,50,[opm]
2zUQjYvy0TevSi4d3PjqQO,MONGOL800,673395,52,[j-pop,j-poprock,j-punk,j-rock,japanese punk rock,okinawan pop]
2iB7AJhJmkWkkehY9ccB0j,Ex Battalion,2592815,55,[opm,pinoy hip hop,pinoy r&b,tagalog rap]
4AChEoOg2kLbShMIN3jgxX,Helen Jane Long,38732,47,[new age,new age piano]
380DW51qbu5pSP8crFRIII,YUKI,199883,48,[j-pop,j-poprock,j-rock]
4xlAHgZnzzPHtoKnev0gwJ,Good Band,69670,43,[chinese indie,mandopop]
3HXSUfI76zVZk71UMAeVfp,No Party For Cao Dong,235018,49,[chinese indie,mandopop,taiwan indie,taiwan pop,taiwan punk]
7lNFzeAXmSIKexINNgO6bu,YUZU,1512443,56,[j-acoustic,j-pop,j-poprock,j-rock]
4doyJAIKxTGN2II0QpgUjT,Stream of Praise,51459,50,[chinese worship,japanese worship,korean worship]
3sKeaby6GMSJWgYueZaSjE,Mokita,140424,65,[chill pop,electropop,pop,uk pop]
1Eie0tY91rpi7Y0jtIOXzI,Wingtip,57083,50,[electropop,indie poptimism,nyc pop,pop rock,uk pop]
2TVn6PQxnrxlIq4F2Vz3Qs,Yuki Numata Resnick,920,42,[violin]
1VBAKMui4zm5MnBWNn3NbL,Devault,38969,52,[future bass,vapor twitch]
00xU4wfephkJrjwJPDvfkf,O.C. Dawgs,752808,46,[pinoy hip hop,pinoy r&b,tagalog rap]
5pOYIshq4ZLnVBEuw8sF6f,Gavin Haley,43841,49,[chill pop,chill r&b,oc rap,uk pop]
7ELVHaQs7k7LmWozyBJXzM,Charlie Key,4439,40,[background music,calming instrumental,focus]
6NdzNrBP8Jbhzp6h7yojht,CHEEZE,118556,49,[k-pop,korean pop]
1XErHyc10VN8bfGKma1Yyc,Leo Ieiri,512964,50,[j-pop,j-poprock]
3PzqP5IkpLhlSdZLh7jwPn,WagakkiBand,267748,49,[idol rock,kawaii metal,oriental metal,shamisen]
2iB8eFB6flwQculkUrRssi,AUGUST 08,33824,56,[la pop,r&b]
3UX79kbvgAEhCSbA8HVv7W,Kenzie Smith Piano,30725,47,[anime piano,otacore]
6V1SwiosQqf5XvmoTMCGa9,Dear Jane,162236,51,[cantopop]
22FsmLO3ZyvgWBy5QbfcQi,ayaka,928248,53,[j-pop,j-rock,japanese singer-songwriter]
6TNooB9HDJ9Xs1GFPl2Fiv,SHE'S,177800,47,[j-pixie,j-pop,japanese alternative rock]
0q7KOr99MYmwKxivChxpSd,Ai Otsuka,366284,49,[j-pop,japanese singer-songwriter]
4U78sK2D3zASSB6oSR38GQ,Christian Bautista,448359,52,[opm]
7K4cef9h3NvU7Xb3BH7Ade,Michael Seyer,105363,47,[bedroom pop,indie garage rock]
04mGcrL09AEKdlGVrjpf1P,MIYACHI,65036,46,[asian american hip hop,j-rap,japanese trap]
42gnrsSSKKNNmfAJ0o3oyN,Soul Food Horns,6863,50,[chillhop]
7ygtjsCTrCQZAYYPOne9uE,Erik Santos,645074,52,[opm]
35WaRsrLTXoHhL5b9uI3Mq,BASI,108046,49,[j-rap,japanese r&b]
5lXfVoQxVgC5fpjkVqvNYn,Isaiah Firebrace,53003,50,[australian pop,australian talent show]
26UV9EKIInWeV0jJysGZum,Nursery Rhymes ABC,21587,58,[]
0sYpJ0nCC8AlDrZFeAA7ub,JOY,658751,53,[k-pop]
0F4ybIPzwLfT5xzZQlYBXP,Asami Tachibana,7153,47,[anime score]
2xE7TMnsr4hxdQW5F3urtq,Rasmus Hagen,16646,58,[swedish singer-songwriter,uk pop]
79g2STpP2iV1xfgHuhrhX0,Leellamarz,79467,53,[k-rap,korean pop,korean r&b]
04u3fc37nHFKN7GJTSIwI8,Rendy Pandugo,322118,50,[indonesian indie,indonesian pop,indonesian singer-songwriter]
3jdzcmtw5XOmOkSb2mRDtr,T.M.Revolution,305318,51,[anime,classic j-pop,j-pop,j-poprock]
6szSMqKKwkFqJoK3MxK3Hk,Thomas Daniel,17155,50,[acoustic cover,channel pop,neo mellow,viral pop]
02YLJJnWC7YQVixkjEBRn7,Billie Marten,265203,58,[british singer-songwriter,indie anthem-folk,indie folk,indie pop]
7dZHl3ZmH21XpCwvcMlnml,Every Little Thing,428214,51,[classic j-pop,eurobeat,j-pop,j-rock]
73agKiU7x2AtIEH2IAK2iS,Giga,99092,54,[vocaloid]
4XBG26mgvzGqT09eopG4d9,Marz23,78357,46,[mandopop,taiwan hip hop]
4PjY2961rc0MHE9zHYWEnH,9m88,98687,49,[chinese indie,chinese r&b,mandopop,taiwan pop]
0iMFttJ05HMGTKWRPHlFOF,胡66,47035,45,[chinese viral pop,mainland chinese pop,mandopop]
56GNqAFg9wJNTwcHsJhyS2,John Smith,33752,49,[british singer-songwriter,indie folk,liverpool indie,new americana]
33crDRqANd3NQHJagZkQ7O,slchld,267510,59,[canadian contemporary r&b,chill r&b,pop]
0il5ZP3xYOECtONJtZ38Ln,KYUHYUN,357658,50,[k-pop,korean pop]
2ESi6tlKQpAqymfpcmBmYi,Brian Snow,110,55,[]
5aAe7DHdSJgTpBijaxTUaf,cinnamons,40923,45,[]
48JtfAggQQpfUXQNxkGm5U,Dept,114529,57,[chill r&b]
2nZ18B9RTjJH56v2NTnNAI,Leanne & Naara,59558,49,[opm,pinoy indie]
0bDdOBGVCFVt0f8N9ldW1k,BEN,86054,50,[k-pop,korean pop]
6bh228LGC3eAzbplPWV02r,Declan J Donovan,159423,61,[australian pop,pop,uk pop]
7LOmc7gyMVMOWF8qwEdn2X,SF9,1574223,53,[k-pop,k-pop boy group]
3S9OW04ZfXbQUjzGvjAlPZ,Shibb,100,45,[sleep]
24nUVBIlCGi4twz4nYxJum,fromis_9,842504,59,[k-pop,k-pop girl group]
3pVuaUisHmRfVy53qWwmql,Daniel Schulz,18057,49,[scandipop]
5zkv5DNu55fRGWGd7HGQka,Vita Alvia,145768,45,[dangdut,dangdut koplo,dangdut remix,indonesian viral pop,lagu jawa,lagu timur]
0DnjaQqb436AH1idffI6CQ,Yeng Constantino,2423995,55,[opm]
7jCHrVGjeHUYP2pHv8FOJ3,wacci,240065,59,[anime,j-division,j-pop]
0hBYSjDjcAaAuSZcpN8jk9,JP THE WAVY,144857,57,[j-rap,japanese trap]
39EEmUKhvMcVn8icCyQlg5,CIKI,106228,49,[korean r&b]
5fW4vA2xSDXwdSopSVrerj,The Sound Designers,910,42,[environmental,water]
5FTpdDUA9cksspPW5Ix78g,U-Jean,3670,49,[]
3UV0wVQkft6lKLDGioqnyO,Coopex,24715,61,[covertronica,traprun]
7Bu0r4MCDX3sbhcFD5IXyx,YUJU,135211,48,[k-pop,korean ost]
0XqFDQJjqW5PfhfBCb53LR,Sick Individuals,183011,59,[big room,dutch house,edm,electro house,pop dance,pop edm,progressive electro house,progressive house,tropical house]
6psCCMHymYfQy6VvYRr6cs,Loving Caliber,109587,59,[scandipop]
6iWuBN32BqCJAeXW6o3nil,Cautious Clay,236467,60,[indie r&b,nyc pop]
4xnMDfgEmXZEEDdITKcGuE,Audien,171000,60,[edm,electro house,electropop,pop dance,pop edm,progressive house,tropical house]
6OTr0YwLwGdv7mlmX27hRX,Sheku Kanneh-Mason,76884,57,[classical cello]
7zyObVag8rUjItn71SkIrh,Survive Said The Prophet,178063,54,[j-poprock,japanese alternative rock]
6c9mrV72IOeJ5imCUK281g,Franz Gordon,17509,54,[background music]
3S4d3YRNGg2OhnNm3QvfhA,slenderbodies,153632,53,[indie poptimism,indie soul,vapor soul]
4mQxvrtY2MbDuUXAhMg5pp,Ms.OOJA,182743,51,[j-pop]
1qAOsY7jv9GFTv4HoVof5P,Three Man Down,946528,57,[thai indie pop,thai pop]
0tbeZu9lv8YEKSQ9tZSslu,Amber Mark,340222,60,[alternative r&b,indie r&b,indie soul,neo soul,nyc pop,r&b,uk pop]
4UhiMIdxKqQxmzdE9nYe6O,m-flo,313870,46,[j-pop,japanese r&b,shibuya-kei]
6lHO1eGthNnos9KP2BH0cG,Puma Blue,186846,53,[bedroom pop,uk contemporary r&b]
5a5vu4RzsAHdKN0aYyblZ8,吳青峰,197037,52,[chinese indie,mandopop,taiwan singer-songwriter]
4DEItwf281SHmTnS8q3Mn9,J.Sheon,131287,48,[mandopop,taiwan pop,taiwan singer-songwriter]
0Awqm7GXGiBp8fJNGvywra,理想混蛋,72416,54,[mandopop,taiwan indie]
3n16EAnJtz6SZGx2zJssrI,Amazing Show,107612,47,[mandopop,taiwan indie,taiwan pop,taiwan punk]
5AhK8gDgOZT7lE1UlbyF1c,Andrew Tan,116419,48,[malaysian mandopop,mandopop]
2RVvqRBon9NgaGXKfywDSs,Maisie Peters,426958,67,[alt z,indie pop,pop,uk pop]
3CVYSpM7nfHFG5qCTW7Ht9,ONEUS,762336,60,[k-pop,k-pop boy group]
1NRrtMvT3o1TI6I8XCuweq,MYTH & ROID,217203,54,[anime,j-pixie,otacore]
2sd5k8N8cAOm6Q8OCcePw4,Rin音,244443,53,[j-pop,japanese pop rap,japanese teen pop]
1IDuSpntFl2Mutofvrrutc,Jason Chan,95259,48,[c-pop,cantopop]
4n9z9czt00gzw36hdoVU3G,Kainbeats,9789,59,[anime lo-fi,lo-fi beats]
3v9wPA58IVrX2dg6AjSPgi,Virginia To Vegas,62807,59,[canadian pop,dance pop,electropop,pop,pop dance,tropical house,uk pop]
4LZ4De2MoO3lP6QaNCfvcu,Said The Sky,253524,59,[edm,electropop,future bass,melodic dubstep,pop,pop dance,pop edm,tropical house]
56PyKVahtx19m672QyZTG0,Cat Trumpet,46045,47,[otacore]
6l8RQcFxG3A7SRQP595IBH,Hair Dryer Collection,765,53,[sound]
0OE65qjIKHqSyU7YWpOQrv,Claire Ridgely,10386,54,[montreal indie]
4wkhNurLn15nvnOh3O8yCV,Peter Cavallo,4864,48,[calming instrumental,neo-classical]
7ijClBwdSsgVn4YiFXO5w8,Sea Waves Sounds,6345,43,[shush,water]
37S0GFsBW73uqxGXNFeADJ,Ghost Killer Track,19710,57,[]
57FU7zh1oXdQMT4XhjSsHL,MC Mirella,1666363,50,[funk carioca]
01u3qI3xMGFvktXyRSMGRZ,Vicky Chen,109622,55,[mandopop,taiwan pop,taiwan singer-songwriter]
7pSH4sO2lXAxFKF6MkwORv,Julia Wu,155770,50,[chinese electropop,mandopop,taiwan pop]
6cMRDBCHMYjyCH2D0s6uzr,Chih Siou,57887,45,[mandopop,taiwan indie,taiwan pop,taiwan singer-songwriter]
7y3HnWCFEvWj4KM9GFSkiX,WeiBird,253329,60,[chinese r&b,mandopop,taiwan pop,taiwan singer-songwriter]
3w8fdvgPp2aKgy125EBgVg,玖壹壹,177396,50,[mandopop,taiwan hip hop,taiwan pop]
5PNcqs6EtD6gSXgUiiJIUU,颜人中,78795,54,[chinese viral pop,taiwan singer-songwriter]
6dhfy4ByARPJdPtMyrUYJK,Yerin Baek,473761,59,[k-pop,korean pop]
0pWR7TsFhvSCnbmHDjWgrE,Creepy Nuts,479434,65,[j-pop]
2JlV3vR07HGe6joOPztyuz,Auley Gere,135,43,[instrumental lullaby]
7d86ERlvO5UG44j7Va0Y0C,Pamungkas,3640717,69,[indonesian pop,indonesian singer-songwriter]
13lFKnH7sS9T35uPQmxaOs,kojikoji,83140,51,[japanese r&b,japanese soul]
5AUK3KLrqdHpcsRowJVJIn,lōland,4865,44,[]
5B4kCOhcqTywB9YwXPfFtJ,Weird Genius,437427,53,[]
6TDMbiQCWeMClsMr9ORLRK,aiko,462036,57,[j-pop]
7INJXFDyMoyqqp91q0FWqh,Nuver,1770,54,[]
4u1nYxjl132D6rcMeYQ6Zz,Rival,55097,57,[gaming edm,pop edm]
6Y64EaNqpqcZYTgs4c76gF,jxdn,955324,65,[]
5JF3HMNudSKqJDkgCOzULV,Victor Kovacs,338,44,[]
4kIwETcbpuFgRukE8o7Opx,Arlo Parks,474234,61,[indie soul,uk contemporary r&b]
4b19vuzlDcNdU4quI7L6sW,ElyOtto,110548,58,[hyperpop,weirdcore]
0LK67TfgE1O9GrBXJ9KLUe,Edvard Kravchuk,1890,50,[neo-classical]
6ModsWtBph2rE6zCTVxvZt,Maite Perroni,1174440,69,[latin pop,mexican pop]
37awA8DFCAnCCL7aqYbDnD,Blasterjaxx,725645,65,[big room,dutch house,edm,electro house,pop dance,slap house]
4HHdjvdn30koo54zQ6QeF5,Ungu,1810379,60,[indonesian pop,indonesian pop rock]
4ZfTpxwHwtot9Ps59bXAF8,Sandy,1039866,59,[mpb,nova mpb,pop nacional]
2snm3HmsnDUDxbIChdl2Oj,Justin Hurwitz,75888,61,[hollywood,movie tunes]
3wRGr9z5I5xmmVc21fIvC6,Days N Daze,113859,46,[acoustic punk,anti-folk,folk punk,texas punk]
4ogwGU9VPWrnVBs1GEwZVV,Temples,233952,45,[neo-psychedelic]
2eHZ1Vns5972fZNdhnjopG,Brace,30614,48,[dutch pop]
3haVJx9TUcufYl1rPyH0iv,Peter Broderick,71801,48,[compositional ambient,neo-classical]
1D9XQXqh4YQfJwX7hyLWwr,Sleepy Tom,14046,46,[canadian electronic,pop edm]
19Nq4oCJmRe9pxcCfxRgU7,Chris King,10244,48,[]
4E0mDf341TLViBbNefSrsK,Blade Brown,60641,54,[grime,uk hip hop]
6oX4tx055oEFYM3ahDTyOD,Noisettes,101344,50,[british soul]
2rUOBAmeKcpfmd83cIj5Au,Dj Batata,25678,50,[funk carioca,funk das antigas,funk mtg,funk ostentacao]
1xVD6whrUwA8jeBkFshvFA,Tony Colombo,116185,46,[canzone napoletana,neomelodici]
3XFPsySK5XlfmcxJGWcyWn,Ludmila Ferber,226708,50,[adoracao,brazilian gospel]
34uGMERnU9XHnmQDnK03Gj,Lillasyster,57837,44,[danspunk,eurovision,swedish alternative rock]
4MMQmzYiUiuD8VwjrJu3v6,Nine Chen,156441,45,[mandopop,taiwan pop,taiwan singer-songwriter]
2BFdLtG6ivaiRqPFTgV1in,Klamydia,69227,47,[finnish pop punk,finnish punk,suomi rock]
0TA5ZS9yO7M0rpOXPOOoeP,Britta Steffenhagen,353,54,[]
00PLVqZ4oaOmbI4lacLUBO,Stiftelsen,240091,49,[swedish pop]
7uzBKhYbCKBs53kDrO4Suc,RubberBand,72862,45,[hong kong rock]
6wbEgVlGqWb4I9tbMluu5Q,MONATIK,548364,49,[russian pop,ukrainian pop]
1gRr6moof50L1b7XsbClvI,Rytmus,152971,53,[czsk hip hop,slovak hip hop,slovak pop]
2N72bJ8IYB4KZmKmxz5Xkk,Hamza Namira,1362940,47,[arab pop,egyptian alternative,egyptian pop]
78Cl4OGrWUNLrm4QZKEKkg,Banda Toro,36617,51,[banda,tecnobanda]
7HfzPKhDGOQMVTbRrDY8Te,Mazin,2498,44,[]
7LdZwtnhfB1GoC9SE9tvyb,KIM JAE HWAN,148883,45,[k-pop,korean pop]
1f1DjtYgH6yBzBSiGteBJl,Were-vana,31702,47,[francoton,rap antillais,zouk riddim]
4hBCDHUWTljP6BDl5AekgW,Vivek - Mervin,1039133,60,[tamil pop]
3bAFvRjPZrpRz9Ox1sElQa,Arjun Kanungo,1989736,64,[desi hip hop,desi pop,modern bollywood]
7DkseLyOZrdRjCuoWFtqFi,Edicion Especial,525442,69,[corrido,musica mexicana,norteno,nueva musica mexicana]
0jeYkqwckGJoHQhhXwgzk3,Cruz Cafuné,220127,69,[rap canario,urbano espanol]
0LnhY2fzptb0QEs5Q5gM7S,Laylow,548403,68,[french hip hop,pop urbaine]
2CCgb0KApjfQDuTppovpf8,Rvfv,335831,74,[drill espanol,flamenco urbano,trap latino,urbano espanol]
2ayNSoKPCRAfjp6hQ76hRu,Nacho,4857597,66,[dominican pop,latin pop,pop venezolano,reggaeton,trap latino]
3m5qlPf2OkihLz3dRYnkPA,Ovy On The Drums,172832,72,[colombian pop,latin pop,reggaeton colombiano]
5YCc6xS5Gpj3EkaYGdjyNK,WOS,3042201,73,[argentine indie,trap argentino]
1vqR17Iv8VFdzure1TAXEq,LIT killah,3917710,74,[argentine hip hop,trap argentino,trap latino,trap triste]
5VadK1havLhK1OpKYsXv9y,D-Block Europe,865982,75,[melodic drill,uk hip hop]
6EPlBSH2RSiettczlz7ihV,Sleepy Hallow,1110597,78,[brooklyn drill,nyc rap]
5Y3MV9DZ0d87NnVm56qSY1,Tiago PZK,2645224,80,[trap argentino,trap latino]
6cuYN8aZLQ1ZSKkJJwi2eY,João Gabriel,9206,30,[]
0S63sOasTLdgPXIycsCsMX,IV JAY,27258,42,[]
4ug3P1K8BaCdJXROrqHqhu,Winnetka Bowling League,47485,51,[indie pop,indie poptimism,la pop,modern alternative rock,modern rock]
1i8gGjDzv2FNoy6dHcr25K,Negrito,64423,48,[drill francais,french hip hop,pop urbaine,rap francais]
3jjJ23jPDUk9XnURWZmWK4,Rain Hard,82,47,[rain]
5TmW0cFVEYEbypgTdSNNDn,Delano,1012837,49,[funk carioca]
6MWr1SmTaCU5BJzOZxwJEw,Larry Fleet,56101,58,[contemporary country]
3xtQQsJvIjKcyaLT4uMsWz,Resit Kemal,28645,49,[turkish trap pop]
3898xesz6JuQkpz7Kiu4uM,Emma Heesters,172949,56,[channel pop,dutch pop]
46cVq2dwPgzPE3X1VR9TMj,Fourtwnty,2619388,62,[indonesian folk,indonesian indie,indonesian pop]
1V2sJvNlPQYSO4Kf6GC3if,Yung Craka,75615,57,[meme rap]
0ssx5sZQzc1nZZF2Ks8qXZ,Grupo Maximo Grado,875543,60,[corrido,musica mexicana,norteno,nueva musica mexicana,sierreno]
4F61H4lx1js4wtWfb2Rfnt,Party Pupils,46716,50,[pop edm]
2IVvZIe3P9BMuCI6h48Bjg,Nizi19,40042,57,[german hip hop,german trap,german underground rap]
7wLyGTO9vUS7ndlq4BvBGe,Blake Rose,85377,61,[alt z,australian electropop,australian pop,electropop,pop,uk pop]
0xD6n0wj7aqV5g5LcRNBUd,RIELL,37205,59,[]
1oHPSeQJBwNmpq0J52Wjn1,Toser One,321051,59,[latin hip hop,mexican hip hop]
6w9ToX5slZ4uIdmD17hJ3c,Bryant Myers,7643763,77,[latin hip hop,reggaeton,reggaeton flow,trap latino]
6SXTTUJxIVwMbc1POrviTr,CoComelon,311570,73,[preschool children's music]
7ADRm1oT7VmhRRZrZqycV6,KASIMIR1441,213880,58,[german alternative rap,german hip hop,german trap,tekk]
5l8WyvJ50fdSghK2ySNq1y,Luv Resval,141606,58,[french hip hop,pop urbaine,rap francais]
6WSTevYt4rGwm8QPKQr7dU,K.A.A.N.,247628,52,[underground hip hop]
7Jb6GR4PIxHSkDJK8MWuVg,Bianca,13457,66,[pop nacional]
