ArtistID,genres
52iM1kP5BpnLypZ0VtrpyY,ghanaian hip hop
52iM1kP5BpnLypZ0VtrpyY,ghanaian pop
1KNafMiV5Y3OhOr1A5tWwb,house
5nki7yRhxgM509M5ADlN1p,house
7sK4hnuUOXw6VStDw0q8NI,house
1KNafMiV5Y3OhOr1A5tWwb,pop dance
1RQ3ZwCNI7KniEKIN5kkio,pop dance
3L7JnVovGbYSUmRyqhXMYO,pop dance
5344K3N7rx7kw1HjO8psuq,pop dance
5nki7yRhxgM509M5ADlN1p,pop dance
3PtCud9dIdOv4exrzdZZ1C,pop dance
4LKB1IkCINDDjEX8iS7glI,pop dance
5FvlJcXnFIm72pgQtW3Dct,pop dance
5y3G1B8cpCTaoq0uDgjwzH,pop dance
0XqFDQJjqW5PfhfBCb53LR,pop dance
4xnMDfgEmXZEEDdITKcGuE,pop dance
3v9wPA58IVrX2dg6AjSPgi,pop dance
4LZ4De2MoO3lP6QaNCfvcu,pop dance
37awA8DFCAnCCL7aqYbDnD,pop dance
1KNafMiV5Y3OhOr1A5tWwb,pop edm
3L7JnVovGbYSUmRyqhXMYO,pop edm
5344K3N7rx7kw1HjO8psuq,pop edm
4LKB1IkCINDDjEX8iS7glI,pop edm
5FvlJcXnFIm72pgQtW3Dct,pop edm
0XqFDQJjqW5PfhfBCb53LR,pop edm
4xnMDfgEmXZEEDdITKcGuE,pop edm
4LZ4De2MoO3lP6QaNCfvcu,pop edm
4u1nYxjl132D6rcMeYQ6Zz,pop edm
1D9XQXqh4YQfJwX7hyLWwr,pop edm
4F61H4lx1js4wtWfb2Rfnt,pop edm
6S0IvKlvPMX1RtAYtVpUV8,australian pop
4T2k9bgIoC8bbqjqiEl9vZ,australian pop
2TAqN8fwfaKauvviN4pOsv,australian pop
2Ltr0s15RyvsjqWzSmiSRs,australian pop
5lXfVoQxVgC5fpjkVqvNYn,australian pop
6bh228LGC3eAzbplPWV02r,australian pop
7wLyGTO9vUS7ndlq4BvBGe,australian pop
6S0IvKlvPMX1RtAYtVpUV8,nz pop
71KlQX0q5wz5f9iytwPfou,nz pop
2sf2owtFSCvz2MLfxmNdkb,afropop
2TwUVWFJs4LD0lOBbJXnNa,afropop
1FCJ4zmRfkGUOtY65Jettg,afropop
0OQeMFqoRD5clB0cPYVbxY,afropop
2sf2owtFSCvz2MLfxmNdkb,desert blues
2sf2owtFSCvz2MLfxmNdkb,malian blues
0OQeMFqoRD5clB0cPYVbxY,malian blues
2sf2owtFSCvz2MLfxmNdkb,mande pop
1FCJ4zmRfkGUOtY65Jettg,mande pop
0OQeMFqoRD5clB0cPYVbxY,mande pop
2sf2owtFSCvz2MLfxmNdkb,musique touareg
2sf2owtFSCvz2MLfxmNdkb,tuareg guitar
2sf2owtFSCvz2MLfxmNdkb,western saharan folk
2sf2owtFSCvz2MLfxmNdkb,world
1FCJ4zmRfkGUOtY65Jettg,world
0OQeMFqoRD5clB0cPYVbxY,world
1RQ3ZwCNI7KniEKIN5kkio,belgian edm
4vUAD0POkGvO6J9c9hv6qR,belgian edm
1RQ3ZwCNI7KniEKIN5kkio,edm
6lO3fSdhsdpeOcrbqAJsRU,edm
5344K3N7rx7kw1HjO8psuq,edm
5nki7yRhxgM509M5ADlN1p,edm
0vqJkZ0RpLZixt3lTmD8vP,edm
3PtCud9dIdOv4exrzdZZ1C,edm
4LKB1IkCINDDjEX8iS7glI,edm
5y3G1B8cpCTaoq0uDgjwzH,edm
0XqFDQJjqW5PfhfBCb53LR,edm
4xnMDfgEmXZEEDdITKcGuE,edm
4LZ4De2MoO3lP6QaNCfvcu,edm
37awA8DFCAnCCL7aqYbDnD,edm
1RQ3ZwCNI7KniEKIN5kkio,electro house
6lO3fSdhsdpeOcrbqAJsRU,electro house
5nki7yRhxgM509M5ADlN1p,electro house
3PtCud9dIdOv4exrzdZZ1C,electro house
0XqFDQJjqW5PfhfBCb53LR,electro house
4xnMDfgEmXZEEDdITKcGuE,electro house
37awA8DFCAnCCL7aqYbDnD,electro house
1RQ3ZwCNI7KniEKIN5kkio,sky room
7bdZVVcdyFjxVRj6vCVk9w,sky room
225l1KEprObX8xgl8xo2Gc,chillhop
0iAOXvEDIMaAWPP5Ur0fYF,chillhop
39ZQx0618UYVBgGTDOJ2ds,chillhop
42gnrsSSKKNNmfAJ0o3oyN,chillhop
225l1KEprObX8xgl8xo2Gc,lo-fi beats
60J5TDNg9Xxp9zxDXpBOjM,lo-fi beats
5NlA3ayVBDY3uDCCEZ1dID,lo-fi beats
4n9z9czt00gzw36hdoVU3G,lo-fi beats
44qTyRXwTktHVC0X1FGnJn,moroccan pop
0bmKQDkU4J3gUykZS8tb6v,moroccan pop
4PgPJfNYhFaHAV5C5dFhYS,moroccan pop
292jMVlKq180yzi8WRaVU6,moroccan pop
44qTyRXwTktHVC0X1FGnJn,rap tunisien
2eQ5uR5wKDEQ5zKPQyLHC1,jordanian pop
2ieBl5s08uHBwM8sUPvg65,arab pop
68rvMwPL0yMbYR5cv0pzCR,arab pop
6bb9VI1PpPTEmdgcgjTppX,arab pop
5LtHZB7vU02HtNoOzNcVhc,arab pop
2N72bJ8IYB4KZmKmxz5Xkk,arab pop
2ieBl5s08uHBwM8sUPvg65,dabke
2ieBl5s08uHBwM8sUPvg65,syrian pop
62IUrFqq28x2SbRdzm9sQt,mahraganat
1AxlE5JCJrJzVYa0ywJQqV,mahraganat
4CflzQprp6nZxKiv0t78tH,mahraganat
23DYJsw4uSCguIqiTIDtcN,atl hip hop
1WDkNp8Duv9QhO246S4dDa,francoton
64XqdWjtYhfMJeQB7wtAwS,francoton
53ZDw5ZHldHJgaUjcJhdGc,francoton
1PVmM2c79UdIymMzxYlywJ,francoton
4xTiWBThjZgo1uZn1WpZm3,francoton
3jrZXTzqSuTBdfJeoSts1n,francoton
0gGcw3tA1fZoF23qa8KFb7,francoton
7lMgpN1tEBQKpRoUMKB8iw,francoton
2GlEiSHYEKlq9cUYDa9oZb,francoton
2JLl6rSFWx9YuSPLcLhkAG,francoton
6px2zTzjQAPLkuea5qQ2Gx,francoton
1f1DjtYgH6yBzBSiGteBJl,francoton
1WDkNp8Duv9QhO246S4dDa,french hip hop
1E8w172gkuT5htpwaIEsEl,french hip hop
2yJ6lsLqG06r9bckSTQRt4,french hip hop
5QuZ9HdvnXcX8kEG782Phv,french hip hop
4J3vhZNPel1Tyj2GHsXi6i,french hip hop
0gGcw3tA1fZoF23qa8KFb7,french hip hop
3bRGJQd7b4lE3ZAEMfOXJp,french hip hop
3J7r4VsNmuWixU0nXvyPd8,french hip hop
0LnhY2fzptb0QEs5Q5gM7S,french hip hop
1i8gGjDzv2FNoy6dHcr25K,french hip hop
5l8WyvJ50fdSghK2ySNq1y,french hip hop
1WDkNp8Duv9QhO246S4dDa,pop urbaine
64XqdWjtYhfMJeQB7wtAwS,pop urbaine
2yJ6lsLqG06r9bckSTQRt4,pop urbaine
3jrZXTzqSuTBdfJeoSts1n,pop urbaine
0gGcw3tA1fZoF23qa8KFb7,pop urbaine
7lMgpN1tEBQKpRoUMKB8iw,pop urbaine
3bRGJQd7b4lE3ZAEMfOXJp,pop urbaine
2GlEiSHYEKlq9cUYDa9oZb,pop urbaine
3J7r4VsNmuWixU0nXvyPd8,pop urbaine
0LnhY2fzptb0QEs5Q5gM7S,pop urbaine
1i8gGjDzv2FNoy6dHcr25K,pop urbaine
5l8WyvJ50fdSghK2ySNq1y,pop urbaine
1WDkNp8Duv9QhO246S4dDa,rap francais
2yJ6lsLqG06r9bckSTQRt4,rap francais
0gGcw3tA1fZoF23qa8KFb7,rap francais
5gqmbbfjcikQBzPB5Hv13I,rap francais
1i8gGjDzv2FNoy6dHcr25K,rap francais
5l8WyvJ50fdSghK2ySNq1y,rap francais
1E8w172gkuT5htpwaIEsEl,rap calme
4J3vhZNPel1Tyj2GHsXi6i,rap calme
4W6fwRbqEy1dfEoE6OCyZu,new french touch
1Xq5wasmlEwC6TqCqJtP5o,new french touch
31shErrQgVvu6r5rvF3unD,romanian electronic
64XqdWjtYhfMJeQB7wtAwS,azontobeats
2TwUVWFJs4LD0lOBbJXnNa,azontobeats
4DMkrFIqGXLycc4YLYTn1i,ottawa rap
4DMkrFIqGXLycc4YLYTn1i,viral rap
7Gz6VlTVwlNtBNMYV4OI3w,viral rap
3gIWD9hK0VEhgsSrLu19PU,viral rap
6XUob2lASlLLaavOTAw9Vb,viral rap
7qF6NAMsPdmVz0o8n5v1Ht,viral rap
75RLThQWzIgIM7Jtp6KZic,viral rap
3luonLzvSOxdU8ytCaEIK8,viral rap
1XLWox9w1Yvbodui0SRhUQ,viral rap
0Yr4BBpK2dkCp2UsrJ9LZN,viral rap
0lHB0Qc4pmD5RkTLlHeESo,funk bh
0lHB0Qc4pmD5RkTLlHeESo,funk carioca
3VZXmYrB3MxMfTZKIVZA1J,funk carioca
0cjkWe9VXcECGiOEHFuTfc,funk carioca
1WXbiUMl1AT9Inb619xPUg,funk carioca
02RgHAzh0DVNQR24lBuGOI,funk carioca
1S4ASTDQvMwm6jP95pIsYB,funk carioca
14jVHWj9dqpLhs8hHEMnyJ,funk carioca
57FU7zh1oXdQMT4XhjSsHL,funk carioca
2rUOBAmeKcpfmd83cIj5Au,funk carioca
5TmW0cFVEYEbypgTdSNNDn,funk carioca
0lHB0Qc4pmD5RkTLlHeESo,funk mtg
2rUOBAmeKcpfmd83cIj5Au,funk mtg
0lHB0Qc4pmD5RkTLlHeESo,funk ostentacao
0cjkWe9VXcECGiOEHFuTfc,funk ostentacao
1S4ASTDQvMwm6jP95pIsYB,funk ostentacao
2rUOBAmeKcpfmd83cIj5Au,funk ostentacao
1GfHpetDFhvqfm5pceDTrX,dark trap
3chqU15yLP7B3XRQpILQY2,dark trap
7qF6NAMsPdmVz0o8n5v1Ht,dark trap
6SSmy635N3a4oWmPk85xpK,dark trap
57SA5Qv24Vydwd6bJnV8fI,dark trap
1GfHpetDFhvqfm5pceDTrX,emo rap
1xd5p7u9w8mQc2nU8GwBib,emo rap
3chqU15yLP7B3XRQpILQY2,emo rap
6SSmy635N3a4oWmPk85xpK,emo rap
1OHw2r7Diz2rc9JktaFV6N,finnish pop
5cvT1YrzMiVuHMg22UKIk5,finnish pop
5rBFU1rhgs1nNghopuj9k8,experimental hip hop
53ZDw5ZHldHJgaUjcJhdGc,french pop
7lMgpN1tEBQKpRoUMKB8iw,french pop
6px2zTzjQAPLkuea5qQ2Gx,french pop
3L7JnVovGbYSUmRyqhXMYO,future bass
1VBAKMui4zm5MnBWNn3NbL,future bass
4LZ4De2MoO3lP6QaNCfvcu,future bass
3L7JnVovGbYSUmRyqhXMYO,melodic dubstep
4LZ4De2MoO3lP6QaNCfvcu,melodic dubstep
1xd5p7u9w8mQc2nU8GwBib,sad rap
3chqU15yLP7B3XRQpILQY2,sad rap
53kxfycKPtWuSFpIuEHlGi,sad rap
3chqU15yLP7B3XRQpILQY2,sad lo-fi
6fOKLk8GmQ8xKogCRuuAwD,sad lo-fi
6ft7JnxMyZhp7N52qzHymY,bedroom pop
6FugQjLquBF4JzATRN70bR,bedroom pop
7K4cef9h3NvU7Xb3BH7Ade,bedroom pop
6lHO1eGthNnos9KP2BH0cG,bedroom pop
6ft7JnxMyZhp7N52qzHymY,indie pop
6FugQjLquBF4JzATRN70bR,indie pop
2qU0jqxiFeXrw5NTV1bIQM,indie pop
7sOR7gk6XUlGnxj3p9F54k,indie pop
6beUvFUlKliUYJdLOXNj9C,indie pop
54tv11ndFfiqXiR03PwdlB,indie pop
55EarwWraRQY9diMo9Oeul,indie pop
0ZUvK7zGdXLd78mQr3t1Tw,indie pop
1anAI9P9iSzc9qzLv6AtHZ,indie pop
02YLJJnWC7YQVixkjEBRn7,indie pop
2RVvqRBon9NgaGXKfywDSs,indie pop
4ug3P1K8BaCdJXROrqHqhu,indie pop
6ft7JnxMyZhp7N52qzHymY,rochester mn indie
5aMIbwZQvP2MHPMVC5zCGj,canadian contemporary r&b
33crDRqANd3NQHJagZkQ7O,canadian contemporary r&b
0bmKQDkU4J3gUykZS8tb6v,arabic hip hop
292jMVlKq180yzi8WRaVU6,arabic hip hop
0bmKQDkU4J3gUykZS8tb6v,north moroccan rap
0bmKQDkU4J3gUykZS8tb6v,rap maroc
4PgPJfNYhFaHAV5C5dFhYS,rap maroc
292jMVlKq180yzi8WRaVU6,rap maroc
4xTiWBThjZgo1uZn1WpZm3,rif
3U7bOaJLuFkrmDQ1C1OqKl,k-pop
6QyO41KctzGc70mVaVnXQO,k-pop
6rmMpoeu2SIV4OLURCOn2e,k-pop
5DuzBeOgFwViFcv00Q5PFb,k-pop
1qOPo6b0U3t7BpyO8Ti1MF,k-pop
2ZmXexIJAD7PgABrj0qQRb,k-pop
7l8rOFwZFQ3G0sgZ7gjGng,k-pop
6NdzNrBP8Jbhzp6h7yojht,k-pop
0sYpJ0nCC8AlDrZFeAA7ub,k-pop
0il5ZP3xYOECtONJtZ38Ln,k-pop
0bDdOBGVCFVt0f8N9ldW1k,k-pop
7LOmc7gyMVMOWF8qwEdn2X,k-pop
24nUVBIlCGi4twz4nYxJum,k-pop
7Bu0r4MCDX3sbhcFD5IXyx,k-pop
3CVYSpM7nfHFG5qCTW7Ht9,k-pop
6dhfy4ByARPJdPtMyrUYJK,k-pop
7LdZwtnhfB1GoC9SE9tvyb,k-pop
7Gz6VlTVwlNtBNMYV4OI3w,meme rap
5qVVvbyUOpNdgTGvNxzcMW,meme rap
5FF8xJSW4qUVU8bk79KYLT,meme rap
75RLThQWzIgIM7Jtp6KZic,meme rap
1V2sJvNlPQYSO4Kf6GC3if,meme rap
5QuZ9HdvnXcX8kEG782Phv,old school rap francais
5QuZ9HdvnXcX8kEG782Phv,rap inde
5QuZ9HdvnXcX8kEG782Phv,rap marseille
5RCWMaArEntbkeWYVxCiFW,modern blues rock
7A8S43ryYdbWpJKeHRZRcq,rap
2hPgGN4uhvXAxiXQBIXOmE,rap
5SXuuuRpukkTvsLuUknva1,rap
3nViOFa3kZW8OMSNOzwr98,rap
5M0lbkGluOPXLeFjApw8r8,rap
7A8S43ryYdbWpJKeHRZRcq,trap
1PmrYsZvpVB9ilWx0eZHdr,pop r&b
3nViOFa3kZW8OMSNOzwr98,pop r&b
3zYU33YUxJPzsPrYmpMMiu,future funk
6GETMwt7rbOZRXFnivRObG,background piano
3e4aLWouBXjJXSFwU7ilQA,background piano
7McJw5ZG7vJezw6ygrFagY,g-house
4J3vhZNPel1Tyj2GHsXi6i,rap liegeois
5vPqlDBYNZiF5SrHGS6Cyt,alt z
7naAJDAh7AZnf18YYfQruM,alt z
7sOR7gk6XUlGnxj3p9F54k,alt z
6beUvFUlKliUYJdLOXNj9C,alt z
4OTFxPi5CtWyj1NThDe6z5,alt z
38wxcfNEqMwuPniHvplin5,alt z
4xnihxcoXWK3UqryOSnbw5,alt z
2RVvqRBon9NgaGXKfywDSs,alt z
7wLyGTO9vUS7ndlq4BvBGe,alt z
7DICBAYiaIMh5MulqwCtET,pop rap
2kCO8LXN1usaOPL3iEE28I,pop rap
5M0lbkGluOPXLeFjApw8r8,pop rap
5qVVvbyUOpNdgTGvNxzcMW,aesthetic rap
5FF8xJSW4qUVU8bk79KYLT,aesthetic rap
75RLThQWzIgIM7Jtp6KZic,aesthetic rap
0xECfhlRzRRIIe2Co5HX6n,chanson virale
1nODcAdzs2eLjAp6AsrMzA,chanson virale
6U53xCCVXmyimAgsBjCS8P,gen z singer-songwriter
3gIWD9hK0VEhgsSrLu19PU,flint hip hop
2fcn14wWIwWrnXAv89ovBk,lo-fi vgm
5WgRuO0mhM36NFoapzpWBH,brazilian hip hop
29QKtXMaVczUBDiI3aPBWS,brazilian hip hop
5WgRuO0mhM36NFoapzpWBH,pop rap brasileiro
5WgRuO0mhM36NFoapzpWBH,r&b brasileiro
6AwwLwgIsTIXZ8kHWaZUj5,afghan pop
6AwwLwgIsTIXZ8kHWaZUj5,classic bollywood
6AwwLwgIsTIXZ8kHWaZUj5,desi pop
6pU5oz09VUYtnFTd4P1Mxn,desi pop
3bAFvRjPZrpRz9Ox1sElQa,desi pop
6AwwLwgIsTIXZ8kHWaZUj5,filmi
6AwwLwgIsTIXZ8kHWaZUj5,modern bollywood
3bAFvRjPZrpRz9Ox1sElQa,modern bollywood
7lMgpN1tEBQKpRoUMKB8iw,rap conscient
3VZXmYrB3MxMfTZKIVZA1J,axe
3VZXmYrB3MxMfTZKIVZA1J,pagode
3VZXmYrB3MxMfTZKIVZA1J,pagode baiano
5C1S9XwxMuuCciutwMhp5t,desi hip hop
3bAFvRjPZrpRz9Ox1sElQa,desi hip hop
5C1S9XwxMuuCciutwMhp5t,desi trap
5C1S9XwxMuuCciutwMhp5t,hindi hip hop
1sICjVlCMOCah0snHXWUz0,comic
1sICjVlCMOCah0snHXWUz0,german country
1sICjVlCMOCah0snHXWUz0,german pop
2YIxQoGvBukvoC1CbJ7opS,german pop
3RBqLTttwN1orqQozYfmJo,german pop
2jmpnuwn52LqrQASBlyQGJ,german pop
1sICjVlCMOCah0snHXWUz0,german rock
2qU0jqxiFeXrw5NTV1bIQM,stomp pop
7vXwfZyDp3spzIVNXDaTPN,electropowerpop
7vXwfZyDp3spzIVNXDaTPN,neon pop punk
1NU9Em6e8dDo36Js6nEo3t,neon pop punk
7vXwfZyDp3spzIVNXDaTPN,pixie
1NU9Em6e8dDo36Js6nEo3t,pixie
7vXwfZyDp3spzIVNXDaTPN,pop punk
1NU9Em6e8dDo36Js6nEo3t,pop punk
7vXwfZyDp3spzIVNXDaTPN,post-teen pop
5KPJMJR9PCfMWSfco8i4W4,post-teen pop
1NU9Em6e8dDo36Js6nEo3t,post-teen pop
5oWOx0BBDSMoFB8JDrjQre,post-teen pop
1eQzZsJAtBVhN9WP62oXM2,new school turkce rap
6dn3wwfEYlRaQQUC8RLhTz,new school turkce rap
1fCfko2pBGowIzqjakqxF8,new school turkce rap
1iJrQKRh5aJnp6cG5lpITr,new school turkce rap
1eQzZsJAtBVhN9WP62oXM2,turkish hip hop
7J7IAR4rkzo4FcZTDid3Jk,turkish hip hop
6I65kFgfXDWx56jwnip3TU,turkish hip hop
6dn3wwfEYlRaQQUC8RLhTz,turkish hip hop
6ybd4tPF7McLj3BNhZavQi,turkish hip hop
7GaMopkesD4KK9dNbgyO5D,turkish hip hop
6tRmpYzDIjWoRHzbJO7Cpx,turkish hip hop
7HLErdUiPhh7mg5AxVEAX0,turkish hip hop
2Fu5huGG8iXC85P9akyYrr,turkish hip hop
4ESPwgMOkNWv8mZIfe2mdO,turkish hip hop
32d21ZV2sLX2sGdjefVMJg,turkish hip hop
0JnDkp29FlLpGwsnub400t,turkish hip hop
51o6QF11Nswx5jMlp6rAL8,turkish hip hop
3S6gaE89XewFAvZqsMuJDJ,turkish hip hop
7ouCgJkxRBIJljUiQVJK65,turkish hip hop
2sjnyyL9NXijL3Fr2eLikf,turkish hip hop
6h5P3J0j1x2lhiDk9w4deZ,turkish hip hop
5UqZ7BXoccyvTHyXLk1Pk3,turkish hip hop
1fCfko2pBGowIzqjakqxF8,turkish hip hop
2r8iLFeSTuOiZualHmSXxS,turkish hip hop
1iJrQKRh5aJnp6cG5lpITr,turkish hip hop
2kS0jWMkkFBL0mrl0VotD0,turkish hip hop
4HSiNCPhdU2snKaVJytlUM,turkish hip hop
4m53kPdPFJpnF0qcJqfwNB,turkish hip hop
6hxb4rGrYXtrAZbUK7uzt9,turkish hip hop
5rBUMBV7L6zPsEKnlgiOm9,turkish hip hop
0KOSzgkMlkeowt1tgIg6ca,turkish hip hop
1hgaXjbAcED2p80Lj8dzXT,turkish hip hop
3G0XxE8TxeByKXgwtmVE8n,turkish hip hop
1eQzZsJAtBVhN9WP62oXM2,turkish trap
6I65kFgfXDWx56jwnip3TU,turkish trap
6ybd4tPF7McLj3BNhZavQi,turkish trap
7HLErdUiPhh7mg5AxVEAX0,turkish trap
2Fu5huGG8iXC85P9akyYrr,turkish trap
3S6gaE89XewFAvZqsMuJDJ,turkish trap
4cKccE5LtINGKLAe0wd8pc,turkish trap
2r8iLFeSTuOiZualHmSXxS,turkish trap
1iJrQKRh5aJnp6cG5lpITr,turkish trap
2kS0jWMkkFBL0mrl0VotD0,turkish trap
4HSiNCPhdU2snKaVJytlUM,turkish trap
5rBUMBV7L6zPsEKnlgiOm9,turkish trap
1hgaXjbAcED2p80Lj8dzXT,turkish trap
51DevdOxIJin6DB1FXJpD1,turkish trap
1eQzZsJAtBVhN9WP62oXM2,turkish trap pop
6I65kFgfXDWx56jwnip3TU,turkish trap pop
396gqBt8a2NN7gXtDWF7AJ,turkish trap pop
650blPhpj24aloFTk941L3,turkish trap pop
4ESPwgMOkNWv8mZIfe2mdO,turkish trap pop
18hpynG63scJYxOSDYHUVN,turkish trap pop
1063YgLGlWU0JM26pOnrnv,turkish trap pop
0JnDkp29FlLpGwsnub400t,turkish trap pop
2wswrLV1o19frClh3pHxws,turkish trap pop
6qg3g0aneq4tOJgpzIuEmT,turkish trap pop
1tnX93BHWyMdBSLhwAzo1j,turkish trap pop
2sjnyyL9NXijL3Fr2eLikf,turkish trap pop
6h5P3J0j1x2lhiDk9w4deZ,turkish trap pop
1fCfko2pBGowIzqjakqxF8,turkish trap pop
5YP7LI1ddSh4JFYe03h7ue,turkish trap pop
2r8iLFeSTuOiZualHmSXxS,turkish trap pop
1iJrQKRh5aJnp6cG5lpITr,turkish trap pop
4HSiNCPhdU2snKaVJytlUM,turkish trap pop
0KOSzgkMlkeowt1tgIg6ca,turkish trap pop
1hgaXjbAcED2p80Lj8dzXT,turkish trap pop
3xtQQsJvIjKcyaLT4uMsWz,turkish trap pop
6w971ABEzbDRQVUfcbYrl9,corrido
7DkseLyOZrdRjCuoWFtqFi,corrido
0ssx5sZQzc1nZZF2Ks8qXZ,corrido
6w971ABEzbDRQVUfcbYrl9,corridos alternativos
6w971ABEzbDRQVUfcbYrl9,musica mexicana
2Gl3Sy0B1rtWvBURrOf6Gi,musica mexicana
7DkseLyOZrdRjCuoWFtqFi,musica mexicana
0ssx5sZQzc1nZZF2Ks8qXZ,musica mexicana
6w971ABEzbDRQVUfcbYrl9,norteno
7DkseLyOZrdRjCuoWFtqFi,norteno
0ssx5sZQzc1nZZF2Ks8qXZ,norteno
6w971ABEzbDRQVUfcbYrl9,nueva musica mexicana
2Gl3Sy0B1rtWvBURrOf6Gi,nueva musica mexicana
7DkseLyOZrdRjCuoWFtqFi,nueva musica mexicana
0ssx5sZQzc1nZZF2Ks8qXZ,nueva musica mexicana
6w971ABEzbDRQVUfcbYrl9,tololoche
2TwUVWFJs4LD0lOBbJXnNa,afro dancehall
2TwUVWFJs4LD0lOBbJXnNa,nigerian pop
7bdZVVcdyFjxVRj6vCVk9w,big room
4xt0qH1NubQexyAzDa9UlR,big room
0XqFDQJjqW5PfhfBCb53LR,big room
37awA8DFCAnCCL7aqYbDnD,big room
2BwGxEffKsSjsQyKNtBgcQ,forro
2T1se5h5FRkw7ZfR7yxdlm,forro
2BwGxEffKsSjsQyKNtBgcQ,forro de favela
2BwGxEffKsSjsQyKNtBgcQ,tecnobrega
2T1se5h5FRkw7ZfR7yxdlm,arrocha
2T1se5h5FRkw7ZfR7yxdlm,sertanejo pop
29QKtXMaVczUBDiI3aPBWS,boom bap brasileiro
29QKtXMaVczUBDiI3aPBWS,rap mineiro
5zblJYkCzvB51Jh29FB07V,adoracao
3XFPsySK5XlfmcxJGWcyWn,adoracao
5zblJYkCzvB51Jh29FB07V,brazilian gospel
3XFPsySK5XlfmcxJGWcyWn,brazilian gospel
5zblJYkCzvB51Jh29FB07V,rock gospel brasileiro
0tMFcqLXhtm1Gep20iuIR3,deep german hip hop
7GaMopkesD4KK9dNbgyO5D,deep german hip hop
6nHDuiu6PIpfWt6DswQHvL,deep german hip hop
0tMFcqLXhtm1Gep20iuIR3,frauenrap
6t7U7sYlVCtlMWzbecJcHd,frauenrap
7oWrEQO1d3klp0Qrfh7a5h,frauenrap
0tMFcqLXhtm1Gep20iuIR3,german hip hop
7GaMopkesD4KK9dNbgyO5D,german hip hop
6nHDuiu6PIpfWt6DswQHvL,german hip hop
1tnX93BHWyMdBSLhwAzo1j,german hip hop
34LetYSjEuG2fBb4Z8PwPg,german hip hop
7oWrEQO1d3klp0Qrfh7a5h,german hip hop
5wyWp867LWGjFmYZXVSFnZ,german hip hop
2IVvZIe3P9BMuCI6h48Bjg,german hip hop
7ADRm1oT7VmhRRZrZqycV6,german hip hop
7naAJDAh7AZnf18YYfQruM,electropop
6beUvFUlKliUYJdLOXNj9C,electropop
2d6W4cnC5XsVOaxtgaj9hA,electropop
4xnihxcoXWK3UqryOSnbw5,electropop
0vqJkZ0RpLZixt3lTmD8vP,electropop
3sKeaby6GMSJWgYueZaSjE,electropop
1Eie0tY91rpi7Y0jtIOXzI,electropop
4xnMDfgEmXZEEDdITKcGuE,electropop
3v9wPA58IVrX2dg6AjSPgi,electropop
4LZ4De2MoO3lP6QaNCfvcu,electropop
7wLyGTO9vUS7ndlq4BvBGe,electropop
7naAJDAh7AZnf18YYfQruM,pop
0Vw76uk7P8yVtTClWyOhac,pop
4T2k9bgIoC8bbqjqiEl9vZ,pop
0fTav4sBLmYOAzKuJw0grL,pop
6beUvFUlKliUYJdLOXNj9C,pop
2tIP7SsRs7vjIcLrU85W8J,pop
4xnihxcoXWK3UqryOSnbw5,pop
0ZUvK7zGdXLd78mQr3t1Tw,pop
4GNC7GD6oZMSxPGyXy4MNB,pop
2kCO8LXN1usaOPL3iEE28I,pop
5qfkUSH3ip5dD2eEPhjkT3,pop
5Z8UTQtTYNu5o5FA66LFgv,pop
3sKeaby6GMSJWgYueZaSjE,pop
33crDRqANd3NQHJagZkQ7O,pop
6bh228LGC3eAzbplPWV02r,pop
2RVvqRBon9NgaGXKfywDSs,pop
3v9wPA58IVrX2dg6AjSPgi,pop
4LZ4De2MoO3lP6QaNCfvcu,pop
7wLyGTO9vUS7ndlq4BvBGe,pop
0Vw76uk7P8yVtTClWyOhac,uk pop
4T2k9bgIoC8bbqjqiEl9vZ,uk pop
2JLl6rSFWx9YuSPLcLhkAG,uk pop
2TAqN8fwfaKauvviN4pOsv,uk pop
4GNC7GD6oZMSxPGyXy4MNB,uk pop
0m6f0nNS9GEq41eIJ288ff,uk pop
02U4dXZhGSo07f66l8JZ91,uk pop
3sKeaby6GMSJWgYueZaSjE,uk pop
1Eie0tY91rpi7Y0jtIOXzI,uk pop
5pOYIshq4ZLnVBEuw8sF6f,uk pop
2xE7TMnsr4hxdQW5F3urtq,uk pop
6bh228LGC3eAzbplPWV02r,uk pop
0tbeZu9lv8YEKSQ9tZSslu,uk pop
2RVvqRBon9NgaGXKfywDSs,uk pop
3v9wPA58IVrX2dg6AjSPgi,uk pop
7wLyGTO9vUS7ndlq4BvBGe,uk pop
0cjkWe9VXcECGiOEHFuTfc,funk consciente
1S4ASTDQvMwm6jP95pIsYB,funk consciente
0cjkWe9VXcECGiOEHFuTfc,funk paulista
1S4ASTDQvMwm6jP95pIsYB,funk paulista
2qWK8K2Jfh67UqtwY8tCW6,argentine hip hop
7fT2Me47PQ8T7954PKrcwR,argentine hip hop
1vqR17Iv8VFdzure1TAXEq,argentine hip hop
2qWK8K2Jfh67UqtwY8tCW6,trap argentino
7fT2Me47PQ8T7954PKrcwR,trap argentino
5YCc6xS5Gpj3EkaYGdjyNK,trap argentino
1vqR17Iv8VFdzure1TAXEq,trap argentino
5Y3MV9DZ0d87NnVm56qSY1,trap argentino
2qWK8K2Jfh67UqtwY8tCW6,trap latino
7kXCcNRLEnblbTAppPraBp,trap latino
7fT2Me47PQ8T7954PKrcwR,trap latino
1GAymyGBvB4gQy5Z5LZ1Wj,trap latino
2CCgb0KApjfQDuTppovpf8,trap latino
2ayNSoKPCRAfjp6hQ76hRu,trap latino
1vqR17Iv8VFdzure1TAXEq,trap latino
5Y3MV9DZ0d87NnVm56qSY1,trap latino
6w9ToX5slZ4uIdmD17hJ3c,trap latino
0pSx3asj3usz5PRt8COo0E,drill italiana
0pSx3asj3usz5PRt8COo0E,emo rap italiano
0pSx3asj3usz5PRt8COo0E,italian hip hop
1KQJOTeIMbixtnSWY4sYs2,italian hip hop
0hk4xVujcyOr6USD95wcWb,italian hip hop
0pSx3asj3usz5PRt8COo0E,trap italiana
1KQJOTeIMbixtnSWY4sYs2,trap italiana
0hk4xVujcyOr6USD95wcWb,trap italiana
1VBbewnHtegBSEB7kRXDzQ,children's music
31VFEohvhOUKrtAONEBhMG,reggaeton mexicano
7sOR7gk6XUlGnxj3p9F54k,modern alternative rock
2q3GG88dVwuQPF4FmySr9I,modern alternative rock
6g878dtAhjegRHVe5X0ALf,modern alternative rock
4OTFxPi5CtWyj1NThDe6z5,modern alternative rock
4ug3P1K8BaCdJXROrqHqhu,modern alternative rock
7sOR7gk6XUlGnxj3p9F54k,modern rock
2q3GG88dVwuQPF4FmySr9I,modern rock
6g878dtAhjegRHVe5X0ALf,modern rock
4OTFxPi5CtWyj1NThDe6z5,modern rock
14Gi3Uph96lpNB3utkoVAD,modern rock
5ictveRyhWRs8Gt8Dvt1hS,modern rock
1anAI9P9iSzc9qzLv6AtHZ,modern rock
6DKmuXxXASTF6xaJwcTfjv,modern rock
4ug3P1K8BaCdJXROrqHqhu,modern rock
4T2k9bgIoC8bbqjqiEl9vZ,neo mellow
37NqXwtb6nIEqRt4EJSoIO,neo mellow
3nVeK8gQChVtVCCjGreal2,neo mellow
6szSMqKKwkFqJoK3MxK3Hk,neo mellow
6gvVFtkTV4OCyQSCzGgU1h,czech hip hop
6gvVFtkTV4OCyQSCzGgU1h,czsk hip hop
1gRr6moof50L1b7XsbClvI,czsk hip hop
57YFNq46Xx86nl7ETkd1Ei,otacore
0HSGaSAaBPZJq4lisoWA59,otacore
480xKab3lUPhBBnCzlzqIu,otacore
1tofuk7dTZwb6ZKsr7XRKB,otacore
1qLwXsUtyW2Ba2Iotg4gE3,otacore
3UX79kbvgAEhCSbA8HVv7W,otacore
1NRrtMvT3o1TI6I8XCuweq,otacore
56PyKVahtx19m672QyZTG0,otacore
77YvCBWe0tTLygpgSJsdOH,tamil pop
4hBCDHUWTljP6BDl5AekgW,tamil pop
0fTav4sBLmYOAzKuJw0grL,chill r&b
5qfkUSH3ip5dD2eEPhjkT3,chill r&b
5Z8UTQtTYNu5o5FA66LFgv,chill r&b
5pOYIshq4ZLnVBEuw8sF6f,chill r&b
33crDRqANd3NQHJagZkQ7O,chill r&b
48JtfAggQQpfUXQNxkGm5U,chill r&b
5nKGeITSNCVP76muyOlszy,colombian indie
5nKGeITSNCVP76muyOlszy,colombian pop
3m5qlPf2OkihLz3dRYnkPA,colombian pop
5nKGeITSNCVP76muyOlszy,latin pop
3bvfu2KAve4lPHrhEFDZna,latin pop
6i3DxIlAqnDkwELLw4aVrx,latin pop
77iZVjeYoYSl5P0K9mIiUE,latin pop
1GAymyGBvB4gQy5Z5LZ1Wj,latin pop
6ModsWtBph2rE6zCTVxvZt,latin pop
2ayNSoKPCRAfjp6hQ76hRu,latin pop
3m5qlPf2OkihLz3dRYnkPA,latin pop
5nKGeITSNCVP76muyOlszy,r&b en espanol
7ltDVBr6mKbRvohxheJ9h1,r&b en espanol
39XT9gMoNmMCOlvTTR273m,uk drill
39XT9gMoNmMCOlvTTR273m,uk hip hop
4E0mDf341TLViBbNefSrsK,uk hip hop
5VadK1havLhK1OpKYsXv9y,uk hip hop
4tejKImNVmDcORNBuZ1l14,tollywood
5qQdzyIlYfzICKOVdb7XvY,trap brasileiro
6PIIKavZx20FlVKyIvb4Um,musica santomense
6PIIKavZx20FlVKyIvb4Um,portuguese pop
5eLTULECbpoiNT8czpulxX,neue volksmusik
5eLTULECbpoiNT8czpulxX,partyschlager
5eLTULECbpoiNT8czpulxX,volkspop
1WLEfsQjvgtFSGkrHonzFX,eurovision
7D7k550IB6EszWmzVVCJSK,eurovision
34uGMERnU9XHnmQDnK03Gj,eurovision
1WLEfsQjvgtFSGkrHonzFX,latin talent show
1WLEfsQjvgtFSGkrHonzFX,latin viral pop
5Vz74ibGHBQaUa2ALDOH0v,pop peruano
5Vz74ibGHBQaUa2ALDOH0v,salsa peruana
5Vz74ibGHBQaUa2ALDOH0v,tropical
2vdi5RS6XV5Qy7J5GgDqgn,tropical
2rwLjVHS15sfzciKXXNbgA,tropical
6beUvFUlKliUYJdLOXNj9C,art pop
6DKmuXxXASTF6xaJwcTfjv,art pop
6beUvFUlKliUYJdLOXNj9C,indie poptimism
1anAI9P9iSzc9qzLv6AtHZ,indie poptimism
0vqJkZ0RpLZixt3lTmD8vP,indie poptimism
2vGaSKEDFsVPBgcnGxqlBN,indie poptimism
1Eie0tY91rpi7Y0jtIOXzI,indie poptimism
3S4d3YRNGg2OhnNm3QvfhA,indie poptimism
4ug3P1K8BaCdJXROrqHqhu,indie poptimism
6beUvFUlKliUYJdLOXNj9C,nyc pop
1Eie0tY91rpi7Y0jtIOXzI,nyc pop
6iWuBN32BqCJAeXW6o3nil,nyc pop
0tbeZu9lv8YEKSQ9tZSslu,nyc pop
3bvfu2KAve4lPHrhEFDZna,spanish pop
2tIP7SsRs7vjIcLrU85W8J,australian hip hop
2Ltr0s15RyvsjqWzSmiSRs,australian hip hop
438DEJaM9KJdqbBUPnVYB0,russian dance
0L3wrFI3QcbXAvFL7IaPQX,turkce kadin rap
4cKccE5LtINGKLAe0wd8pc,turkce kadin rap
2UHBgxDvOBaIY7hQ8CEAmW,indonesian pop
2WhoMc7XqIzVXWbQqSoqe7,indonesian pop
3UlOKNAlGyi7POSE9kyhfR,indonesian pop
02Tq76MwpeoRu3BHIAiaio,indonesian pop
7b4mucf6X53D3pEaY1jWl6,indonesian pop
6oM1PyiV3LidEUIHKubg3W,indonesian pop
2vRToyl7mxoVbwwSsRBXAM,indonesian pop
09toGEEhpusLyZ6Nk9AmRf,indonesian pop
0UtZ0DRiE8usRg9GyjCPCr,indonesian pop
04u3fc37nHFKN7GJTSIwI8,indonesian pop
7d86ERlvO5UG44j7Va0Y0C,indonesian pop
4HHdjvdn30koo54zQ6QeF5,indonesian pop
46cVq2dwPgzPE3X1VR9TMj,indonesian pop
1RP6w1culo2vykXGaiYdrQ,musica para ninos
0Z0wQc5Y1kqVxgMgSXifZe,turkish jazz
5Oo6D3FLRpWjgBn0mqfiA3,turkish jazz
3OVWvBHwlq5w8iRJEBoCp2,turkish jazz
6RXvZtTyld421VPmJtLqkL,turkish jazz
2crPPfVdmrxn5yUHLQVqOI,turkish jazz
03YhQQYWzaAU3HAQAJzIHG,turkish jazz
5zkh6MICzIQIUoA9NfZpBx,turkish jazz
0ylYRIvKTpv9uvTfKbYjM0,turkish jazz
6rxgxAlUPT4sDElRZeVec6,turkish jazz
7HIccJjwPhWkLVKu0gGJgB,turkish jazz
0Z0wQc5Y1kqVxgMgSXifZe,turkish rock
6xLv41SHPrVVfvyGd1M7ut,turkish rock
5Oo6D3FLRpWjgBn0mqfiA3,turkish rock
3hzijSzD6IwOV4SY2SiWQp,turkish rock
0rHmlPHC63IGBTrtQEdDw6,turkish rock
27sJOP3QjNbw349IrcROwj,turkish rock
6RXvZtTyld421VPmJtLqkL,turkish rock
6dDaXbE1caD65TONToYXYx,turkish rock
1QZYklqR55tZ6b5mK4LD41,turkish rock
4YLcK0MEyqFkdyyzbPTWrs,turkish rock
1tgfi3YYoeXKehnjKaMsOo,turkish rock
63RFns47gk00mnHIQ8zTR1,turkish rock
2crPPfVdmrxn5yUHLQVqOI,turkish rock
3uW8VB9ixiNMAJBm7ZsBVT,turkish rock
1UV3ii5FWWXF3jkZVeA2bb,turkish rock
4EJYpvhyY4gO4rjEeitXLa,turkish rock
2DJNQjrMqbyGFax9mgHm3f,turkish rock
7pUjWNH0hKYpRzWDdNLzAi,turkish rock
70Ya7DKJEo20SAkxjirYnu,turkish rock
03YhQQYWzaAU3HAQAJzIHG,turkish rock
0w92tV1EQp7sxly7UjGR4P,turkish rock
0ylYRIvKTpv9uvTfKbYjM0,turkish rock
7BCcSXMFEzcharu4oXag9d,turkish rock
6rxgxAlUPT4sDElRZeVec6,turkish rock
56g1u3Bu0S5072aksxyBei,turkish rock
4MUb8ilmrxyePXwSkG31lC,turkish rock
4q2SZIdLq6YTc9cZLCclWc,turkish rock
1HsQw7SuwmxSH4r2aqF9DB,turkish rock
1dvuibBCx9TnbCKIdOEF4l,turkish rock
0cjA9XY1jx3RlniZbMkCWy,turkish rock
7MZj0XxqxlCZPj6JsMQq0Z,turkish rock
6xLv41SHPrVVfvyGd1M7ut,deep turkish pop
3aYxHPDvu8SETLVJBEUqld,deep turkish pop
2fYdUIUPS7aDdWCzb8Aw2k,deep turkish pop
1dp13r1d5Mp119KCR4BQvw,deep turkish pop
28bHkFlKKHHudmgvnfYpiJ,deep turkish pop
7EJB9F3fv0x2ezht730D7F,deep turkish pop
2DJNQjrMqbyGFax9mgHm3f,deep turkish pop
3QLMLmISoZnFxUdzSoT6JB,deep turkish pop
6hypPYDPSsgioRRfBXve38,deep turkish pop
2Uxd5x92nW0Q06DoHcpSBJ,deep turkish pop
56g1u3Bu0S5072aksxyBei,deep turkish pop
4StjyzjcmZ7a9QncHVf0pu,deep turkish pop
6xLv41SHPrVVfvyGd1M7ut,karadeniz pop
2AhmWHekrahJri4f5e08Tf,karadeniz pop
35ngoeYRyOveM0rPvahkot,karadeniz pop
03YhQQYWzaAU3HAQAJzIHG,karadeniz pop
48CUA59SDed3IdCctKndud,karadeniz pop
2wswrLV1o19frClh3pHxws,karadeniz pop
6xLv41SHPrVVfvyGd1M7ut,turkish pop
51YBtWvwOP37hIGmnxf4yC,turkish pop
5Oo6D3FLRpWjgBn0mqfiA3,turkish pop
4T83el9VQDI0zOyU9zcYNq,turkish pop
3aYxHPDvu8SETLVJBEUqld,turkish pop
2fYdUIUPS7aDdWCzb8Aw2k,turkish pop
3OVWvBHwlq5w8iRJEBoCp2,turkish pop
1kOoLMi8Z7nDeIa0bSfM3N,turkish pop
0rHmlPHC63IGBTrtQEdDw6,turkish pop
2AhmWHekrahJri4f5e08Tf,turkish pop
6g7GF7BLC41JTHJwgB4wQW,turkish pop
27sJOP3QjNbw349IrcROwj,turkish pop
1mpOD8ZwHnbsryIuXWq0R1,turkish pop
6dDaXbE1caD65TONToYXYx,turkish pop
1QZYklqR55tZ6b5mK4LD41,turkish pop
28bHkFlKKHHudmgvnfYpiJ,turkish pop
0Aoou2kIWXrzTOfhFzmNqa,turkish pop
18hpynG63scJYxOSDYHUVN,turkish pop
2crPPfVdmrxn5yUHLQVqOI,turkish pop
1UV3ii5FWWXF3jkZVeA2bb,turkish pop
1063YgLGlWU0JM26pOnrnv,turkish pop
4EJYpvhyY4gO4rjEeitXLa,turkish pop
7EJB9F3fv0x2ezht730D7F,turkish pop
2DJNQjrMqbyGFax9mgHm3f,turkish pop
3QLMLmISoZnFxUdzSoT6JB,turkish pop
6hypPYDPSsgioRRfBXve38,turkish pop
70Ya7DKJEo20SAkxjirYnu,turkish pop
48CUA59SDed3IdCctKndud,turkish pop
5zkh6MICzIQIUoA9NfZpBx,turkish pop
5yhN4qXpv9cghmJglovvmg,turkish pop
7A6T0nTpXnPXDUGM1yEjEj,turkish pop
5gs9qloTR5m6dM0ScMty3H,turkish pop
0ylYRIvKTpv9uvTfKbYjM0,turkish pop
1B4KdcJA6Dh1MlAiezqc08,turkish pop
2Uxd5x92nW0Q06DoHcpSBJ,turkish pop
56g1u3Bu0S5072aksxyBei,turkish pop
60MyIKYA3yY1lGNroaZIgT,turkish pop
2QslFlDyZVpLYwfqyRDkNs,turkish pop
0ZRQKFaYGEtbLc8NbyICoe,turkish pop
7JrZbwBSIfKcc2gn1Xa4Bd,turkish pop
0cjA9XY1jx3RlniZbMkCWy,turkish pop
4StjyzjcmZ7a9QncHVf0pu,turkish pop
7MZj0XxqxlCZPj6JsMQq0Z,turkish pop
2h1EEQ0lD01lPKDRGisvL4,turkish pop
0T7JQxpy1Li93vLNirbv0Z,alternative metal
5vbtZfRJjn2QLhPhtYpiqi,alternative metal
4HrkLxQHZ5mgCtIVpiH5QX,alternative metal
0T7JQxpy1Li93vLNirbv0Z,alternative rock
6DKmuXxXASTF6xaJwcTfjv,alternative rock
0T7JQxpy1Li93vLNirbv0Z,blues rock
0T7JQxpy1Li93vLNirbv0Z,grunge
0T7JQxpy1Li93vLNirbv0Z,nu metal
5vbtZfRJjn2QLhPhtYpiqi,nu metal
0T7JQxpy1Li93vLNirbv0Z,rock
14Gi3Uph96lpNB3utkoVAD,rock
0T7JQxpy1Li93vLNirbv0Z,supergroup
68rvMwPL0yMbYR5cv0pzCR,lebanese pop
0hgX6slgQFj1QpjpKHbcK1,dutch hip hop
6J2bFI9tQDWfPHjoKHKrOu,dutch hip hop
2408j875K0AESndCiOw5UO,dutch hip hop
1eLxAzPSnsl03ajNNihddF,dutch hip hop
0hgX6slgQFj1QpjpKHbcK1,dutch rap pop
6J2bFI9tQDWfPHjoKHKrOu,dutch rap pop
2408j875K0AESndCiOw5UO,dutch rap pop
3xhksfxjNLUAyxUdijvk4x,dutch rap pop
1eLxAzPSnsl03ajNNihddF,dutch rap pop
3VSHFjwG94ubNcoST9hfxX,thai folk
5Oo6D3FLRpWjgBn0mqfiA3,turkish folk
4FjxqqOXKI1eGLrYn3GUq4,turkish folk
2AhmWHekrahJri4f5e08Tf,turkish folk
6g7GF7BLC41JTHJwgB4wQW,turkish folk
5Q26mEUNtBa8yfc3mVYqsp,turkish folk
396gqBt8a2NN7gXtDWF7AJ,turkish folk
0Fd2y4arCJPyGqNkZDq2vZ,turkish folk
03YhQQYWzaAU3HAQAJzIHG,turkish folk
48CUA59SDed3IdCctKndud,turkish folk
5zkh6MICzIQIUoA9NfZpBx,turkish folk
0J7kxhnyiFpd0NArVYvexR,turkish folk
1B4KdcJA6Dh1MlAiezqc08,turkish folk
7HIccJjwPhWkLVKu0gGJgB,turkish folk
1fBcQOi8yEfWN7fknMoqIE,french reggae
1fBcQOi8yEfWN7fknMoqIE,german reggae
3aYxHPDvu8SETLVJBEUqld,arabesk
2fYdUIUPS7aDdWCzb8Aw2k,arabesk
533wb2q2kU814aFEWaIlG2,arabesk
2TUYtKan3NuDy9JexzL4db,arabesk
4i6eVyyyPdSryQCzO7GK0K,arabesk
2AhmWHekrahJri4f5e08Tf,arabesk
6g7GF7BLC41JTHJwgB4wQW,arabesk
396gqBt8a2NN7gXtDWF7AJ,arabesk
6hypPYDPSsgioRRfBXve38,arabesk
0Fd2y4arCJPyGqNkZDq2vZ,arabesk
0yL545lRAjDEFeDBPdxDtd,arabesk
0J7kxhnyiFpd0NArVYvexR,arabesk
1B4KdcJA6Dh1MlAiezqc08,arabesk
7yiLonxrJVgZKSbjo0gh6V,arabesk
0RkqytrwoGyXGvDiZwT6i2,soundtrack
0z9s3P5vCzKcUBSxgBDyLU,soundtrack
0JnNzCUsHuDcUcBatOzuGP,soundtrack
17aC1wctGme2P8YC6LVov2,baroque ensemble
17aC1wctGme2P8YC6LVov2,baroque singing
17aC1wctGme2P8YC6LVov2,choral
17aC1wctGme2P8YC6LVov2,classical countertenor
17aC1wctGme2P8YC6LVov2,classical performance
7xB7TQUAeFWgqdkhGiArgZ,classical performance
02B3Os1lCLuWR6klPJiQpW,classical performance
17aC1wctGme2P8YC6LVov2,opera
3ea1ZpptTqS5pwYYpQQVCo,electro jazz
3ea1ZpptTqS5pwYYpQQVCo,electro swing
492hDmhPyuIjP3MgTcIqgm,electro swing
3ea1ZpptTqS5pwYYpQQVCo,nu jazz
492hDmhPyuIjP3MgTcIqgm,nu jazz
5NCKpzuowtihcIrIHFjKbJ,nu jazz
521Yl3LUvD7G9dMRO4fpCy,finnish metal
521Yl3LUvD7G9dMRO4fpCy,folk metal
521Yl3LUvD7G9dMRO4fpCy,nordic folk metal
521Yl3LUvD7G9dMRO4fpCy,power metal
0rEuaTPLMhlViNCJrg3NEH,power metal
3BNDjSD67jJE4fhxX1b2OV,power metal
521Yl3LUvD7G9dMRO4fpCy,viking metal
2TUYtKan3NuDy9JexzL4db,anadolu rock
3hzijSzD6IwOV4SY2SiWQp,anadolu rock
0rHmlPHC63IGBTrtQEdDw6,anadolu rock
6RXvZtTyld421VPmJtLqkL,anadolu rock
63RFns47gk00mnHIQ8zTR1,anadolu rock
1UV3ii5FWWXF3jkZVeA2bb,anadolu rock
03YhQQYWzaAU3HAQAJzIHG,anadolu rock
7MZj0XxqxlCZPj6JsMQq0Z,anadolu rock
3hzijSzD6IwOV4SY2SiWQp,turkish alternative
7BCcSXMFEzcharu4oXag9d,turkish alternative
3hzijSzD6IwOV4SY2SiWQp,turkish alternative rock
7pUjWNH0hKYpRzWDdNLzAi,turkish alternative rock
0w92tV1EQp7sxly7UjGR4P,turkish alternative rock
4MUb8ilmrxyePXwSkG31lC,turkish alternative rock
7GaMopkesD4KK9dNbgyO5D,cologne hip hop
4FjxqqOXKI1eGLrYn3GUq4,karadeniz turkuleri
0rHmlPHC63IGBTrtQEdDw6,karadeniz turkuleri
35ngoeYRyOveM0rPvahkot,karadeniz turkuleri
03YhQQYWzaAU3HAQAJzIHG,karadeniz turkuleri
48CUA59SDed3IdCctKndud,karadeniz turkuleri
5zkh6MICzIQIUoA9NfZpBx,karadeniz turkuleri
4fxp616ALtFWnXfwxnjLzW,baroque pop
4fxp616ALtFWnXfwxnjLzW,chamber pop
1ZsnHGOLYFg8CAHQQBc1ut,chamber pop
6DKmuXxXASTF6xaJwcTfjv,chamber pop
2LSJrlndCuTpdEluvYHc2E,chamber pop
4fxp616ALtFWnXfwxnjLzW,melancholia
0Aoou2kIWXrzTOfhFzmNqa,melancholia
1uQWmt1OhuHGRKmZ2ZcL6p,melancholia
4fxp616ALtFWnXfwxnjLzW,singer-songwriter
1ZsnHGOLYFg8CAHQQBc1ut,singer-songwriter
6DKmuXxXASTF6xaJwcTfjv,singer-songwriter
49GY4uPAwdlk5lSGtfKWYl,bass house
49GY4uPAwdlk5lSGtfKWYl,speed garage
49GY4uPAwdlk5lSGtfKWYl,uk funky
49GY4uPAwdlk5lSGtfKWYl,uk garage
37NqXwtb6nIEqRt4EJSoIO,british soul
6oX4tx055oEFYM3ahDTyOD,british soul
37NqXwtb6nIEqRt4EJSoIO,dance pop
5nki7yRhxgM509M5ADlN1p,dance pop
5oWOx0BBDSMoFB8JDrjQre,dance pop
4LKB1IkCINDDjEX8iS7glI,dance pop
3v9wPA58IVrX2dg6AjSPgi,dance pop
37NqXwtb6nIEqRt4EJSoIO,europop
7D7k550IB6EszWmzVVCJSK,europop
37NqXwtb6nIEqRt4EJSoIO,neo soul
6OkX55UMCw4Hgc5HM4zr7K,neo soul
0tbeZu9lv8YEKSQ9tZSslu,neo soul
187qoiisjzqvj3wsBWLotr,basshall
0fwGtEcJ4v3H0btcbM0KWc,basshall
6bb9VI1PpPTEmdgcgjTppX,egyptian pop
4CflzQprp6nZxKiv0t78tH,egyptian pop
5LtHZB7vU02HtNoOzNcVhc,egyptian pop
2N72bJ8IYB4KZmKmxz5Xkk,egyptian pop
2D5kO95AWEXMHRvqvCKb7K,weirdcore
0j5kVHxvTgUN4nBIPKCLRJ,weirdcore
4b19vuzlDcNdU4quI7L6sW,weirdcore
2xjVYIMLS3nR5Y1UOr02Vb,abstract beats
1ZsnHGOLYFg8CAHQQBc1ut,british singer-songwriter
02YLJJnWC7YQVixkjEBRn7,british singer-songwriter
56GNqAFg9wJNTwcHsJhyS2,british singer-songwriter
1ZsnHGOLYFg8CAHQQBc1ut,britpop
0G8zjE6SsFTlbglCkU8pm3,britpop
14Gi3Uph96lpNB3utkoVAD,britpop
6DKmuXxXASTF6xaJwcTfjv,britpop
1ZsnHGOLYFg8CAHQQBc1ut,sheffield indie
1ZsnHGOLYFg8CAHQQBc1ut,solo wave
6RXvZtTyld421VPmJtLqkL,turkish singer-songwriter
1tgfi3YYoeXKehnjKaMsOo,turkish singer-songwriter
2crPPfVdmrxn5yUHLQVqOI,turkish singer-songwriter
4sldxVDeyb0J8OMoYApqfV,turkish singer-songwriter
7EJB9F3fv0x2ezht730D7F,turkish singer-songwriter
03YhQQYWzaAU3HAQAJzIHG,turkish singer-songwriter
0cjA9XY1jx3RlniZbMkCWy,turkish singer-songwriter
2d6W4cnC5XsVOaxtgaj9hA,dutch pop
492hDmhPyuIjP3MgTcIqgm,dutch pop
1eLxAzPSnsl03ajNNihddF,dutch pop
5gWzmnHTLNXz5CjOc0wAuK,dutch pop
2eHZ1Vns5972fZNdhnjopG,dutch pop
3898xesz6JuQkpz7Kiu4uM,dutch pop
2ZMnWI3oIHyj7MyuZ99gvu,armenian hip hop
2ZMnWI3oIHyj7MyuZ99gvu,armenian pop
0iC8O5ABswVUFiYwM94bu3,norwegian americana
0iC8O5ABswVUFiYwM94bu3,norwegian rock
7D7k550IB6EszWmzVVCJSK,greek pop
1gyBRbQACz4JJX2HRROigK,greek pop
6BOprAXvUTWZjImX2dFdEa,greek pop
7D7k550IB6EszWmzVVCJSK,laiko
1gyBRbQACz4JJX2HRROigK,laiko
6BOprAXvUTWZjImX2dFdEa,laiko
08j69Ndyx1P7RLO3Janb5P,electronica
5NCKpzuowtihcIrIHFjKbJ,electronica
5TkylUv5ysSbNoawmn3PBj,electronica
6DKmuXxXASTF6xaJwcTfjv,electronica
08j69Ndyx1P7RLO3Janb5P,icelandic indie
5WoWlP0ihSFIxnppxjwSgE,icelandic indie
08j69Ndyx1P7RLO3Janb5P,icelandic pop
08j69Ndyx1P7RLO3Janb5P,icelandic singer-songwriter
08j69Ndyx1P7RLO3Janb5P,trip hop
5NCKpzuowtihcIrIHFjKbJ,trip hop
5txAC0hwbFB09Nv8Y1hPJl,gymcore
5txAC0hwbFB09Nv8Y1hPJl,hard alternative
0z9s3P5vCzKcUBSxgBDyLU,british contemporary classical
0z9s3P5vCzKcUBSxgBDyLU,british soundtrack
0z9s3P5vCzKcUBSxgBDyLU,compositional ambient
1dyZDfHcTtUJjx0DFBcOvc,compositional ambient
2fJb06JRcuBWypwj46TQZj,compositional ambient
02uPe16VFxPaiueQsPEDkE,compositional ambient
6fTuDQJqqMDrrEXSFmgyJt,compositional ambient
3haVJx9TUcufYl1rPyH0iv,compositional ambient
5NCKpzuowtihcIrIHFjKbJ,indian fusion
5NCKpzuowtihcIrIHFjKbJ,world fusion
1dp13r1d5Mp119KCR4BQvw,turkish reggae
0Wj6u7zMY2dOLkJGz62bEp,german dance
2R1OELuSJzXjRm8lc8FjPC,kavkaz
2R1OELuSJzXjRm8lc8FjPC,russian gangster rap
2R1OELuSJzXjRm8lc8FjPC,russian hip hop
3ZOk6bDH8ORFWZUA4qvevR,russian hip hop
6o7TsOGOEF5Mqpiz2KCyWE,russian hip hop
4HVffUWlHdRmS5dpOvDVyJ,russian hip hop
1jHQI26XkjY8BHwvDnh9Jw,bossbeat
1jHQI26XkjY8BHwvDnh9Jw,rebel blues
6g878dtAhjegRHVe5X0ALf,rebel blues
3ZOk6bDH8ORFWZUA4qvevR,russian underground rap
0G8zjE6SsFTlbglCkU8pm3,lancashire indie
0G8zjE6SsFTlbglCkU8pm3,piano rock
0G8zjE6SsFTlbglCkU8pm3,pop rock
3nZa8vRD64ueq3d0JNYTsl,pop rock
31oMMIBDMM2Z1RQO7u8irE,pop rock
1Eie0tY91rpi7Y0jtIOXzI,pop rock
6lO3fSdhsdpeOcrbqAJsRU,bass trap
2GH5uRMxmuAWn90B8DEZU3,bass trap
2WMIMX93pQyfyAF2J2r1ID,bass trap
7qF6NAMsPdmVz0o8n5v1Ht,bass trap
6lO3fSdhsdpeOcrbqAJsRU,gaming edm
2sf28o6euxEDpYkG9dMtuM,gaming edm
4u1nYxjl132D6rcMeYQ6Zz,gaming edm
6lO3fSdhsdpeOcrbqAJsRU,traprun
3UV0wVQkft6lKLDGioqnyO,traprun
4Q3f2YYH4gQxWFS3WY5G3j,french indie pop
1JV4iC1UhplRE8RFr8Q9n9,french indie pop
6q8cNe6Wif1WvM97vcFD8O,french indie pop
2mcNCn1qbZUQ3J9KHapUxj,french indie pop
5TkylUv5ysSbNoawmn3PBj,french indie pop
6t7U7sYlVCtlMWzbecJcHd,albanian hip hop
1JV4iC1UhplRE8RFr8Q9n9,electro-pop francais
5TkylUv5ysSbNoawmn3PBj,electro-pop francais
1JV4iC1UhplRE8RFr8Q9n9,french indietronica
2mcNCn1qbZUQ3J9KHapUxj,french indietronica
5TkylUv5ysSbNoawmn3PBj,french indietronica
1JV4iC1UhplRE8RFr8Q9n9,indie soul
7KGI0OwY8iAL5rI5p47YyK,indie soul
5LuLeXlnT2jFxbx7Cg7j88,indie soul
4GoD5FJCgC0lbzde7ly44M,indie soul
39ZQx0618UYVBgGTDOJ2ds,indie soul
5qfkUSH3ip5dD2eEPhjkT3,indie soul
3S4d3YRNGg2OhnNm3QvfhA,indie soul
0tbeZu9lv8YEKSQ9tZSslu,indie soul
4kIwETcbpuFgRukE8o7Opx,indie soul
1JV4iC1UhplRE8RFr8Q9n9,nu disco
1peH5tSqnYm8W6Bo3I5egE,hip pop
1peH5tSqnYm8W6Bo3I5egE,miami hip hop
6qFEVczpjXakMuKcI5BBdc,video game music
1K3hYM185V2bhs9iRzFpIH,turkish soundtrack
0HCkZtmMJLvUyWT5m0ojBX,rune folk
7sTKZr30LqC928DZ5P9mNQ,rune folk
3wRt3iJpZDOg73CTUkfv5C,modern alternative pop
4GoD5FJCgC0lbzde7ly44M,modern alternative pop
5nlhxXs2Lgr8nH98jC26pw,manele
3vJCYheZF5PWUvTIykvNG5,epicore
4SGDDnlwi5G42HTGzYl2Fc,epicore
7COP1HCvVq1cIpZcLQYoNe,small room
6q8cNe6Wif1WvM97vcFD8O,french rock
2mcNCn1qbZUQ3J9KHapUxj,french rock
4YLcK0MEyqFkdyyzbPTWrs,turkish alt pop
2crPPfVdmrxn5yUHLQVqOI,turkish alt pop
0w92tV1EQp7sxly7UjGR4P,turkish alt pop
3B6Y5J77CI7KffJy2FlTP3,turkish alt pop
01GsQzZqKa4M0j3CJ9BF13,turkish alt pop
7BCcSXMFEzcharu4oXag9d,turkish alt pop
2aZlYOswKNlrwqpuTsckKd,turkish alt pop
4MUb8ilmrxyePXwSkG31lC,turkish alt pop
7CW2eGwAuElNq09rVtZYsM,turkish alt pop
1dvuibBCx9TnbCKIdOEF4l,turkish alt pop
2FxIS6uj3aDXwHBU1Y2mBW,turkish alt pop
4otJVkrLLqDF8OxFJOigme,turkish alt pop
2mcNCn1qbZUQ3J9KHapUxj,rock independant francais
2fJb06JRcuBWypwj46TQZj,french soundtrack
6QyO41KctzGc70mVaVnXQO,k-pop girl group
2KC9Qb60EaY0kW4eH68vr3,k-pop girl group
24nUVBIlCGi4twz4nYxJum,k-pop girl group
6QyO41KctzGc70mVaVnXQO,korean city pop
6nHDuiu6PIpfWt6DswQHvL,german underground rap
2IVvZIe3P9BMuCI6h48Bjg,german underground rap
1FCJ4zmRfkGUOtY65Jettg,burkinabe pop
4wO1Ld1CKjm4vFMNUn7E7k,cumbia chilena
4wO1Ld1CKjm4vFMNUn7E7k,cumbia ranchera
7sTKZr30LqC928DZ5P9mNQ,dark folk
7sTKZr30LqC928DZ5P9mNQ,viking folk
3r5UA1Z5M9M5oL8L1InzwZ,cocuk sarkilari
3NTPcAWlpWNQoAtSIdIzVi,oyun havasi
0yL545lRAjDEFeDBPdxDtd,oyun havasi
3NTPcAWlpWNQoAtSIdIzVi,turkce remix
0NSO0g40h9CTj13hKPskeb,arabic jazz
0NSO0g40h9CTj13hKPskeb,french jazz
0NSO0g40h9CTj13hKPskeb,jazz trumpet
7KGI0OwY8iAL5rI5p47YyK,vapor soul
1Xq5wasmlEwC6TqCqJtP5o,vapor soul
3S4d3YRNGg2OhnNm3QvfhA,vapor soul
5LuLeXlnT2jFxbx7Cg7j88,uk contemporary r&b
6lHO1eGthNnos9KP2BH0cG,uk contemporary r&b
4kIwETcbpuFgRukE8o7Opx,uk contemporary r&b
0OQeMFqoRD5clB0cPYVbxY,kora
0OQeMFqoRD5clB0cPYVbxY,mallet
0OQeMFqoRD5clB0cPYVbxY,musique mandingue
7vWBZm3sQ8yQvfV4nXxHXK,indie pop rap
5344K3N7rx7kw1HjO8psuq,covertronica
1EtBmvqGOtWnjDgCUFQRqI,covertronica
3UV0wVQkft6lKLDGioqnyO,covertronica
5344K3N7rx7kw1HjO8psuq,tropical house
5nki7yRhxgM509M5ADlN1p,tropical house
0vqJkZ0RpLZixt3lTmD8vP,tropical house
4LKB1IkCINDDjEX8iS7glI,tropical house
2zHHEU3t9cutZFyG0fHdOR,tropical house
1Xq5wasmlEwC6TqCqJtP5o,tropical house
0XqFDQJjqW5PfhfBCb53LR,tropical house
4xnMDfgEmXZEEDdITKcGuE,tropical house
3v9wPA58IVrX2dg6AjSPgi,tropical house
4LZ4De2MoO3lP6QaNCfvcu,tropical house
7xB7TQUAeFWgqdkhGiArgZ,orchestral performance
4RzbexUO843fc5SLqKEQCr,trap soul
5zkh6MICzIQIUoA9NfZpBx,turk sanat muzigi
235rIOpga6eYnAP03JD444,arab alternative
5INSKpcDpSbntKDXkJmoff,lithuanian hip hop
44T03OWDUjwDgg4IYgFCWi,russian pop
6o7TsOGOEF5Mqpiz2KCyWE,russian pop
6wbEgVlGqWb4I9tbMluu5Q,russian pop
44T03OWDUjwDgg4IYgFCWi,ukrainian pop
6wbEgVlGqWb4I9tbMluu5Q,ukrainian pop
4GoD5FJCgC0lbzde7ly44M,alternative r&b
5qfkUSH3ip5dD2eEPhjkT3,alternative r&b
0tbeZu9lv8YEKSQ9tZSslu,alternative r&b
4xt0qH1NubQexyAzDa9UlR,future house
5nki7yRhxgM509M5ADlN1p,future house
4BaLB5aiExO29BEGVUisru,deep euro house
4BaLB5aiExO29BEGVUisru,organic electronic
4BaLB5aiExO29BEGVUisru,organic house
3yQP3LX8hoBRipj8eK7xmE,russian edm
1EtBmvqGOtWnjDgCUFQRqI,slap house
37awA8DFCAnCCL7aqYbDnD,slap house
7p1fL0cAuCPDMG6oBswFhM,anime rock
6n4SsAp5VjvIBg3s9QCcPX,anime rock
2zwGPEFviyaICCDiAWxLjy,anime rock
6whFEcaV75AmQMiwlfaxvc,anime rock
1cXxia1Q2VDTjWe8X2Jydm,anime rock
3NTbOmzlj2cL86XFuDVFvZ,anime rock
1tofuk7dTZwb6ZKsr7XRKB,anime rock
7p1fL0cAuCPDMG6oBswFhM,vocaloid
4Mc3zbnQx4wRb0tYg7A8sG,vocaloid
08EO45FsrKqyDaVHocLjug,vocaloid
73agKiU7x2AtIEH2IAK2iS,vocaloid
41kcR4JVrpn1xifg8lM2Fu,groove room
54tv11ndFfiqXiR03PwdlB,indie folk
2LSJrlndCuTpdEluvYHc2E,indie folk
02U4dXZhGSo07f66l8JZ91,indie folk
02YLJJnWC7YQVixkjEBRn7,indie folk
56GNqAFg9wJNTwcHsJhyS2,indie folk
54tv11ndFfiqXiR03PwdlB,new jersey indie
5ictveRyhWRs8Gt8Dvt1hS,new jersey indie
3nOQJdlPEzFVhTEzxwcGax,swiss indie
3nOQJdlPEzFVhTEzxwcGax,swiss rock
6BOprAXvUTWZjImX2dFdEa,classic greek pop
4yanWaefFUJnIUV0aITdvV,neo-classical
6fTuDQJqqMDrrEXSFmgyJt,neo-classical
3e4aLWouBXjJXSFwU7ilQA,neo-classical
4wkhNurLn15nvnOh3O8yCV,neo-classical
0LK67TfgE1O9GrBXJ9KLUe,neo-classical
3haVJx9TUcufYl1rPyH0iv,neo-classical
6m9a3tDNWDe6bVR2csIjEv,uk alternative pop
5nki7yRhxgM509M5ADlN1p,progressive electro house
3PtCud9dIdOv4exrzdZZ1C,progressive electro house
5FvlJcXnFIm72pgQtW3Dct,progressive electro house
0XqFDQJjqW5PfhfBCb53LR,progressive electro house
5nki7yRhxgM509M5ADlN1p,progressive house
0XqFDQJjqW5PfhfBCb53LR,progressive house
4xnMDfgEmXZEEDdITKcGuE,progressive house
6RQDTlies3nrNDJwXvbBZT,romanian pop
77xr1BNiH6bg7sV7ufnFhe,romanian pop
72FGvJgYbs0NBeJqECy6cF,romanian pop
5Ho1vKl1Uz8bJlk4vbmvmf,acid techno
5Ho1vKl1Uz8bJlk4vbmvmf,belgian techno
5Ho1vKl1Uz8bJlk4vbmvmf,dark techno
5Ho1vKl1Uz8bJlk4vbmvmf,electra
4ABfGQhx7kTXCFbxvlLtlO,yaoi
3dkW1L7GIhispeiHo9uzM8,yaoi
6fynenqBn7lrlAgVCw5YnB,greek downtempo
34LetYSjEuG2fBb4Z8PwPg,german alternative rap
7ADRm1oT7VmhRRZrZqycV6,german alternative rap
34LetYSjEuG2fBb4Z8PwPg,german drill
7oWrEQO1d3klp0Qrfh7a5h,german drill
3YygU1SuVx6bJVRrlE0WUL,italian indie pop
3YygU1SuVx6bJVRrlE0WUL,rome indie
0J7kxhnyiFpd0NArVYvexR,ulkucu sarkilar
01GsQzZqKa4M0j3CJ9BF13,turkce slow sarkilar
2QslFlDyZVpLYwfqyRDkNs,turkce slow sarkilar
4288qdlAVsCLojIMDQLuC9,turkce slow sarkilar
7HIccJjwPhWkLVKu0gGJgB,ney
2kS0jWMkkFBL0mrl0VotD0,turkce drill
7CW2eGwAuElNq09rVtZYsM,turkish modern jazz
0ZRQKFaYGEtbLc8NbyICoe,turkish deep house
4288qdlAVsCLojIMDQLuC9,huzunlu sarkilar
2frMmYVNhfh2cp6FDAFtgO,huzunlu sarkilar
4StjyzjcmZ7a9QncHVf0pu,persian pop
55EarwWraRQY9diMo9Oeul,modern indie pop
2kCO8LXN1usaOPL3iEE28I,modern indie pop
7AbQo3tDp5SYr5ctDcNC21,white noise
79Xztd6s33dW9S4V0f4NsQ,white noise
57nxKbKZ4Uc9jzTkcCfRRq,study beats
3Tv1UzQAvn0v0hKTxisXnR,drift phonk
6dwm8MR9ofk42CUiRcdaKu,piano cover
22hWz22JAmIhIEp0u1X01L,new york drill
2HPYUQ6GsPbZHvkyYe2jdm,midwest americana
6dO0RkhFhjMwLtLQqNgL8r,indonesian viral pop
5zkv5DNu55fRGWGd7HGQka,indonesian viral pop
6pWTPhk1AtVfNmkaeXXVpD,latin alternative
6pWTPhk1AtVfNmkaeXXVpD,latin hip hop
1oHPSeQJBwNmpq0J52Wjn1,latin hip hop
6w9ToX5slZ4uIdmD17hJ3c,latin hip hop
6pWTPhk1AtVfNmkaeXXVpD,latin rock
6pWTPhk1AtVfNmkaeXXVpD,mexican pop
6ModsWtBph2rE6zCTVxvZt,mexican pop
6pWTPhk1AtVfNmkaeXXVpD,mexican rock
6pWTPhk1AtVfNmkaeXXVpD,rock en espanol
7GgpsUpkj3olseoaTY7TEY,italian pop
7M75Am5m6J934JSviUOGz0,merida indie
6pU5oz09VUYtnFTd4P1Mxn,punjabi pop
2Gl3Sy0B1rtWvBURrOf6Gi,banda
78Cl4OGrWUNLrm4QZKEKkg,banda
2Gl3Sy0B1rtWvBURrOf6Gi,ranchera
2vdi5RS6XV5Qy7J5GgDqgn,ranchera
6VuxycWaTHHrz5ZP5sNSsd,j-pop
6n4SsAp5VjvIBg3s9QCcPX,j-pop
24ljrnVUlUZ2apxF6GZsrm,j-pop
7unNuvk3OEqGmegHTaxRA9,j-pop
3NRXKeatDxKe4apH6XawKX,j-pop
3yzQHdj9G34CVZ5rVUDrOM,j-pop
26WuprsX7JRG69T0PXkze4,j-pop
0aD7NQx7yauKlVDnqOxk6q,j-pop
5O6t6gb6MeNqzOBAq1oLad,j-pop
0llYwFIMgF9Jzmp4ZY7wbr,j-pop
29D4iRqjepAsZt6o5hccND,j-pop
7CifQjntMwkU4kfV85zTnS,j-pop
5ydDSP9qSxEOlHWnpbblFB,j-pop
2zwGPEFviyaICCDiAWxLjy,j-pop
45JvI0rkPkFFL14Cj0eput,j-pop
5VLVogbPeBgFHXQPZQzBej,j-pop
3cbd5GWGOknxmFAe77MDbk,j-pop
7sl3PZyhzAqUpL3M6WVD8G,j-pop
6whFEcaV75AmQMiwlfaxvc,j-pop
4Yz1LjHwgQ5DFWJrZL8bC8,j-pop
16FpDRuy5xMHpuLYZV0Hkt,j-pop
449AEgfeOxqAuRn0uX6l3u,j-pop
5M8AXrOifBT8elkLKbGPQZ,j-pop
3NTbOmzlj2cL86XFuDVFvZ,j-pop
6POfB0fHdzXFLWL3RHxLv8,j-pop
70x6gPIjIhWtxjczooKl3p,j-pop
2XhA8BOHxO5NwbY6q3W8mD,j-pop
2zUQjYvy0TevSi4d3PjqQO,j-pop
380DW51qbu5pSP8crFRIII,j-pop
7lNFzeAXmSIKexINNgO6bu,j-pop
1XErHyc10VN8bfGKma1Yyc,j-pop
22FsmLO3ZyvgWBy5QbfcQi,j-pop
6TNooB9HDJ9Xs1GFPl2Fiv,j-pop
0q7KOr99MYmwKxivChxpSd,j-pop
3jdzcmtw5XOmOkSb2mRDtr,j-pop
7dZHl3ZmH21XpCwvcMlnml,j-pop
7jCHrVGjeHUYP2pHv8FOJ3,j-pop
4mQxvrtY2MbDuUXAhMg5pp,j-pop
4UhiMIdxKqQxmzdE9nYe6O,j-pop
2sd5k8N8cAOm6Q8OCcePw4,j-pop
0pWR7TsFhvSCnbmHDjWgrE,j-pop
6TDMbiQCWeMClsMr9ORLRK,j-pop
6VuxycWaTHHrz5ZP5sNSsd,japanese teen pop
2sd5k8N8cAOm6Q8OCcePw4,japanese teen pop
4HrkLxQHZ5mgCtIVpiH5QX,post-screamo
14Gi3Uph96lpNB3utkoVAD,alternative dance
14Gi3Uph96lpNB3utkoVAD,new rave
0ZUvK7zGdXLd78mQr3t1Tw,la indie
1anAI9P9iSzc9qzLv6AtHZ,la indie
1WLKjYJX9YHSlwufclauhg,thai hip hop
1WLKjYJX9YHSlwufclauhg,thai pop
6RQyog3L4JlA8t8Bf56otE,thai pop
7z9oTDasH4sBISUE2Hxrki,thai pop
76VTagPgPgPlFE7hfjT0Zt,thai pop
1qAOsY7jv9GFTv4HoVof5P,thai pop
0rEuaTPLMhlViNCJrg3NEH,finnish heavy metal
0rEuaTPLMhlViNCJrg3NEH,finnish power metal
0rEuaTPLMhlViNCJrg3NEH,melodic metal
59E9dYtwLTUAGuAppwFKAW,scandinavian r&b
59E9dYtwLTUAGuAppwFKAW,swedish dancehall
59E9dYtwLTUAGuAppwFKAW,swedish drill
59E9dYtwLTUAGuAppwFKAW,swedish hip hop
59E9dYtwLTUAGuAppwFKAW,swedish pop
7jEEE187pVG6InOxn03oA5,swedish pop
00PLVqZ4oaOmbI4lacLUBO,swedish pop
59E9dYtwLTUAGuAppwFKAW,swedish trap pop
4HVffUWlHdRmS5dpOvDVyJ,russian trap
2ZbyyCS8KLKsuoNlxc76Ev,dakke dak
2ZbyyCS8KLKsuoNlxc76Ev,danish hip hop
2ZbyyCS8KLKsuoNlxc76Ev,danish pop
1YwMnnHvnG64fJxYSVwmN6,danish pop
028xhPwqtWva4J0MkFHY2x,danish pop
4nRJJWVfbPAULHZl7VYVE8,polish trap
7afPAbg5jb45KFUSnHIMFG,polish trap
4ivFOCSoFSwxPXQawDqylT,norwegian country
4ivFOCSoFSwxPXQawDqylT,norwegian pop
2zHHEU3t9cutZFyG0fHdOR,norwegian pop
1silJqJQfrrZNFvWWjAyhh,polish alternative rap
3sW41aChSc5bBow0Folc1S,polish alternative rap
1silJqJQfrrZNFvWWjAyhh,polish hip hop
3sW41aChSc5bBow0Folc1S,polish hip hop
7afPAbg5jb45KFUSnHIMFG,polish hip hop
1silJqJQfrrZNFvWWjAyhh,polish pop
2hPgGN4uhvXAxiXQBIXOmE,hip hop
5SXuuuRpukkTvsLuUknva1,hip hop
6B1foTh2pK3K4MKQzYaKRu,broadway
3brvz8iY9RVIbbM8KDb3hH,broadway
6i3DxIlAqnDkwELLw4aVrx,viral pop
1tTQcokfKcsCxZaHF2pIhw,viral pop
02U4dXZhGSo07f66l8JZ91,viral pop
6szSMqKKwkFqJoK3MxK3Hk,viral pop
7kXCcNRLEnblbTAppPraBp,dominican pop
2rwLjVHS15sfzciKXXNbgA,dominican pop
1GAymyGBvB4gQy5Z5LZ1Wj,dominican pop
2ayNSoKPCRAfjp6hQ76hRu,dominican pop
7kXCcNRLEnblbTAppPraBp,reggaeton
1GAymyGBvB4gQy5Z5LZ1Wj,reggaeton
2ayNSoKPCRAfjp6hQ76hRu,reggaeton
6w9ToX5slZ4uIdmD17hJ3c,reggaeton
7kXCcNRLEnblbTAppPraBp,reggaeton flow
6w9ToX5slZ4uIdmD17hJ3c,reggaeton flow
1WXbiUMl1AT9Inb619xPUg,rap baixada fluminense
1WXbiUMl1AT9Inb619xPUg,trap carioca
25XJqeReVV38w0tR04GGBd,trap carioca
5gqmbbfjcikQBzPB5Hv13I,drill francais
1i8gGjDzv2FNoy6dHcr25K,drill francais
25XJqeReVV38w0tR04GGBd,trap funk
3JSSjGYcIkgsrz7892CelT,chihuahua indie
3JSSjGYcIkgsrz7892CelT,indie triste
3JSSjGYcIkgsrz7892CelT,mexican indie
6lly2jn9MqaxaWRrkEzOsJ,hoerspiel
6lly2jn9MqaxaWRrkEzOsJ,writing
3J7r4VsNmuWixU0nXvyPd8,rap antillais
1f1DjtYgH6yBzBSiGteBJl,rap antillais
3J7r4VsNmuWixU0nXvyPd8,trap antillais
02RgHAzh0DVNQR24lBuGOI,brega funk
2vdi5RS6XV5Qy7J5GgDqgn,cumbia sonidera
6px2zTzjQAPLkuea5qQ2Gx,variete francaise
3UlOKNAlGyi7POSE9kyhfR,indonesian folk
46cVq2dwPgzPE3X1VR9TMj,indonesian folk
3UlOKNAlGyi7POSE9kyhfR,indonesian folk pop
3UlOKNAlGyi7POSE9kyhfR,indonesian indie
04u3fc37nHFKN7GJTSIwI8,indonesian indie
46cVq2dwPgzPE3X1VR9TMj,indonesian indie
3UlOKNAlGyi7POSE9kyhfR,indonesian singer-songwriter
02Tq76MwpeoRu3BHIAiaio,indonesian singer-songwriter
04u3fc37nHFKN7GJTSIwI8,indonesian singer-songwriter
7d86ERlvO5UG44j7Va0Y0C,indonesian singer-songwriter
02Tq76MwpeoRu3BHIAiaio,indonesian jazz
2rwLjVHS15sfzciKXXNbgA,modern salsa
2rwLjVHS15sfzciKXXNbgA,salsa
5cvT1YrzMiVuHMg22UKIk5,finnish dance pop
5cvT1YrzMiVuHMg22UKIk5,finnish hip hop
5cvT1YrzMiVuHMg22UKIk5,iskelma
79iLUmzekfn37nPHuM09uq,kleine hoerspiel
7afPAbg5jb45KFUSnHIMFG,polish electronica
6NUBt2nj5uT4iLLTIMRxra,polish electronica
5ictveRyhWRs8Gt8Dvt1hS,asbury park indie
5ictveRyhWRs8Gt8Dvt1hS,emo
79Xztd6s33dW9S4V0f4NsQ,sleep
6e5ygqf81ECK33tTPpbLLq,sleep
7DCv5iEOfzc6EEe4GbFcOM,sleep
3S9OW04ZfXbQUjzGvjAlPZ,sleep
3luonLzvSOxdU8ytCaEIK8,russian witch house
3luonLzvSOxdU8ytCaEIK8,witch house
2jmpnuwn52LqrQASBlyQGJ,german indie
5RM955coCWa6UkFtlMapwC,redneck
1anAI9P9iSzc9qzLv6AtHZ,indie rock
7J2gs5q2wLq6lU4q4wkyuV,pakistani pop
2jn9JOmdrR9BdiR1LTvYG4,uk dance
7fT2Me47PQ8T7954PKrcwR,trap triste
1vqR17Iv8VFdzure1TAXEq,trap triste
0vqJkZ0RpLZixt3lTmD8vP,hyperpop
4b19vuzlDcNdU4quI7L6sW,hyperpop
0vqJkZ0RpLZixt3lTmD8vP,vapor twitch
1Xq5wasmlEwC6TqCqJtP5o,vapor twitch
1VBAKMui4zm5MnBWNn3NbL,vapor twitch
6BH1xcDkwbbyrLMUKECsW1,north carolina hip hop
57SA5Qv24Vydwd6bJnV8fI,asian american hip hop
04mGcrL09AEKdlGVrjpf1P,asian american hip hop
57SA5Qv24Vydwd6bJnV8fI,underground hip hop
5M0lbkGluOPXLeFjApw8r8,underground hip hop
6WSTevYt4rGwm8QPKQr7dU,underground hip hop
57SA5Qv24Vydwd6bJnV8fI,vapor trap
4k1cMkJjG3UCRptckbpAnC,chill drill
4k1cMkJjG3UCRptckbpAnC,melodic drill
5VadK1havLhK1OpKYsXv9y,melodic drill
3brvz8iY9RVIbbM8KDb3hH,show tunes
4Y5HJP3oFOJ8UVBXHYWBgx,mexican hip hop
1oHPSeQJBwNmpq0J52Wjn1,mexican hip hop
6fOKLk8GmQ8xKogCRuuAwD,lo-fi chill
0hMbS7DvRkVNTnrCMeUUAX,lo-fi cover
3nViOFa3kZW8OMSNOzwr98,r&b
5qfkUSH3ip5dD2eEPhjkT3,r&b
2iB8eFB6flwQculkUrRssi,r&b
0tbeZu9lv8YEKSQ9tZSslu,r&b
3nViOFa3kZW8OMSNOzwr98,urban contemporary
6n4SsAp5VjvIBg3s9QCcPX,japanese punk rock
3cbd5GWGOknxmFAe77MDbk,japanese punk rock
2zUQjYvy0TevSi4d3PjqQO,japanese punk rock
1GAymyGBvB4gQy5Z5LZ1Wj,colombian hip hop
1GAymyGBvB4gQy5Z5LZ1Wj,reggaeton colombiano
3m5qlPf2OkihLz3dRYnkPA,reggaeton colombiano
1SiLK8gdECx2iEm2SSj0Bl,urbano chileno
1XLWox9w1Yvbodui0SRhUQ,melodic rap
0Yr4BBpK2dkCp2UsrJ9LZN,melodic rap
24ljrnVUlUZ2apxF6GZsrm,classic j-rock
24ljrnVUlUZ2apxF6GZsrm,j-rock
7unNuvk3OEqGmegHTaxRA9,j-rock
26WuprsX7JRG69T0PXkze4,j-rock
0llYwFIMgF9Jzmp4ZY7wbr,j-rock
5ydDSP9qSxEOlHWnpbblFB,j-rock
2zwGPEFviyaICCDiAWxLjy,j-rock
3cbd5GWGOknxmFAe77MDbk,j-rock
7sl3PZyhzAqUpL3M6WVD8G,j-rock
6whFEcaV75AmQMiwlfaxvc,j-rock
16FpDRuy5xMHpuLYZV0Hkt,j-rock
449AEgfeOxqAuRn0uX6l3u,j-rock
5M8AXrOifBT8elkLKbGPQZ,j-rock
3NTbOmzlj2cL86XFuDVFvZ,j-rock
6POfB0fHdzXFLWL3RHxLv8,j-rock
2XhA8BOHxO5NwbY6q3W8mD,j-rock
2zUQjYvy0TevSi4d3PjqQO,j-rock
380DW51qbu5pSP8crFRIII,j-rock
7lNFzeAXmSIKexINNgO6bu,j-rock
22FsmLO3ZyvgWBy5QbfcQi,j-rock
7dZHl3ZmH21XpCwvcMlnml,j-rock
6TcTgRYJBQzadIFeXXWA3I,classic opm
1vlz5PDUCNuZJeuJoufQkN,classic opm
7fihhreD4v29FQsWykhCJm,classic opm
65kpH75MFCBJhLy7qvVl6A,classic opm
4QvYFzlTFZFg2904xx8gOu,classic opm
5BAyYwbv8OSfqeXMjPgWX6,classic opm
31oMMIBDMM2Z1RQO7u8irE,classic opm
6DiAVYfSzZi8h1fGuTD6LI,classic opm
6TcTgRYJBQzadIFeXXWA3I,opm
1vlz5PDUCNuZJeuJoufQkN,opm
7fihhreD4v29FQsWykhCJm,opm
65kpH75MFCBJhLy7qvVl6A,opm
7DW4ijH3n36QN0RlC0n649,opm
3nZa8vRD64ueq3d0JNYTsl,opm
4QvYFzlTFZFg2904xx8gOu,opm
7lIVjtsgz0y1oRQFBAVNzq,opm
0kRAKgEOVI43Qkz9PLmPt8,opm
3l9mRJIGzW7RrEE2H8Ldvq,opm
5BAyYwbv8OSfqeXMjPgWX6,opm
31oMMIBDMM2Z1RQO7u8irE,opm
4BNWanhw4AjSXjBm9L1Jzy,opm
6DiAVYfSzZi8h1fGuTD6LI,opm
0GnuCXvnvVtX5DShryuyp9,opm
2iB7AJhJmkWkkehY9ccB0j,opm
4U78sK2D3zASSB6oSR38GQ,opm
7ygtjsCTrCQZAYYPOne9uE,opm
2nZ18B9RTjJH56v2NTnNAI,opm
0DnjaQqb436AH1idffI6CQ,opm
6TcTgRYJBQzadIFeXXWA3I,pinoy hip hop
3PDFGpPl4ienSn5Vwisfrh,pinoy hip hop
2iB7AJhJmkWkkehY9ccB0j,pinoy hip hop
00xU4wfephkJrjwJPDvfkf,pinoy hip hop
6DKmuXxXASTF6xaJwcTfjv,art rock
6DKmuXxXASTF6xaJwcTfjv,chamber psych
6DKmuXxXASTF6xaJwcTfjv,noise pop
6DKmuXxXASTF6xaJwcTfjv,shoegaze
6DKmuXxXASTF6xaJwcTfjv,spacegrunge
4QwB1zntRnSrgqcqqnDwAX,symfonicky orchestr
7fihhreD4v29FQsWykhCJm,kundiman
1JuelnhfAFnrPRqGk2wH2j,classic indo pop
1JuelnhfAFnrPRqGk2wH2j,dangdut
7KlMqMCZbUE9rYpa95R2CV,dangdut
5zkv5DNu55fRGWGd7HGQka,dangdut
7unNuvk3OEqGmegHTaxRA9,anime
0mxcC38vLiMEP8g4MVNhO4,anime
29D4iRqjepAsZt6o5hccND,anime
4Mc3zbnQx4wRb0tYg7A8sG,anime
16FpDRuy5xMHpuLYZV0Hkt,anime
449AEgfeOxqAuRn0uX6l3u,anime
1cXxia1Q2VDTjWe8X2Jydm,anime
3NTbOmzlj2cL86XFuDVFvZ,anime
2XhA8BOHxO5NwbY6q3W8mD,anime
1tofuk7dTZwb6ZKsr7XRKB,anime
0NT8fqhPoKJrd038u1Qumz,anime
3jdzcmtw5XOmOkSb2mRDtr,anime
7jCHrVGjeHUYP2pHv8FOJ3,anime
1NRrtMvT3o1TI6I8XCuweq,anime
7unNuvk3OEqGmegHTaxRA9,classic j-pop
5O6t6gb6MeNqzOBAq1oLad,classic j-pop
45JvI0rkPkFFL14Cj0eput,classic j-pop
7sl3PZyhzAqUpL3M6WVD8G,classic j-pop
3jdzcmtw5XOmOkSb2mRDtr,classic j-pop
7dZHl3ZmH21XpCwvcMlnml,classic j-pop
7unNuvk3OEqGmegHTaxRA9,j-poprock
26WuprsX7JRG69T0PXkze4,j-poprock
0llYwFIMgF9Jzmp4ZY7wbr,j-poprock
0mxcC38vLiMEP8g4MVNhO4,j-poprock
5ydDSP9qSxEOlHWnpbblFB,j-poprock
2zwGPEFviyaICCDiAWxLjy,j-poprock
3cbd5GWGOknxmFAe77MDbk,j-poprock
4Mc3zbnQx4wRb0tYg7A8sG,j-poprock
16FpDRuy5xMHpuLYZV0Hkt,j-poprock
449AEgfeOxqAuRn0uX6l3u,j-poprock
5M8AXrOifBT8elkLKbGPQZ,j-poprock
3NTbOmzlj2cL86XFuDVFvZ,j-poprock
2XhA8BOHxO5NwbY6q3W8mD,j-poprock
2zUQjYvy0TevSi4d3PjqQO,j-poprock
380DW51qbu5pSP8crFRIII,j-poprock
7lNFzeAXmSIKexINNgO6bu,j-poprock
1XErHyc10VN8bfGKma1Yyc,j-poprock
3jdzcmtw5XOmOkSb2mRDtr,j-poprock
7zyObVag8rUjItn71SkIrh,j-poprock
6UxYW4p6OoRf85fNMupsfV,celtic
6UxYW4p6OoRf85fNMupsfV,irish dance
6UxYW4p6OoRf85fNMupsfV,new age
4AChEoOg2kLbShMIN3jgxX,new age
3NRXKeatDxKe4apH6XawKX,j-pop boy group
1tofuk7dTZwb6ZKsr7XRKB,j-pop boy group
3NRXKeatDxKe4apH6XawKX,japanese dance pop
3NRXKeatDxKe4apH6XawKX,okinawan pop
2zUQjYvy0TevSi4d3PjqQO,okinawan pop
3yzQHdj9G34CVZ5rVUDrOM,japanese r&b
29D4iRqjepAsZt6o5hccND,japanese r&b
45JvI0rkPkFFL14Cj0eput,japanese r&b
5VLVogbPeBgFHXQPZQzBej,japanese r&b
35WaRsrLTXoHhL5b9uI3Mq,japanese r&b
4UhiMIdxKqQxmzdE9nYe6O,japanese r&b
13lFKnH7sS9T35uPQmxaOs,japanese r&b
3WYT2b8pOLsLsqSaoWYr7U,mandopop
3AroL2oDPiAnMpTmIQv3KP,mandopop
0E6oEhZZtQvj811iXQFLrB,mandopop
4kVy1sDTGmCWzxmzY6soNZ,mandopop
4m0xrEWYU0yCUFMaga015T,mandopop
5XkrVVn0lQIVPkH55nbTgZ,mandopop
7ya3wFqG9X35S7L7XSrE2i,mandopop
6yTAPw3o7oDH7lhj34jvbH,mandopop
4xlAHgZnzzPHtoKnev0gwJ,mandopop
3HXSUfI76zVZk71UMAeVfp,mandopop
4XBG26mgvzGqT09eopG4d9,mandopop
4PjY2961rc0MHE9zHYWEnH,mandopop
0iMFttJ05HMGTKWRPHlFOF,mandopop
5a5vu4RzsAHdKN0aYyblZ8,mandopop
4DEItwf281SHmTnS8q3Mn9,mandopop
0Awqm7GXGiBp8fJNGvywra,mandopop
3n16EAnJtz6SZGx2zJssrI,mandopop
5AhK8gDgOZT7lE1UlbyF1c,mandopop
01u3qI3xMGFvktXyRSMGRZ,mandopop
7pSH4sO2lXAxFKF6MkwORv,mandopop
6cMRDBCHMYjyCH2D0s6uzr,mandopop
7y3HnWCFEvWj4KM9GFSkiX,mandopop
3w8fdvgPp2aKgy125EBgVg,mandopop
4MMQmzYiUiuD8VwjrJu3v6,mandopop
3WYT2b8pOLsLsqSaoWYr7U,taiwan pop
3AroL2oDPiAnMpTmIQv3KP,taiwan pop
0E6oEhZZtQvj811iXQFLrB,taiwan pop
4kVy1sDTGmCWzxmzY6soNZ,taiwan pop
4m0xrEWYU0yCUFMaga015T,taiwan pop
5XkrVVn0lQIVPkH55nbTgZ,taiwan pop
6yTAPw3o7oDH7lhj34jvbH,taiwan pop
3HXSUfI76zVZk71UMAeVfp,taiwan pop
4PjY2961rc0MHE9zHYWEnH,taiwan pop
4DEItwf281SHmTnS8q3Mn9,taiwan pop
3n16EAnJtz6SZGx2zJssrI,taiwan pop
01u3qI3xMGFvktXyRSMGRZ,taiwan pop
7pSH4sO2lXAxFKF6MkwORv,taiwan pop
6cMRDBCHMYjyCH2D0s6uzr,taiwan pop
7y3HnWCFEvWj4KM9GFSkiX,taiwan pop
3w8fdvgPp2aKgy125EBgVg,taiwan pop
4MMQmzYiUiuD8VwjrJu3v6,taiwan pop
26WuprsX7JRG69T0PXkze4,japanese alternative pop
26WuprsX7JRG69T0PXkze4,japanese alternative rock
6TNooB9HDJ9Xs1GFPl2Fiv,japanese alternative rock
7zyObVag8rUjItn71SkIrh,japanese alternative rock
26WuprsX7JRG69T0PXkze4,shibuya-kei
4UhiMIdxKqQxmzdE9nYe6O,shibuya-kei
0mxcC38vLiMEP8g4MVNhO4,j-pixie
4Mc3zbnQx4wRb0tYg7A8sG,j-pixie
6TNooB9HDJ9Xs1GFPl2Fiv,j-pixie
1NRrtMvT3o1TI6I8XCuweq,j-pixie
5XQSLo7FpTb3FJ69O7y2ur,classical piano
4imd50KIbHcyrStbIuZswj,classical piano
5XQSLo7FpTb3FJ69O7y2ur,italian classical piano
6XtWdWAC7rNqXwbs8hGqP9,c-pop
6YlGm6QDrC3TOknYcHjt62,c-pop
1IDuSpntFl2Mutofvrrutc,c-pop
6XtWdWAC7rNqXwbs8hGqP9,cantopop
6YlGm6QDrC3TOknYcHjt62,cantopop
5r0xeBSRKRJ5Dm63XzTZhE,cantopop
3yfDRplDZh03Y0fEeCd6B0,cantopop
2OrCYFzQYE1TmevdYARnU1,cantopop
6V1SwiosQqf5XvmoTMCGa9,cantopop
1IDuSpntFl2Mutofvrrutc,cantopop
1bmqi99UHMUsIQVZDx4dAn,j-rap
2AwGvrbcvOSx5HDwc4OQE3,j-rap
2Nz5XwOa02deTyyS2vw5Wa,j-rap
04mGcrL09AEKdlGVrjpf1P,j-rap
35WaRsrLTXoHhL5b9uI3Mq,j-rap
0hBYSjDjcAaAuSZcpN8jk9,j-rap
1bmqi99UHMUsIQVZDx4dAn,japanese trap
04mGcrL09AEKdlGVrjpf1P,japanese trap
0hBYSjDjcAaAuSZcpN8jk9,japanese trap
02uPe16VFxPaiueQsPEDkE,american post-rock
1uQWmt1OhuHGRKmZ2ZcL6p,american post-rock
02uPe16VFxPaiueQsPEDkE,post-rock
1uQWmt1OhuHGRKmZ2ZcL6p,post-rock
6gvA9QkTBrrVgC61J4YaA8,indonesian hip hop
7b4mucf6X53D3pEaY1jWl6,indonesian hip hop
6RQyog3L4JlA8t8Bf56otE,thai rock
7z9oTDasH4sBISUE2Hxrki,thai rock
76VTagPgPgPlFE7hfjT0Zt,thai rock
1NU9Em6e8dDo36Js6nEo3t,alternative pop rock
1NU9Em6e8dDo36Js6nEo3t,pop emo
3nZa8vRD64ueq3d0JNYTsl,pinoy rock
7lIVjtsgz0y1oRQFBAVNzq,pinoy rock
3l9mRJIGzW7RrEE2H8Ldvq,pinoy rock
6fTuDQJqqMDrrEXSFmgyJt,drone
6fTuDQJqqMDrrEXSFmgyJt,german soundtrack
7z9oTDasH4sBISUE2Hxrki,thai folk pop
6NtwaHZLhTUvERKFbFqu8S,final fantasy
6NtwaHZLhTUvERKFbFqu8S,japanese vgm
1kgpTcXkeXeImymThm78ZB,background music
7ELVHaQs7k7LmWozyBJXzM,background music
6c9mrV72IOeJ5imCUK281g,background music
6oM1PyiV3LidEUIHKubg3W,indonesian idol pop
2vRToyl7mxoVbwwSsRBXAM,indonesian pop rock
09toGEEhpusLyZ6Nk9AmRf,indonesian pop rock
2I3STBPK1DymMXPCjg3UIT,indonesian pop rock
4HHdjvdn30koo54zQ6QeF5,indonesian pop rock
3cbd5GWGOknxmFAe77MDbk,japanese emo
3cbd5GWGOknxmFAe77MDbk,japanese pop punk
4eWvHAcWh3Hq6DYJ9K3mD4,talent show
7sl3PZyhzAqUpL3M6WVD8G,j-acoustic
7lNFzeAXmSIKexINNgO6bu,j-acoustic
6rmMpoeu2SIV4OLURCOn2e,k-pop boy group
5DuzBeOgFwViFcv00Q5PFb,k-pop boy group
2ZmXexIJAD7PgABrj0qQRb,k-pop boy group
7LOmc7gyMVMOWF8qwEdn2X,k-pop boy group
3CVYSpM7nfHFG5qCTW7Ht9,k-pop boy group
0EK2nCt5jxbkN2HCmtKy4V,progressive uplifting trance
3nVeK8gQChVtVCCjGreal2,acoustic pop
3nVeK8gQChVtVCCjGreal2,indiecoustica
7HlXH3lEJtM1yO38Ghi20f,musica etnica
2zYmFMkDco03qam6Nx4uir,commons
2LSJrlndCuTpdEluvYHc2E,eau claire indie
2LSJrlndCuTpdEluvYHc2E,stomp and holler
0E6oEhZZtQvj811iXQFLrB,taiwan singer-songwriter
4m0xrEWYU0yCUFMaga015T,taiwan singer-songwriter
5XkrVVn0lQIVPkH55nbTgZ,taiwan singer-songwriter
5a5vu4RzsAHdKN0aYyblZ8,taiwan singer-songwriter
4DEItwf281SHmTnS8q3Mn9,taiwan singer-songwriter
01u3qI3xMGFvktXyRSMGRZ,taiwan singer-songwriter
6cMRDBCHMYjyCH2D0s6uzr,taiwan singer-songwriter
7y3HnWCFEvWj4KM9GFSkiX,taiwan singer-songwriter
5PNcqs6EtD6gSXgUiiJIUU,taiwan singer-songwriter
4MMQmzYiUiuD8VwjrJu3v6,taiwan singer-songwriter
3yfDRplDZh03Y0fEeCd6B0,chinese indie
2OrCYFzQYE1TmevdYARnU1,chinese indie
4m0xrEWYU0yCUFMaga015T,chinese indie
4xlAHgZnzzPHtoKnev0gwJ,chinese indie
3HXSUfI76zVZk71UMAeVfp,chinese indie
4PjY2961rc0MHE9zHYWEnH,chinese indie
5a5vu4RzsAHdKN0aYyblZ8,chinese indie
3yfDRplDZh03Y0fEeCd6B0,chinese indie rock
3yfDRplDZh03Y0fEeCd6B0,hong kong indie
2OrCYFzQYE1TmevdYARnU1,hong kong indie
3yfDRplDZh03Y0fEeCd6B0,hong kong rock
7uzBKhYbCKBs53kDrO4Suc,hong kong rock
3yfDRplDZh03Y0fEeCd6B0,twee pop
1tTQcokfKcsCxZaHF2pIhw,acoustic cover
6szSMqKKwkFqJoK3MxK3Hk,acoustic cover
1tTQcokfKcsCxZaHF2pIhw,channel pop
142VT1MtWzaD13CnOiKFDn,channel pop
02U4dXZhGSo07f66l8JZ91,channel pop
6szSMqKKwkFqJoK3MxK3Hk,channel pop
3898xesz6JuQkpz7Kiu4uM,channel pop
6whFEcaV75AmQMiwlfaxvc,dance rock
7blkMNJv8n9ceP9zlA4W2U,canadian pop
5X1JzPIIonP3u9lA580pPT,canadian pop
3v9wPA58IVrX2dg6AjSPgi,canadian pop
5BAyYwbv8OSfqeXMjPgWX6,papuri
4imd50KIbHcyrStbIuZswj,british classical piano
02B3Os1lCLuWR6klPJiQpW,violin
2TVn6PQxnrxlIq4F2Vz3Qs,violin
2AwGvrbcvOSx5HDwc4OQE3,japanese pop rap
2sd5k8N8cAOm6Q8OCcePw4,japanese pop rap
5Rg1unDkJrxrTV08BKoFrP,orchestra
2bNtosg6E8tvmN6wYxPCfu,contemporary vocal jazz
2bNtosg6E8tvmN6wYxPCfu,vocal jazz
7sK4hnuUOXw6VStDw0q8NI,deep groove house
028xhPwqtWva4J0MkFHY2x,danish pop rock
5oWOx0BBDSMoFB8JDrjQre,idol
1cXxia1Q2VDTjWe8X2Jydm,seinen
3PtCud9dIdOv4exrzdZZ1C,melbourne bounce
1JS0Gw2KxVFPmFNivcjmgt,chill guitar
5FvlJcXnFIm72pgQtW3Dct,australian dance
4aMeIY7MkJoZg7O91cmDDd,african-american classical
2zHHEU3t9cutZFyG0fHdOR,norwegian house
2Ltr0s15RyvsjqWzSmiSRs,australian trap
74ZHOTPP0eWWe9kLt8jHbP,bubblegum dance
74ZHOTPP0eWWe9kLt8jHbP,eurodance
7AoOmkXzNe4vb51OhImJwP,calming instrumental
7ELVHaQs7k7LmWozyBJXzM,calming instrumental
4wkhNurLn15nvnOh3O8yCV,calming instrumental
7AoOmkXzNe4vb51OhImJwP,lullaby
39ZQx0618UYVBgGTDOJ2ds,jazz boom bap
3BNDjSD67jJE4fhxX1b2OV,j-metal
3BNDjSD67jJE4fhxX1b2OV,japanese power metal
3BNDjSD67jJE4fhxX1b2OV,neo classical metal
3BNDjSD67jJE4fhxX1b2OV,visual kei
70x6gPIjIhWtxjczooKl3p,j-reggae
480xKab3lUPhBBnCzlzqIu,bow pop
480xKab3lUPhBBnCzlzqIu,pop violin
480xKab3lUPhBBnCzlzqIu,scorecore
19z3Is8jPDFmLphrQ2w2Du,chamber orchestra
5M0lbkGluOPXLeFjApw8r8,virginia hip hop
0ykZILVRZgnmdTi0opgb2f,bgm
1qOPo6b0U3t7BpyO8Ti1MF,korean r&b
79g2STpP2iV1xfgHuhrhX0,korean r&b
39EEmUKhvMcVn8icCyQlg5,korean r&b
2ZmXexIJAD7PgABrj0qQRb,k-rock
1J87mxfzE58rZLrRIOx5I5,classical soprano
3PDFGpPl4ienSn5Vwisfrh,pinoy r&b
2iB7AJhJmkWkkehY9ccB0j,pinoy r&b
00xU4wfephkJrjwJPDvfkf,pinoy r&b
5qfkUSH3ip5dD2eEPhjkT3,indie r&b
6iWuBN32BqCJAeXW6o3nil,indie r&b
0tbeZu9lv8YEKSQ9tZSslu,indie r&b
0UdoKjWIe3tHyiqc4qT3Oz,fnaf
1uQWmt1OhuHGRKmZ2ZcL6p,cinematic post-rock
1uQWmt1OhuHGRKmZ2ZcL6p,instrumental post-rock
142VT1MtWzaD13CnOiKFDn,acoustic chill
5Z8UTQtTYNu5o5FA66LFgv,pop soul
6cIU84TLDcCIFzj4h24wpr,disney piano
18T5PoRr9HSPgQ9OINCbX6,lagu melayu
18T5PoRr9HSPgQ9OINCbX6,pop minang
18T5PoRr9HSPgQ9OINCbX6,rock kapak
70paW48PtCtUjtndElrjrL,chinese jazz
70paW48PtCtUjtndElrjrL,mainland chinese pop
0iMFttJ05HMGTKWRPHlFOF,mainland chinese pop
7l8rOFwZFQ3G0sgZ7gjGng,korean pop
6NdzNrBP8Jbhzp6h7yojht,korean pop
79g2STpP2iV1xfgHuhrhX0,korean pop
0il5ZP3xYOECtONJtZ38Ln,korean pop
0bDdOBGVCFVt0f8N9ldW1k,korean pop
6dhfy4ByARPJdPtMyrUYJK,korean pop
7LdZwtnhfB1GoC9SE9tvyb,korean pop
7KlMqMCZbUE9rYpa95R2CV,dangdut koplo
5zkv5DNu55fRGWGd7HGQka,dangdut koplo
7KlMqMCZbUE9rYpa95R2CV,dangdut remix
5zkv5DNu55fRGWGd7HGQka,dangdut remix
7KlMqMCZbUE9rYpa95R2CV,javanese dangdut
7KlMqMCZbUE9rYpa95R2CV,lagu jawa
5zkv5DNu55fRGWGd7HGQka,lagu jawa
72FGvJgYbs0NBeJqECy6cF,classic romanian pop
3pcGjcfEW3YD2Hfk6tDR5S,la pop
2iB8eFB6flwQculkUrRssi,la pop
4ug3P1K8BaCdJXROrqHqhu,la pop
1qLwXsUtyW2Ba2Iotg4gE3,metal cover
2zUQjYvy0TevSi4d3PjqQO,j-punk
2iB7AJhJmkWkkehY9ccB0j,tagalog rap
00xU4wfephkJrjwJPDvfkf,tagalog rap
4AChEoOg2kLbShMIN3jgxX,new age piano
3HXSUfI76zVZk71UMAeVfp,taiwan indie
0Awqm7GXGiBp8fJNGvywra,taiwan indie
3n16EAnJtz6SZGx2zJssrI,taiwan indie
6cMRDBCHMYjyCH2D0s6uzr,taiwan indie
3HXSUfI76zVZk71UMAeVfp,taiwan punk
3n16EAnJtz6SZGx2zJssrI,taiwan punk
4doyJAIKxTGN2II0QpgUjT,chinese worship
4doyJAIKxTGN2II0QpgUjT,japanese worship
4doyJAIKxTGN2II0QpgUjT,korean worship
3sKeaby6GMSJWgYueZaSjE,chill pop
5pOYIshq4ZLnVBEuw8sF6f,chill pop
5pOYIshq4ZLnVBEuw8sF6f,oc rap
7ELVHaQs7k7LmWozyBJXzM,focus
3PzqP5IkpLhlSdZLh7jwPn,idol rock
3PzqP5IkpLhlSdZLh7jwPn,kawaii metal
3PzqP5IkpLhlSdZLh7jwPn,oriental metal
3PzqP5IkpLhlSdZLh7jwPn,shamisen
3UX79kbvgAEhCSbA8HVv7W,anime piano
22FsmLO3ZyvgWBy5QbfcQi,japanese singer-songwriter
0q7KOr99MYmwKxivChxpSd,japanese singer-songwriter
7K4cef9h3NvU7Xb3BH7Ade,indie garage rock
5lXfVoQxVgC5fpjkVqvNYn,australian talent show
0F4ybIPzwLfT5xzZQlYBXP,anime score
2xE7TMnsr4hxdQW5F3urtq,swedish singer-songwriter
79g2STpP2iV1xfgHuhrhX0,k-rap
02YLJJnWC7YQVixkjEBRn7,indie anthem-folk
7dZHl3ZmH21XpCwvcMlnml,eurobeat
4XBG26mgvzGqT09eopG4d9,taiwan hip hop
3w8fdvgPp2aKgy125EBgVg,taiwan hip hop
4PjY2961rc0MHE9zHYWEnH,chinese r&b
7y3HnWCFEvWj4KM9GFSkiX,chinese r&b
0iMFttJ05HMGTKWRPHlFOF,chinese viral pop
5PNcqs6EtD6gSXgUiiJIUU,chinese viral pop
56GNqAFg9wJNTwcHsJhyS2,liverpool indie
56GNqAFg9wJNTwcHsJhyS2,new americana
2nZ18B9RTjJH56v2NTnNAI,pinoy indie
3pVuaUisHmRfVy53qWwmql,scandipop
6psCCMHymYfQy6VvYRr6cs,scandipop
5zkv5DNu55fRGWGd7HGQka,lagu timur
7jCHrVGjeHUYP2pHv8FOJ3,j-division
5fW4vA2xSDXwdSopSVrerj,environmental
5fW4vA2xSDXwdSopSVrerj,water
7ijClBwdSsgVn4YiFXO5w8,water
7Bu0r4MCDX3sbhcFD5IXyx,korean ost
0XqFDQJjqW5PfhfBCb53LR,dutch house
37awA8DFCAnCCL7aqYbDnD,dutch house
6OTr0YwLwGdv7mlmX27hRX,classical cello
1qAOsY7jv9GFTv4HoVof5P,thai indie pop
5AhK8gDgOZT7lE1UlbyF1c,malaysian mandopop
4n9z9czt00gzw36hdoVU3G,anime lo-fi
6l8RQcFxG3A7SRQP595IBH,sound
0OE65qjIKHqSyU7YWpOQrv,montreal indie
7ijClBwdSsgVn4YiFXO5w8,shush
7pSH4sO2lXAxFKF6MkwORv,chinese electropop
2JlV3vR07HGe6joOPztyuz,instrumental lullaby
13lFKnH7sS9T35uPQmxaOs,japanese soul
4ZfTpxwHwtot9Ps59bXAF8,mpb
4ZfTpxwHwtot9Ps59bXAF8,nova mpb
4ZfTpxwHwtot9Ps59bXAF8,pop nacional
7Jb6GR4PIxHSkDJK8MWuVg,pop nacional
2snm3HmsnDUDxbIChdl2Oj,hollywood
2snm3HmsnDUDxbIChdl2Oj,movie tunes
3wRGr9z5I5xmmVc21fIvC6,acoustic punk
3wRGr9z5I5xmmVc21fIvC6,anti-folk
3wRGr9z5I5xmmVc21fIvC6,folk punk
3wRGr9z5I5xmmVc21fIvC6,texas punk
4ogwGU9VPWrnVBs1GEwZVV,neo-psychedelic
1D9XQXqh4YQfJwX7hyLWwr,canadian electronic
4E0mDf341TLViBbNefSrsK,grime
2rUOBAmeKcpfmd83cIj5Au,funk das antigas
1xVD6whrUwA8jeBkFshvFA,canzone napoletana
1xVD6whrUwA8jeBkFshvFA,neomelodici
34uGMERnU9XHnmQDnK03Gj,danspunk
34uGMERnU9XHnmQDnK03Gj,swedish alternative rock
2BFdLtG6ivaiRqPFTgV1in,finnish pop punk
2BFdLtG6ivaiRqPFTgV1in,finnish punk
2BFdLtG6ivaiRqPFTgV1in,suomi rock
1gRr6moof50L1b7XsbClvI,slovak hip hop
1gRr6moof50L1b7XsbClvI,slovak pop
2N72bJ8IYB4KZmKmxz5Xkk,egyptian alternative
78Cl4OGrWUNLrm4QZKEKkg,tecnobanda
1f1DjtYgH6yBzBSiGteBJl,zouk riddim
0jeYkqwckGJoHQhhXwgzk3,rap canario
0jeYkqwckGJoHQhhXwgzk3,urbano espanol
2CCgb0KApjfQDuTppovpf8,urbano espanol
2CCgb0KApjfQDuTppovpf8,drill espanol
2CCgb0KApjfQDuTppovpf8,flamenco urbano
2ayNSoKPCRAfjp6hQ76hRu,pop venezolano
5YCc6xS5Gpj3EkaYGdjyNK,argentine indie
6EPlBSH2RSiettczlz7ihV,brooklyn drill
6EPlBSH2RSiettczlz7ihV,nyc rap
3jjJ23jPDUk9XnURWZmWK4,rain
6MWr1SmTaCU5BJzOZxwJEw,contemporary country
0ssx5sZQzc1nZZF2Ks8qXZ,sierreno
2IVvZIe3P9BMuCI6h48Bjg,german trap
7ADRm1oT7VmhRRZrZqycV6,german trap
7wLyGTO9vUS7ndlq4BvBGe,australian electropop
6SXTTUJxIVwMbc1POrviTr,preschool children's music
7ADRm1oT7VmhRRZrZqycV6,tekk
