ArtistID,name,followers,popularity
52iM1kP5BpnLypZ0VtrpyY,Kwesi Arthur,213247,49
69YKwunlA0xl2yMS12cyMu,Gabriela Richardson,8056,44
1KNafMiV5Y3OhOr1A5tWwb,JYYE,21141,47
0S8NV7XoWi7arXWSRqI3dS,Lucidious,267716,48
6S0IvKlvPMX1RtAYtVpUV8,Drax Project,92702,57
2sf2owtFSCvz2MLfxmNdkb,Tinariwen,271944,46
1RQ3ZwCNI7KniEKIN5kkio,MATTN,145068,56
225l1KEprObX8xgl8xo2Gc,BluntOne,20640,53
44qTyRXwTktHVC0X1FGnJn,NORDO,151692,48
2eQ5uR5wKDEQ5zKPQyLHC1,Adham Nabulsi,1180257,22
2ieBl5s08uHBwM8sUPvg65,Nassif Zeytoun,808600,49
62IUrFqq28x2SbRdzm9sQt,Hassan Shakosh,1388526,48
23DYJsw4uSCguIqiTIDtcN,Southside,64192,59
1WDkNp8Duv9QhO246S4dDa,Bramsito,535866,54
1E8w172gkuT5htpwaIEsEl,Népal,220682,62
4W6fwRbqEy1dfEoE6OCyZu,Mathieu Koss,8664,53
31shErrQgVvu6r5rvF3unD,MD DJ,25023,49
64XqdWjtYhfMJeQB7wtAwS,Hiro,166766,48
4DMkrFIqGXLycc4YLYTn1i,Tiagz,133197,47
60bBAf1WFPnIwyBSfXj9xv,Chasner,1688,44
0lHB0Qc4pmD5RkTLlHeESo,MC L da Vinte,734783,59
1GfHpetDFhvqfm5pceDTrX,Lil Revive,100718,54
2yCHwCR4w8pZyoSCyoQQfx,Aylior,2534,47
1OHw2r7Diz2rc9JktaFV6N,Erika Sirola,4244,48
5rBFU1rhgs1nNghopuj9k8,((( O ))),93205,58
53ZDw5ZHldHJgaUjcJhdGc,Léa Castel,123537,47
3L7JnVovGbYSUmRyqhXMYO,Fairlane,27101,49
1xd5p7u9w8mQc2nU8GwBib,Paycheck,12220,52
1PVmM2c79UdIymMzxYlywJ,Lenni Kim,89565,43
3chqU15yLP7B3XRQpILQY2,Burgos,30973,51
4wP1kxjUsc9IR4Iy2smL7o,Trinidad Cardona,164705,63
6ft7JnxMyZhp7N52qzHymY,Vansire,197573,66
1UwKmyN6dKhzFNKSL3PgPG,(CGM) TY,5205,51
5aMIbwZQvP2MHPMVC5zCGj,ODIE,239292,63
2yJ6lsLqG06r9bckSTQRt4,Zkr,342429,63
0bmKQDkU4J3gUykZS8tb6v,LFERDA,400553,48
4xTiWBThjZgo1uZn1WpZm3,DJ Hamida,536828,54
3jrZXTzqSuTBdfJeoSts1n,Anas,162625,50
6cNWiizYLCClZdnIvqU968,AriBeatz,9751,43
3U7bOaJLuFkrmDQ1C1OqKl,HYO,402756,51
6FugQjLquBF4JzATRN70bR,Yot Club,223663,70
7Gz6VlTVwlNtBNMYV4OI3w,Shotgun Willy,317965,62
5QuZ9HdvnXcX8kEG782Phv,Le Rat Luciano,42771,52
5RCWMaArEntbkeWYVxCiFW,Everybody Loves an Outlaw,53318,59
7A8S43ryYdbWpJKeHRZRcq,JACKBOYS,498042,66
1AxlE5JCJrJzVYa0ywJQqV,Omar Kamal,510761,45
4PgPJfNYhFaHAV5C5dFhYS,Smallx,282514,45
1YjaVTeHBlVRRxbk7H30HN,Lunis,7361,62
292jMVlKq180yzi8WRaVU6,7ari,326750,44
1XmQF3YXcIjv9PhNN69v8s,Adam Bü,2369,41
1PmrYsZvpVB9ilWx0eZHdr,Rileyy Lanez,33874,46
3zYU33YUxJPzsPrYmpMMiu,Aests,33870,46
6GETMwt7rbOZRXFnivRObG,Ragnar Seaholm,1118,33
7McJw5ZG7vJezw6ygrFagY,EMR3YGUL,5273,46
4J3vhZNPel1Tyj2GHsXi6i,Moji x Sboy,92732,53
6ONwLtT6vOzlO3pfZNAOMw,Paris Boy,24927,47
57GHC729HxFYHl1vGe1qaX,Badda TD,30070,46
0gGcw3tA1fZoF23qa8KFb7,Bolémvn,329239,57
5vPqlDBYNZiF5SrHGS6Cyt,Erin Bloomer,17883,43
7DICBAYiaIMh5MulqwCtET,AK,126454,52
26ebqYqothrkkGHWEvJy4D,Robert Cristian,27552,51
59XQUEHhy5830QsAsmhe2M,Silent Child,32368,57
5qVVvbyUOpNdgTGvNxzcMW,Ciscaux,35226,61
0xECfhlRzRRIIe2Co5HX6n,Squeezie,369218,52
5FF8xJSW4qUVU8bk79KYLT,lilbubblegum,220282,63
1nODcAdzs2eLjAp6AsrMzA,Michou,386597,42
53kxfycKPtWuSFpIuEHlGi,BrxkenBxy,18386,46
6U53xCCVXmyimAgsBjCS8P,Jess Benko,82696,55
3gIWD9hK0VEhgsSrLu19PU,YN Jay,76982,52
3uK7MCVwr7FSxnhNKso4Hi,a girl and a cat,11634,51
2fcn14wWIwWrnXAv89ovBk,Rifti Beats,28500,52
5WgRuO0mhM36NFoapzpWBH,Rashid,644835,53
6AwwLwgIsTIXZ8kHWaZUj5,Sandesh Shandilya,1112990,51
7lMgpN1tEBQKpRoUMKB8iw,Black M,1560936,53
3VZXmYrB3MxMfTZKIVZA1J,XANDDY HARMONIA,481,56
5C1S9XwxMuuCciutwMhp5t,KR$NA,446580,62
1sICjVlCMOCah0snHXWUz0,The BossHoss,245846,51
2qU0jqxiFeXrw5NTV1bIQM,The Orion Experience,139881,56
7vXwfZyDp3spzIVNXDaTPN,Metro Station,307413,54
1eQzZsJAtBVhN9WP62oXM2,Xir,344413,51
2chcxXpKxoQAwyqymdmbz9,MC Pat Flynn,71937,51
14V8ZRhL66NIzXAmYtQ8Vj,Kolton Moore & the Clever Few,36739,53
0MQjWOlXYUAlvDpF2PaJ8f,Marvin,1305,49
6w971ABEzbDRQVUfcbYrl9,Grupo H-100,399039,50
2TwUVWFJs4LD0lOBbJXnNa,Korede Bello,419596,49
7bdZVVcdyFjxVRj6vCVk9w,Jaxx & Vega,16651,48
2BwGxEffKsSjsQyKNtBgcQ,Desejo De Menina,410177,50
2T1se5h5FRkw7ZfR7yxdlm,Tayrone,263602,60
29QKtXMaVczUBDiI3aPBWS,FBC,147183,54
5zblJYkCzvB51Jh29FB07V,Eli Soares,685404,59
3bRGJQd7b4lE3ZAEMfOXJp,Luidji,270411,60
2GlEiSHYEKlq9cUYDa9oZb,Lynda,320900,61
0tMFcqLXhtm1Gep20iuIR3,SXTN,787103,60
7naAJDAh7AZnf18YYfQruM,Christian French,270835,61
0Vw76uk7P8yVtTClWyOhac,HONNE,1440577,66
0cjkWe9VXcECGiOEHFuTfc,Mc Lipi,960091,68
2qWK8K2Jfh67UqtwY8tCW6,YSY A,1180998,73
0pSx3asj3usz5PRt8COo0E,Ketama126,279253,62
1VBbewnHtegBSEB7kRXDzQ,PJ Masks,39413,56
6gGJH7joTDx9M3xREiAq9U,Petter Ferraz,18242,41
31VFEohvhOUKrtAONEBhMG,Kenia OS,2217902,72
7sOR7gk6XUlGnxj3p9F54k,half•alive,617604,61
4T2k9bgIoC8bbqjqiEl9vZ,Rhys Lewis,338030,61
6gvVFtkTV4OCyQSCzGgU1h,Nik Tendo,277288,62
57YFNq46Xx86nl7ETkd1Ei,Zach Callison,47904,62
2YIxQoGvBukvoC1CbJ7opS,Fynn Kliemann,271112,53
77YvCBWe0tTLygpgSJsdOH,Dhee,289871,59
0fTav4sBLmYOAzKuJw0grL,Mac Ayres,509174,59
5nKGeITSNCVP76muyOlszy,Elsa y Elmar,158085,63
39XT9gMoNmMCOlvTTR273m,K-Trap,154096,65
4tejKImNVmDcORNBuZ1l14,Kala Bhairava,281928,61
5qQdzyIlYfzICKOVdb7XvY,Samantha Machado,49056,49
2u5Aq4Kfss4UDbRKYH4KLS,Jorge,16,0
3RBqLTttwN1orqQozYfmJo,Emily Roberts,7760,52
6PIIKavZx20FlVKyIvb4Um,Calema,424794,60
5eLTULECbpoiNT8czpulxX,Fäaschtbänkler,97519,57
1WLEfsQjvgtFSGkrHonzFX,Amaia,290069,57
5Vz74ibGHBQaUa2ALDOH0v,Septeto Acarey,26061,53
5yLTSEQlxtbK0dyLmYAP3T,Vaggvisor,289,57
6beUvFUlKliUYJdLOXNj9C,King Princess,1602382,62
3bvfu2KAve4lPHrhEFDZna,Lola Indigo,818717,68
2tIP7SsRs7vjIcLrU85W8J,The Kid LAROI,4037582,82
02qlwM8fpqep7vX8KKEFmK,LA Vision,7823,51
438DEJaM9KJdqbBUPnVYB0,FILV,22958,54
0L3wrFI3QcbXAvFL7IaPQX,Güneş,192600,68
2UHBgxDvOBaIY7hQ8CEAmW,Anneth,859980,51
1RP6w1culo2vykXGaiYdrQ,MÚSICA PARA NIÑOS,24163,51
1KQJOTeIMbixtnSWY4sYs2,Paky,523693,71
0Z0wQc5Y1kqVxgMgSXifZe,Hüsnü Arkan,153011,47
6xLv41SHPrVVfvyGd1M7ut,Ozan Doğulu,338204,54
0T7JQxpy1Li93vLNirbv0Z,Mad Season,505643,51
68rvMwPL0yMbYR5cv0pzCR,Elissa,2430024,54
0hgX6slgQFj1QpjpKHbcK1,Poke,30965,53
3VSHFjwG94ubNcoST9hfxX,Hugo,55825,48
51YBtWvwOP37hIGmnxf4yC,Candan Erçetin,991460,54
7J7IAR4rkzo4FcZTDid3Jk,Cash Flow,191931,50
5Oo6D3FLRpWjgBn0mqfiA3,Yeni Türkü,412951,50
4T83el9VQDI0zOyU9zcYNq,Soner Sarıkabadayı,786289,56
1fBcQOi8yEfWN7fknMoqIE,Patrice,151757,49
6I65kFgfXDWx56jwnip3TU,Hayki,262064,52
3aYxHPDvu8SETLVJBEUqld,Rober Hatemo,176201,48
4d6eKLLJbe2ZeiL07Du7vB,Natalia Bonner,476,50
0RkqytrwoGyXGvDiZwT6i2,Michael Andrews,29146,53
17aC1wctGme2P8YC6LVov2,Philippe Jaroussky,58121,45
6dn3wwfEYlRaQQUC8RLhTz,Maestro,68555,44
3ea1ZpptTqS5pwYYpQQVCo,Club des Belugas,86893,48
521Yl3LUvD7G9dMRO4fpCy,Korpiklaani,356677,52
2fYdUIUPS7aDdWCzb8Aw2k,Aşkın Nur Yengi,501850,53
533wb2q2kU814aFEWaIlG2,Güllü,284135,53
2TUYtKan3NuDy9JexzL4db,Murat Göğebakan,169956,50
3hzijSzD6IwOV4SY2SiWQp,Hayko Cepkin,722121,58
6ybd4tPF7McLj3BNhZavQi,Saian,217214,51
7GaMopkesD4KK9dNbgyO5D,Eko Fresh,304149,52
3OVWvBHwlq5w8iRJEBoCp2,Levent Yüksel,263257,52
4i6eVyyyPdSryQCzO7GK0K,Cansever,234374,43
1kOoLMi8Z7nDeIa0bSfM3N,Hepsi,155567,49
4FjxqqOXKI1eGLrYn3GUq4,Grup Yorum,422011,47
4fxp616ALtFWnXfwxnjLzW,Antony and the Johnsons,296188,47
49GY4uPAwdlk5lSGtfKWYl,MJ Cole,46812,50
0JsEdbcbEnibDPxBNqLhMZ,Muharrem Çoban,41393,41
6tRmpYzDIjWoRHzbJO7Cpx,Fuat,155200,47
37NqXwtb6nIEqRt4EJSoIO,Duffy,891814,60
3PDMMt0Ip2WHysoAOEAdBq,Ca$his,64227,52
187qoiisjzqvj3wsBWLotr,Leftside,12524,47
5PTDGbHPxxXf81RrubpIOO,Cutee B.,822,51
0rHmlPHC63IGBTrtQEdDw6,Barış Akarsu,668372,53
2AhmWHekrahJri4f5e08Tf,Hakan Altun,632017,55
6g7GF7BLC41JTHJwgB4wQW,Funda Arar,731070,62
27sJOP3QjNbw349IrcROwj,Badem,267441,49
5vbtZfRJjn2QLhPhtYpiqi,Daron Malakian and Scars On Broadway,162832,54
6bb9VI1PpPTEmdgcgjTppX,Mohamed Hamaki,3221306,54
2D5kO95AWEXMHRvqvCKb7K,Stegosaurus Rex,27022,50
2xjVYIMLS3nR5Y1UOr02Vb,FS Green,5113,50
6OkX55UMCw4Hgc5HM4zr7K,Ayọ,161799,47
1ZsnHGOLYFg8CAHQQBc1ut,Richard Hawley,128846,47
6RXvZtTyld421VPmJtLqkL,Fikret Kızılok,378351,49
6XUob2lASlLLaavOTAw9Vb,Kreepa,8371,40
6QwBhFIOXWri9BNtwoIlKY,Bernadette Carroll,19113,43
2d6W4cnC5XsVOaxtgaj9hA,Eva Simons,87555,54
2ZMnWI3oIHyj7MyuZ99gvu,Super Sako,27564,46
0iC8O5ABswVUFiYwM94bu3,Madrugada,143940,51
7D7k550IB6EszWmzVVCJSK,Helena Paparizou,122255,47
08j69Ndyx1P7RLO3Janb5P,Emilíana Torrini,181295,50
5txAC0hwbFB09Nv8Y1hPJl,Cult To Follow,83726,49
2NkpmkcWNxbWydBaETRfqT,Adam Gontier,22013,49
492hDmhPyuIjP3MgTcIqgm,Caro Emerald,323051,51
0z9s3P5vCzKcUBSxgBDyLU,Jonny Greenwood,139260,47
5NCKpzuowtihcIrIHFjKbJ,Nitin Sawhney,266442,43
1dp13r1d5Mp119KCR4BQvw,Ragga Oktay,8769,39
0Wj6u7zMY2dOLkJGz62bEp,Carlprit,12107,48
2R1OELuSJzXjRm8lc8FjPC,Rem Digga,141773,52
4CflzQprp6nZxKiv0t78tH,Mohamed Ramadan,999829,53
1jHQI26XkjY8BHwvDnh9Jw,Raphael Lake,11125,47
3ewQZ4iDkC9CQzceitueXe,Paolo Pellegrino,1841,48
7HLErdUiPhh7mg5AxVEAX0,Killa Hakan,263048,49
2Fu5huGG8iXC85P9akyYrr,Joker,154599,49
5Q26mEUNtBa8yfc3mVYqsp,Grup Abdal,93936,49
396gqBt8a2NN7gXtDWF7AJ,Ceylan,231628,44
650blPhpj24aloFTk941L3,Umut Timur,246637,51
3ZOk6bDH8ORFWZUA4qvevR,Gio Pika,111056,50
5LtHZB7vU02HtNoOzNcVhc,Ramy Sabry,1139277,48
1gyBRbQACz4JJX2HRROigK,Giorgos Mazonakis,286111,53
0G8zjE6SsFTlbglCkU8pm3,Starsailor,195149,48
0JnNzCUsHuDcUcBatOzuGP,Sonya Belousova,16224,52
6lO3fSdhsdpeOcrbqAJsRU,Aero Chord,208421,51
1dyZDfHcTtUJjx0DFBcOvc,René Aubry,84469,50
4Q3f2YYH4gQxWFS3WY5G3j,Soko,255955,50
6t7U7sYlVCtlMWzbecJcHd,Dhurata Dora,280069,63
1JV4iC1UhplRE8RFr8Q9n9,Paradis,144306,51
4vUAD0POkGvO6J9c9hv6qR,Lazy Jay,12619,51
0fwGtEcJ4v3H0btcbM0KWc,Richie Loop,4393,47
1peH5tSqnYm8W6Bo3I5egE,Kat Dahlia,294282,54
6qFEVczpjXakMuKcI5BBdc,Malukah,93517,47
1mpOD8ZwHnbsryIuXWq0R1,Zeynep Bastık,1651517,68
6dDaXbE1caD65TONToYXYx,Murat Dalkılıç,863862,56
1QZYklqR55tZ6b5mK4LD41,Kolpa,606063,58
4ESPwgMOkNWv8mZIfe2mdO,Tankurt Manas,487645,47
32d21ZV2sLX2sGdjefVMJg,Çağrı Sinci,76816,50
28bHkFlKKHHudmgvnfYpiJ,Deniz Seki,577471,49
0Aoou2kIWXrzTOfhFzmNqa,Halil Sezai,495311,51
1K3hYM185V2bhs9iRzFpIH,Barış Diri,14677,46
0HCkZtmMJLvUyWT5m0ojBX,Peter Gundry,144138,52
3wRt3iJpZDOg73CTUkfv5C,SVRCINA,86086,51
5nlhxXs2Lgr8nH98jC26pw,Costi,13769,53
2PIjtepywKZwGT0mZIumrW,Jonathan Stockhammer,427,48
3vJCYheZF5PWUvTIykvNG5,Secession Studios,54684,49
6J2bFI9tQDWfPHjoKHKrOu,Yung Felix,111971,56
7COP1HCvVq1cIpZcLQYoNe,Bedroom,210601,61
5KPJMJR9PCfMWSfco8i4W4,Alex Aiono,601232,51
6q8cNe6Wif1WvM97vcFD8O,AaRON,120083,47
4YLcK0MEyqFkdyyzbPTWrs,Can Kazaz,333338,48
1tgfi3YYoeXKehnjKaMsOo,Nilipek.,318814,48
18hpynG63scJYxOSDYHUVN,Burak King,772257,50
63RFns47gk00mnHIQ8zTR1,Pilli Bebek,396423,51
2crPPfVdmrxn5yUHLQVqOI,Ceylan Ertem,545715,49
2q3GG88dVwuQPF4FmySr9I,The Score,1160674,71
2mcNCn1qbZUQ3J9KHapUxj,The Dø,352582,49
2fJb06JRcuBWypwj46TQZj,Armand Amar,61984,49
5z275L9haKWG328mm7UFd3,Richard Judge,3356,51
6QyO41KctzGc70mVaVnXQO,CLC,1158181,53
6nHDuiu6PIpfWt6DswQHvL,Alpa Gun,184116,47
2GH5uRMxmuAWn90B8DEZU3,Pham,59039,51
1cH0i2n6YLrWFDDemqztay,Henning May,73458,53
3HUXmgW0AIko5psVtQmqWE,Jimmy Sax,136492,53
1FCJ4zmRfkGUOtY65Jettg,Victor Démé,25643,50
4wO1Ld1CKjm4vFMNUn7E7k,Jordan,40882,48
60J5TDNg9Xxp9zxDXpBOjM,Alicks,43170,49
7sTKZr30LqC928DZ5P9mNQ,Heilung,441763,55
4sldxVDeyb0J8OMoYApqfV,Kalben,690928,63
3uW8VB9ixiNMAJBm7ZsBVT,Redd,286936,55
1UV3ii5FWWXF3jkZVeA2bb,Haluk Levent,1340810,54
1063YgLGlWU0JM26pOnrnv,Tuğba Yurt,621849,54
0JnDkp29FlLpGwsnub400t,Kamufle,151396,45
4EJYpvhyY4gO4rjEeitXLa,TNK,316418,49
7EJB9F3fv0x2ezht730D7F,Burcu Güneş,405169,51
3r5UA1Z5M9M5oL8L1InzwZ,Çocuk şarkıları Superstar,17965,50
51o6QF11Nswx5jMlp6rAL8,Dr. Fuchs,100276,49
2DJNQjrMqbyGFax9mgHm3f,Özgün,424176,51
3NTPcAWlpWNQoAtSIdIzVi,Mustafa Taş,42564,44
4qnzPGHsE9STa7FIKhBhpT,Gülce Duru,4136,46
3QLMLmISoZnFxUdzSoT6JB,Gökhan Özen,451286,49
0NSO0g40h9CTj13hKPskeb,Ibrahim Maalouf,279672,54
7KGI0OwY8iAL5rI5p47YyK,Tora,101126,56
2WMIMX93pQyfyAF2J2r1ID,Veorra,96728,44
5LuLeXlnT2jFxbx7Cg7j88,Ady Suleiman,94555,48
2408j875K0AESndCiOw5UO,Priceless,8615,47
3vR2NY88rq6Mqlv7Gywbun,TAOG,5834,47
0OQeMFqoRD5clB0cPYVbxY,Ballaké Sissoko,40882,45
0oxqy1B5Cfc2Ir24IQt3vs,Kelvin Wood,3945,45
6g878dtAhjegRHVe5X0ALf,Bryce Fox,144483,57
7vWBZm3sQ8yQvfV4nXxHXK,Cris Cab,68368,47
5344K3N7rx7kw1HjO8psuq,James Carter,27700,70
4OTFxPi5CtWyj1NThDe6z5,Weathers,248283,58
7xB7TQUAeFWgqdkhGiArgZ,Christina Pluhar,27047,46
4RzbexUO843fc5SLqKEQCr,Aaryan Shah,101998,64
3S6gaE89XewFAvZqsMuJDJ,Norm Ender,1731652,56
7ouCgJkxRBIJljUiQVJK65,Sokrat St,308546,54
35ngoeYRyOveM0rPvahkot,Ekin Uzunlar,264393,52
7pUjWNH0hKYpRzWDdNLzAi,Büyük Ev Ablukada,313204,51
6hypPYDPSsgioRRfBXve38,Gülben Ergen,735638,52
70Ya7DKJEo20SAkxjirYnu,Zakkum,871476,60
0Fd2y4arCJPyGqNkZDq2vZ,İbrahim Erkal,521028,50
03YhQQYWzaAU3HAQAJzIHG,Kâzım Koyuncu,1062532,50
48CUA59SDed3IdCctKndud,Volkan Konak,368950,51
0yL545lRAjDEFeDBPdxDtd,Ankaralı Namık,196817,49
5zkh6MICzIQIUoA9NfZpBx,Şevval Sam,349535,46
2wswrLV1o19frClh3pHxws,Bilal Hancı,445635,50
6qg3g0aneq4tOJgpzIuEmT,Nigar Muharrem,617751,52
1tnX93BHWyMdBSLhwAzo1j,Mudi,300052,58
235rIOpga6eYnAP03JD444,Amorf,35999,40
7qF6NAMsPdmVz0o8n5v1Ht,J Swey,18734,53
5TkylUv5ysSbNoawmn3PBj,Agar Agar,198090,47
5INSKpcDpSbntKDXkJmoff,Kordas,1661,41
44T03OWDUjwDgg4IYgFCWi,MARUV,278628,45
2sf28o6euxEDpYkG9dMtuM,Cartoon,182551,62
4GoD5FJCgC0lbzde7ly44M,Biig Piig,210698,60
4xt0qH1NubQexyAzDa9UlR,Castion,13389,47
5WoWlP0ihSFIxnppxjwSgE,Low Roar,239300,54
4BaLB5aiExO29BEGVUisru,Be Svendsen,101731,48
6lWfCJxyX6jAQVQbhLLOPY,Franklin Dam,1371,46
3yQP3LX8hoBRipj8eK7xmE,The First Station,10856,42
0iAOXvEDIMaAWPP5Ur0fYF,Joakim Karud,108149,45
71KlQX0q5wz5f9iytwPfou,Graham Candy,27700,54
1EtBmvqGOtWnjDgCUFQRqI,Rolipso,8833,56
5NlA3ayVBDY3uDCCEZ1dID,Rook1e,103337,55
0SXgKLNtpIrH29F1vMRWzj,Tarro,27293,59
7p1fL0cAuCPDMG6oBswFhM,Maretu,304395,57
41kcR4JVrpn1xifg8lM2Fu,Stoto,30895,49
4Tjvp7fDrim8wlo9fDgqGx,Svniivan,2842,43
3p2pMpzDerhMR4w2xZyHWg,Rosenfeld,82996,55
54tv11ndFfiqXiR03PwdlB,Adam Melchor,88380,56
3nOQJdlPEzFVhTEzxwcGax,Sophie Hunger,101385,54
6BOprAXvUTWZjImX2dFdEa,Nikos Vertis,338672,52
4yanWaefFUJnIUV0aITdvV,Florian Christl,20220,52
6m9a3tDNWDe6bVR2csIjEv,Whilk & Misky,82335,48
1psakk7GVUl85AnTEvwtk2,DHARIA,158954,54
5nki7yRhxgM509M5ADlN1p,Oliver Heldens,967465,70
6RQDTlies3nrNDJwXvbBZT,Otilia,194695,53
77xr1BNiH6bg7sV7ufnFhe,Eneli,6476,47
38wxcfNEqMwuPniHvplin5,Neoni,165376,68
6o7TsOGOEF5Mqpiz2KCyWE,HammAli & Navai,985239,57
3xhksfxjNLUAyxUdijvk4x,Kalibwoy,8443,51
5Ho1vKl1Uz8bJlk4vbmvmf,Amelie Lens,466128,48
4ABfGQhx7kTXCFbxvlLtlO,ジミー,15827,46
3dkW1L7GIhispeiHo9uzM8,遠野高志,70344,46
6fynenqBn7lrlAgVCw5YnB,Moderator,59849,55
2sjnyyL9NXijL3Fr2eLikf,Aspova,341837,58
6h5P3J0j1x2lhiDk9w4deZ,Eypio,1173858,55
3nF0yXDatdq9xV279nEs5X,Kahraman Deniz,843594,60
0w92tV1EQp7sxly7UjGR4P,Evdeki Saat,317947,58
0j5kVHxvTgUN4nBIPKCLRJ,Never Get Used To People,35061,51
34LetYSjEuG2fBb4Z8PwPg,Pashanim,370824,72
3YygU1SuVx6bJVRrlE0WUL,Peter White,55503,45
5yhN4qXpv9cghmJglovvmg,Cem Belevi,445337,51
3B6Y5J77CI7KffJy2FlTP3,Elyas & Taha,121962,49
7A6T0nTpXnPXDUGM1yEjEj,Derya Uluğ,838687,60
5gs9qloTR5m6dM0ScMty3H,Rafet El Roman,728867,53
5UqZ7BXoccyvTHyXLk1Pk3,Kayra,32903,48
0ylYRIvKTpv9uvTfKbYjM0,Mehmet Erdem,591408,48
1fCfko2pBGowIzqjakqxF8,Arda Gezer,32034,42
0J7kxhnyiFpd0NArVYvexR,Ali Kınık,169631,49
01GsQzZqKa4M0j3CJ9BF13,Ayça Özefe,67790,49
7eeDZp8E4iKFEGneV7ztWt,Eglo G,1025,40
1B4KdcJA6Dh1MlAiezqc08,Zara,308453,49
7BCcSXMFEzcharu4oXag9d,Birkan Nasuhoğlu,76741,46
2Uxd5x92nW0Q06DoHcpSBJ,Enbe Orkestrası,10786,45
6rxgxAlUPT4sDElRZeVec6,Evrencan Gündüz,79242,44
4cKccE5LtINGKLAe0wd8pc,Rozz Kalliope,34143,42
56g1u3Bu0S5072aksxyBei,Atiye,411984,53
7HIccJjwPhWkLVKu0gGJgB,Erkan Oğur,221564,44
60MyIKYA3yY1lGNroaZIgT,Bahadır Sağlam,78875,48
5YP7LI1ddSh4JFYe03h7ue,Mert Şenel,49395,44
6SSmy635N3a4oWmPk85xpK,Brennan Savage,362542,61
4SGDDnlwi5G42HTGzYl2Fc,2WEI,205452,64
2r8iLFeSTuOiZualHmSXxS,Patron,1107214,63
2aZlYOswKNlrwqpuTsckKd,Madrigal,741307,67
4MUb8ilmrxyePXwSkG31lC,Canozan,334544,62
1iJrQKRh5aJnp6cG5lpITr,Khontkar,829678,57
2kS0jWMkkFBL0mrl0VotD0,Ben Fero,2539792,59
4HSiNCPhdU2snKaVJytlUM,Zen-G,174018,53
7CW2eGwAuElNq09rVtZYsM,Sena Şener,507397,63
4m53kPdPFJpnF0qcJqfwNB,Rota,184230,56
4q2SZIdLq6YTc9cZLCclWc,Son Feci Bisiklet,933089,61
1HsQw7SuwmxSH4r2aqF9DB,İkiye On Kala,1034684,58
5G3OUmDl3R4rEn9zSWZTpw,Lia Shine,179008,60
1dvuibBCx9TnbCKIdOEF4l,Sedef Sebüktekin,221832,59
2QslFlDyZVpLYwfqyRDkNs,Onur Can Özcan,1088089,61
6hxb4rGrYXtrAZbUK7uzt9,Sansar Salvo,366327,54
0ZRQKFaYGEtbLc8NbyICoe,Deeperise,322895,58
5rBUMBV7L6zPsEKnlgiOm9,Yener Çevik,665476,57
4288qdlAVsCLojIMDQLuC9,Gökşin Derin,125334,48
0KOSzgkMlkeowt1tgIg6ca,Heijan,937975,64
7JrZbwBSIfKcc2gn1Xa4Bd,Jabbar,53509,57
1nYAWraDzyys1GsAfqzj7q,MEG,282829,45
1hgaXjbAcED2p80Lj8dzXT,Canbay & Wolker,1101575,58
2frMmYVNhfh2cp6FDAFtgO,Rope,117497,52
7yiLonxrJVgZKSbjo0gh6V,Bayhan,30487,49
0cjA9XY1jx3RlniZbMkCWy,Aydilge,446664,52
4StjyzjcmZ7a9QncHVf0pu,Simge,750214,65
6BPzJMh8hXyURWbYwE2p1h,İsmail YK,124093,50
4Y5rVLkZSUboJaSdiEn4bs,Hirai Zerdüş,125898,54
2FxIS6uj3aDXwHBU1Y2mBW,Yasir Miy,77586,47
7MZj0XxqxlCZPj6JsMQq0Z,Feridun Düzağaç,736696,51
3G0XxE8TxeByKXgwtmVE8n,Heja,59011,51
55EarwWraRQY9diMo9Oeul,Deb Never,72071,48
7AbQo3tDp5SYr5ctDcNC21,Wavelab,158,50
57nxKbKZ4Uc9jzTkcCfRRq,Beat Oven,1837,43
3Tv1UzQAvn0v0hKTxisXnR,Kaito Shoma,73077,63
2JbE7jUIGtpXSzytnyMg6U,Curtis Waters,80128,53
6dwm8MR9ofk42CUiRcdaKu,Benjamin Cambridge,1330,46
75RLThQWzIgIM7Jtp6KZic,$atori Zoom,73357,59
22hWz22JAmIhIEp0u1X01L,DUSTY LOCANE,328149,68
7f0OLhGgBMX9fUjm1dcPip,Alice Merton,321391,57
2HPYUQ6GsPbZHvkyYe2jdm,Shawn James,235313,53
6dO0RkhFhjMwLtLQqNgL8r,Issam Alnajjar,72613,52
6pWTPhk1AtVfNmkaeXXVpD,El Gran Silencio,927782,58
7GgpsUpkj3olseoaTY7TEY,Elodie,548560,64
7M75Am5m6J934JSviUOGz0,Rubén Albarrán,5736,56
0e7Xsukwik0zDaqCcSvJTg,Prasoon Joshi,624,59
6pU5oz09VUYtnFTd4P1Mxn,Ranjit Bawa,4299330,56
6xElGyunMSlnuJ2vabDUWA,DJ Khushi,1322,49
2Gl3Sy0B1rtWvBURrOf6Gi,Diego Herrera,361341,51
6VuxycWaTHHrz5ZP5sNSsd,Yamazaru,195763,49
53UpeT3katrOaJmhSiRp2a,@atutowy,4998,65
4HrkLxQHZ5mgCtIVpiH5QX,From Ashes to New,295724,58
0hk4xVujcyOr6USD95wcWb,Sick Luke,195570,63
0Hy64cs1zgdUHVxhbIwYTJ,Fruits of Lips,64,0
14Gi3Uph96lpNB3utkoVAD,Hard-FI,166624,46
4xnihxcoXWK3UqryOSnbw5,Sasha Alex Sloan,1188200,71
0ZUvK7zGdXLd78mQr3t1Tw,Ricky Montgomery,1305452,71
1WLKjYJX9YHSlwufclauhg,URBOYTJ,774955,52
4otJVkrLLqDF8OxFJOigme,Mavi Gri,589259,67
0rEuaTPLMhlViNCJrg3NEH,Beast In Black,206060,61
59E9dYtwLTUAGuAppwFKAW,Cherrie,43551,51
4HVffUWlHdRmS5dpOvDVyJ,LILDRUGHILL,76735,46
2ZbyyCS8KLKsuoNlxc76Ev,Ude Af Kontrol,81323,53
4nRJJWVfbPAULHZl7VYVE8,OLEK,4443,50
4ivFOCSoFSwxPXQawDqylT,Rotlaus,39643,51
1silJqJQfrrZNFvWWjAyhh,Tymek,839915,62
37BIBvfliXJpSgn10yQUJM,Mr. Naisgai,2026,61
2hPgGN4uhvXAxiXQBIXOmE,KIDS SEE GHOSTS,894425,62
2UlXIWBLOjskz5esa7ec2j,FAANGS,2694,40
6B1foTh2pK3K4MKQzYaKRu,Original Broadway Cast of Mean Girls,18167,52
6i3DxIlAqnDkwELLw4aVrx,Lele Pons,1182028,61
7oWrEQO1d3klp0Qrfh7a5h,badmómzjay,299256,65
5UjifI1TYefXWn9GdqDOHl,Social House,140206,65
5wyWp867LWGjFmYZXVSFnZ,MERO,1987618,65
5SXuuuRpukkTvsLuUknva1,Baby Keem,1099047,79
7kXCcNRLEnblbTAppPraBp,Milly,45589,54
1WXbiUMl1AT9Inb619xPUg,BIN,1339079,70
5gqmbbfjcikQBzPB5Hv13I,Gazo,769282,78
2zWqENF4cnsd1nLmraG9IE,DJ Lucas Beat,428524,68
25XJqeReVV38w0tR04GGBd,Mainstreet,227881,77
3JSSjGYcIkgsrz7892CelT,Ed Maverick,2367576,72
6lly2jn9MqaxaWRrkEzOsJ,John Sinclair,47956,58
3J7r4VsNmuWixU0nXvyPd8,Kalash,482489,64
2JLl6rSFWx9YuSPLcLhkAG,Julian Perretta,30595,59
02RgHAzh0DVNQR24lBuGOI,MC Marley,45143,43
2vdi5RS6XV5Qy7J5GgDqgn,Margarita la diosa de la cumbia,286807,54
2WhoMc7XqIzVXWbQqSoqe7,Kahitna,837676,56
6px2zTzjQAPLkuea5qQ2Gx,Boulevard des Airs,185119,48
3UlOKNAlGyi7POSE9kyhfR,Adhitia Sofyan,326551,51
77iZVjeYoYSl5P0K9mIiUE,Haze,6604,58
1YwMnnHvnG64fJxYSVwmN6,Branco,62064,59
02Tq76MwpeoRu3BHIAiaio,Yura Yunita,1111000,68
2rwLjVHS15sfzciKXXNbgA,Yiyo Sarante,419089,64
1eLxAzPSnsl03ajNNihddF,Jayh,83627,56
3sW41aChSc5bBow0Folc1S,Sarius,306461,56
1S4ASTDQvMwm6jP95pIsYB,Mc Kelvinho,717597,62
5cvT1YrzMiVuHMg22UKIk5,Reino Nordin,43293,47
79iLUmzekfn37nPHuM09uq,Sternenschweif,26911,48
7afPAbg5jb45KFUSnHIMFG,Lanek,86037,67
5ictveRyhWRs8Gt8Dvt1hS,The Front Bottoms,585275,64
79Xztd6s33dW9S4V0f4NsQ,Water Sound Natural White Noise,2951,61
3luonLzvSOxdU8ytCaEIK8,IC3PEAK,920079,60
2TAqN8fwfaKauvviN4pOsv,JC Stewart,77265,59
7jEEE187pVG6InOxn03oA5,Benjamin Ingrosso,158721,64
2jmpnuwn52LqrQASBlyQGJ,Mine,60610,48
5RM955coCWa6UkFtlMapwC,Tim Montana,27638,47
1anAI9P9iSzc9qzLv6AtHZ,Sure Sure,106803,57
6NUBt2nj5uT4iLLTIMRxra,Duit,3578,48
7J2gs5q2wLq6lU4q4wkyuV,Momina Mustehsan,542452,60
2jn9JOmdrR9BdiR1LTvYG4,Boy Matthews,3085,48
7fT2Me47PQ8T7954PKrcwR,Bhavi,996663,66
0vqJkZ0RpLZixt3lTmD8vP,Whethan,249705,62
6BH1xcDkwbbyrLMUKECsW1,Toosii,689074,65
57SA5Qv24Vydwd6bJnV8fI,Kid Trunks,291550,50
5gWzmnHTLNXz5CjOc0wAuK,Romy Dya,3740,52
2tOS3f6iaWspDI0WUowsZI,Tiscore,1920,50
4GNC7GD6oZMSxPGyXy4MNB,Lewis Capaldi,9991798,81
7ltDVBr6mKbRvohxheJ9h1,ROSALÍA,6118426,86
4k1cMkJjG3UCRptckbpAnC,French The Kid,125962,64
3brvz8iY9RVIbbM8KDb3hH,Hadestown Original Broadway Company,21444,58
4Y5HJP3oFOJ8UVBXHYWBgx,Tiro Loko,19639,55
0WCCipy2qiobvuygnTMdkC,tender spring,6204,57
6fOKLk8GmQ8xKogCRuuAwD,Teqkoi,99239,62
0hMbS7DvRkVNTnrCMeUUAX,Snuggles,5105,47
14jVHWj9dqpLhs8hHEMnyJ,MC 2jhow,3971,47
3nViOFa3kZW8OMSNOzwr98,Queen Naija,2486354,64
6n4SsAp5VjvIBg3s9QCcPX,Masaki Suda,1734899,60
2h1EEQ0lD01lPKDRGisvL4,Tuğkan,1362341,62
2KC9Qb60EaY0kW4eH68vr3,ITZY,4788092,73
51DevdOxIJin6DB1FXJpD1,UZI,1955893,77
1GAymyGBvB4gQy5Z5LZ1Wj,Lalo Ebratt,1825131,66
2kCO8LXN1usaOPL3iEE28I,Tai Verdes,627288,71
1SiLK8gdECx2iEm2SSj0Bl,Ak4:20,573493,68
1XLWox9w1Yvbodui0SRhUQ,StaySolidRocky,160841,60
0Yr4BBpK2dkCp2UsrJ9LZN,Bankrol Hayden,485571,64
24ljrnVUlUZ2apxF6GZsrm,Elephant Kashimashi,277207,49
6TcTgRYJBQzadIFeXXWA3I,Andrew E.,224015,50
6DKmuXxXASTF6xaJwcTfjv,Spiritualized,219534,45
1vlz5PDUCNuZJeuJoufQkN,Ogie Alcasid,486341,47
4QwB1zntRnSrgqcqqnDwAX,Czech National Symphony Orchestra,1965,47
7fihhreD4v29FQsWykhCJm,Freddie Aguilar,201678,49
1JuelnhfAFnrPRqGk2wH2j,Nike Ardilla,628064,49
7unNuvk3OEqGmegHTaxRA9,JUDY AND MARY,583465,52
65kpH75MFCBJhLy7qvVl6A,Aegis,208217,46
6UxYW4p6OoRf85fNMupsfV,Ronan Hardiman,21053,48
3NRXKeatDxKe4apH6XawKX,DA PUMP,339804,46
3yzQHdj9G34CVZ5rVUDrOM,Crystal Kay,282950,48
3WYT2b8pOLsLsqSaoWYr7U,Sodagreen,419843,55
26WuprsX7JRG69T0PXkze4,Quruli,299927,50
0aD7NQx7yauKlVDnqOxk6q,AI,705948,52
5O6t6gb6MeNqzOBAq1oLad,globe,305432,49
3AroL2oDPiAnMpTmIQv3KP,Cyndi Wang,278387,56
0llYwFIMgF9Jzmp4ZY7wbr,KOBUKURO,1164547,53
0mxcC38vLiMEP8g4MVNhO4,NANO,94125,48
29D4iRqjepAsZt6o5hccND,Miliyah,469600,53
7DW4ijH3n36QN0RlC0n649,Angeline Quinto,560629,53
5XQSLo7FpTb3FJ69O7y2ur,Alessio Bax,2972,45
6XtWdWAC7rNqXwbs8hGqP9,Kay Tse,183933,50
1bmqi99UHMUsIQVZDx4dAn,DJ RYOW,37654,44
02uPe16VFxPaiueQsPEDkE,The Album Leaf,150557,46
6gvA9QkTBrrVgC61J4YaA8,Fade2Black,3978,54
6RQyog3L4JlA8t8Bf56otE,Potato,653549,46
1NU9Em6e8dDo36Js6nEo3t,A Rocket To The Moon,415622,52
7CifQjntMwkU4kfV85zTnS,Def Tech,256707,48
3nZa8vRD64ueq3d0JNYTsl,6cyclemind,1035894,52
6fTuDQJqqMDrrEXSFmgyJt,Hauschka,62130,46
7z9oTDasH4sBISUE2Hxrki,Da Endorphine,369903,53
6NtwaHZLhTUvERKFbFqu8S,Masayoshi Soken,54034,54
1kgpTcXkeXeImymThm78ZB,Leyenda,1322,38
5ydDSP9qSxEOlHWnpbblFB,Sambomaster,299037,52
4QvYFzlTFZFg2904xx8gOu,Ariel Rivera,324365,49
7b4mucf6X53D3pEaY1jWl6,Bondan Prakoso,560352,54
6oM1PyiV3LidEUIHKubg3W,Melly Goeslaw,1063676,56
2vRToyl7mxoVbwwSsRBXAM,Letto,684900,54
6YlGm6QDrC3TOknYcHjt62,Juno Mak,91992,47
2zwGPEFviyaICCDiAWxLjy,DOES,94048,47
7lIVjtsgz0y1oRQFBAVNzq,Mayonnaise,941910,57
45JvI0rkPkFFL14Cj0eput,Toshinobu Kubota,78328,50
5VLVogbPeBgFHXQPZQzBej,JUJU,879530,53
3cbd5GWGOknxmFAe77MDbk,ELLEGARDEN,478050,55
09toGEEhpusLyZ6Nk9AmRf,ST12,791835,57
76VTagPgPgPlFE7hfjT0Zt,Bodyslam,881297,48
4eWvHAcWh3Hq6DYJ9K3mD4,Laura White,5879,55
7sl3PZyhzAqUpL3M6WVD8G,Kazuyoshi Saito,377352,52
6rmMpoeu2SIV4OLURCOn2e,SS501,224216,48
0EK2nCt5jxbkN2HCmtKy4V,Fafaq,3569,46
3nVeK8gQChVtVCCjGreal2,Tim Halperin,29311,51
0kRAKgEOVI43Qkz9PLmPt8,Bugoy Drilon,267355,47
7HlXH3lEJtM1yO38Ghi20f,Redi Hasa,4692,49
6e5ygqf81ECK33tTPpbLLq,Sleep Baby Sleep,21556,59
2zYmFMkDco03qam6Nx4uir,Frozen Silence,7698,45
2LSJrlndCuTpdEluvYHc2E,S. Carey,103967,47
3n2H1XlCyS1WQ0vyVUFEma,YULTRON,33873,43
3VPAYGu57Ri4t41diapqn8,Relaxing Orgel,8698,49
5r0xeBSRKRJ5Dm63XzTZhE,Endy Chow,63830,50
0E6oEhZZtQvj811iXQFLrB,Ricky Hsiao,170368,50
3yfDRplDZh03Y0fEeCd6B0,my little airport,144917,57
4Mc3zbnQx4wRb0tYg7A8sG,supercell,382313,50
1tTQcokfKcsCxZaHF2pIhw,Bailey Rushlow,14640,49
6whFEcaV75AmQMiwlfaxvc,QUEEN BEE,232480,51
4Yz1LjHwgQ5DFWJrZL8bC8,Remioromen,340940,47
16FpDRuy5xMHpuLYZV0Hkt,NICO Touches the Walls,204668,51
449AEgfeOxqAuRn0uX6l3u,UNISON SQUARE GARDEN,315293,54
08EO45FsrKqyDaVHocLjug,MARY,189816,47
3ZiiIxwcdE60xHzCQ35ewj,La Pietà,3134,46
3l9mRJIGzW7RrEE2H8Ldvq,Siakol,398946,51
7blkMNJv8n9ceP9zlA4W2U,Shawn Hook,61351,46
5BAyYwbv8OSfqeXMjPgWX6,Toni Gonzaga,711237,51
4imd50KIbHcyrStbIuZswj,Benjamin Grosvenor,6670,48
31oMMIBDMM2Z1RQO7u8irE,Side A,787843,52
02B3Os1lCLuWR6klPJiQpW,Nicola Benedetti,27033,48
2AwGvrbcvOSx5HDwc4OQE3,SALU,140051,49
2I3STBPK1DymMXPCjg3UIT,Kangen Band,541569,55
0UtZ0DRiE8usRg9GyjCPCr,Dipha Barus,88967,46
5Rg1unDkJrxrTV08BKoFrP,Brussels Philharmonic,1957,46
2OrCYFzQYE1TmevdYARnU1,Yoyo Sham,58898,46
2bNtosg6E8tvmN6wYxPCfu,Curtis Stigers,35445,46
5M8AXrOifBT8elkLKbGPQZ,Superfly,1288547,54
35OHoy0DGJRqpfmYvByDBc,Jasmine Clarke,12265,48
7sK4hnuUOXw6VStDw0q8NI,Hannah Wants,84590,47
028xhPwqtWva4J0MkFHY2x,Mads Langer,138848,47
5oWOx0BBDSMoFB8JDrjQre,Katharine McPhee,178657,54
0HSGaSAaBPZJq4lisoWA59,Kyle Landry,68920,48
1cXxia1Q2VDTjWe8X2Jydm,Ho - Kago Tea Time,146051,47
3PtCud9dIdOv4exrzdZZ1C,MAKJ,124927,55
1JS0Gw2KxVFPmFNivcjmgt,Tommy Berre,3648,45
4LKB1IkCINDDjEX8iS7glI,Young Bombs,19237,54
5FvlJcXnFIm72pgQtW3Dct,Feenixpawl,24455,50
4aMeIY7MkJoZg7O91cmDDd,Adrian Younge,36837,45
0m6f0nNS9GEq41eIJ288ff,Kelli-Leigh,16621,51
2zHHEU3t9cutZFyG0fHdOR,Sonny Alven,24120,54
2Ltr0s15RyvsjqWzSmiSRs,Allday,93800,51
74ZHOTPP0eWWe9kLt8jHbP,ATC,20186,44
5y3G1B8cpCTaoq0uDgjwzH,Danny Avila,44811,54
3NTbOmzlj2cL86XFuDVFvZ,MAN WITH A MISSION,895007,57
4BNWanhw4AjSXjBm9L1Jzy,Juris,697533,52
6POfB0fHdzXFLWL3RHxLv8,Creep Hyp,600670,62
7AoOmkXzNe4vb51OhImJwP,Nokto Music,5060,49
39ZQx0618UYVBgGTDOJ2ds,FloFilz,57144,53
3BNDjSD67jJE4fhxX1b2OV,GALNERYUS,85756,48
70x6gPIjIhWtxjczooKl3p,Shonan No Kaze,252840,53
480xKab3lUPhBBnCzlzqIu,Taylor Davis,180837,50
19z3Is8jPDFmLphrQ2w2Du,Konzerthaus Kammerorchester Berlin,2036,59
5M0lbkGluOPXLeFjApw8r8,DRAM,824081,62
5DuzBeOgFwViFcv00Q5PFb,WINNER,2383847,58
0ykZILVRZgnmdTi0opgb2f,BGM channel,29206,56
2XhA8BOHxO5NwbY6q3W8mD,Aqua Timez,350465,52
1qOPo6b0U3t7BpyO8Ti1MF,NIve,106527,49
2ZmXexIJAD7PgABrj0qQRb,N.Flying,698576,51
1J87mxfzE58rZLrRIOx5I5,Grace Davidson,3393,48
3PDFGpPl4ienSn5Vwisfrh,Flow G,815759,66
1tofuk7dTZwb6ZKsr7XRKB,MADKID,56361,47
1Xq5wasmlEwC6TqCqJtP5o,Attom,36524,51
2vGaSKEDFsVPBgcnGxqlBN,Alex Newell,47356,52
5qfkUSH3ip5dD2eEPhjkT3,Kyle Dion,185133,55
5X1JzPIIonP3u9lA580pPT,Francesco Yates,37814,60
7DCv5iEOfzc6EEe4GbFcOM,White Noise Babies,4043,61
0UdoKjWIe3tHyiqc4qT3Oz,OMFG,457482,48
1uQWmt1OhuHGRKmZ2ZcL6p,Explosions In The Sky,594253,51
142VT1MtWzaD13CnOiKFDn,Ben Woodward,16835,51
5Z8UTQtTYNu5o5FA66LFgv,Jeremy Passion,166857,56
6cIU84TLDcCIFzj4h24wpr,Benny Martin,6667,49
18T5PoRr9HSPgQ9OINCbX6,Thomas Arya,208925,48
3e4aLWouBXjJXSFwU7ilQA,Piotr Wiese,1981,54
4kVy1sDTGmCWzxmzY6soNZ,Alien Huang,82860,43
4m0xrEWYU0yCUFMaga015T,Cheer Chen,234188,49
5XkrVVn0lQIVPkH55nbTgZ,R-chord,147302,46
7ya3wFqG9X35S7L7XSrE2i,Sam Lee,82792,50
6yTAPw3o7oDH7lhj34jvbH,Elva Hsiao,130685,47
70paW48PtCtUjtndElrjrL,TIA RAY,60033,47
4rYJIqA2SBfcbn8y8yUGtU,Yuki Numata,398,55
7l8rOFwZFQ3G0sgZ7gjGng,Jung Seung Hwan,205934,54
7KlMqMCZbUE9rYpa95R2CV,Jihan Audy,161528,40
72FGvJgYbs0NBeJqECy6cF,Andra,230673,48
0NT8fqhPoKJrd038u1Qumz,物語シリーズ,76200,54
2Nz5XwOa02deTyyS2vw5Wa,KM,17356,53
6DiAVYfSzZi8h1fGuTD6LI,Jimmy Bondoc,413086,46
3pcGjcfEW3YD2Hfk6tDR5S,Ashworth,6602,52
02U4dXZhGSo07f66l8JZ91,Tom Speight,57323,51
1qLwXsUtyW2Ba2Iotg4gE3,PelleK,165893,50
0GnuCXvnvVtX5DShryuyp9,Aiza Seguerra,525692,50
2zUQjYvy0TevSi4d3PjqQO,MONGOL800,673395,52
2iB7AJhJmkWkkehY9ccB0j,Ex Battalion,2592815,55
4AChEoOg2kLbShMIN3jgxX,Helen Jane Long,38732,47
380DW51qbu5pSP8crFRIII,YUKI,199883,48
4xlAHgZnzzPHtoKnev0gwJ,Good Band,69670,43
3HXSUfI76zVZk71UMAeVfp,No Party For Cao Dong,235018,49
7lNFzeAXmSIKexINNgO6bu,YUZU,1512443,56
4doyJAIKxTGN2II0QpgUjT,Stream of Praise,51459,50
3sKeaby6GMSJWgYueZaSjE,Mokita,140424,65
1Eie0tY91rpi7Y0jtIOXzI,Wingtip,57083,50
2TVn6PQxnrxlIq4F2Vz3Qs,Yuki Numata Resnick,920,42
1VBAKMui4zm5MnBWNn3NbL,Devault,38969,52
00xU4wfephkJrjwJPDvfkf,O.C. Dawgs,752808,46
5pOYIshq4ZLnVBEuw8sF6f,Gavin Haley,43841,49
7ELVHaQs7k7LmWozyBJXzM,Charlie Key,4439,40
6NdzNrBP8Jbhzp6h7yojht,CHEEZE,118556,49
1XErHyc10VN8bfGKma1Yyc,Leo Ieiri,512964,50
3PzqP5IkpLhlSdZLh7jwPn,WagakkiBand,267748,49
2iB8eFB6flwQculkUrRssi,AUGUST 08,33824,56
3UX79kbvgAEhCSbA8HVv7W,Kenzie Smith Piano,30725,47
6V1SwiosQqf5XvmoTMCGa9,Dear Jane,162236,51
22FsmLO3ZyvgWBy5QbfcQi,ayaka,928248,53
6TNooB9HDJ9Xs1GFPl2Fiv,SHE'S,177800,47
0q7KOr99MYmwKxivChxpSd,Ai Otsuka,366284,49
4U78sK2D3zASSB6oSR38GQ,Christian Bautista,448359,52
7K4cef9h3NvU7Xb3BH7Ade,Michael Seyer,105363,47
04mGcrL09AEKdlGVrjpf1P,MIYACHI,65036,46
42gnrsSSKKNNmfAJ0o3oyN,Soul Food Horns,6863,50
7ygtjsCTrCQZAYYPOne9uE,Erik Santos,645074,52
35WaRsrLTXoHhL5b9uI3Mq,BASI,108046,49
5lXfVoQxVgC5fpjkVqvNYn,Isaiah Firebrace,53003,50
26UV9EKIInWeV0jJysGZum,Nursery Rhymes ABC,21587,58
0sYpJ0nCC8AlDrZFeAA7ub,JOY,658751,53
0F4ybIPzwLfT5xzZQlYBXP,Asami Tachibana,7153,47
2xE7TMnsr4hxdQW5F3urtq,Rasmus Hagen,16646,58
79g2STpP2iV1xfgHuhrhX0,Leellamarz,79467,53
04u3fc37nHFKN7GJTSIwI8,Rendy Pandugo,322118,50
3jdzcmtw5XOmOkSb2mRDtr,T.M.Revolution,305318,51
6szSMqKKwkFqJoK3MxK3Hk,Thomas Daniel,17155,50
02YLJJnWC7YQVixkjEBRn7,Billie Marten,265203,58
7dZHl3ZmH21XpCwvcMlnml,Every Little Thing,428214,51
73agKiU7x2AtIEH2IAK2iS,Giga,99092,54
4XBG26mgvzGqT09eopG4d9,Marz23,78357,46
4PjY2961rc0MHE9zHYWEnH,9m88,98687,49
0iMFttJ05HMGTKWRPHlFOF,胡66,47035,45
56GNqAFg9wJNTwcHsJhyS2,John Smith,33752,49
33crDRqANd3NQHJagZkQ7O,slchld,267510,59
0il5ZP3xYOECtONJtZ38Ln,KYUHYUN,357658,50
2ESi6tlKQpAqymfpcmBmYi,Brian Snow,110,55
5aAe7DHdSJgTpBijaxTUaf,cinnamons,40923,45
48JtfAggQQpfUXQNxkGm5U,Dept,114529,57
2nZ18B9RTjJH56v2NTnNAI,Leanne & Naara,59558,49
0bDdOBGVCFVt0f8N9ldW1k,BEN,86054,50
6bh228LGC3eAzbplPWV02r,Declan J Donovan,159423,61
7LOmc7gyMVMOWF8qwEdn2X,SF9,1574223,53
3S9OW04ZfXbQUjzGvjAlPZ,Shibb,100,45
24nUVBIlCGi4twz4nYxJum,fromis_9,842504,59
3pVuaUisHmRfVy53qWwmql,Daniel Schulz,18057,49
5zkv5DNu55fRGWGd7HGQka,Vita Alvia,145768,45
0DnjaQqb436AH1idffI6CQ,Yeng Constantino,2423995,55
7jCHrVGjeHUYP2pHv8FOJ3,wacci,240065,59
0hBYSjDjcAaAuSZcpN8jk9,JP THE WAVY,144857,57
39EEmUKhvMcVn8icCyQlg5,CIKI,106228,49
5fW4vA2xSDXwdSopSVrerj,The Sound Designers,910,42
5FTpdDUA9cksspPW5Ix78g,U-Jean,3670,49
3UV0wVQkft6lKLDGioqnyO,Coopex,24715,61
7Bu0r4MCDX3sbhcFD5IXyx,YUJU,135211,48
0XqFDQJjqW5PfhfBCb53LR,Sick Individuals,183011,59
6psCCMHymYfQy6VvYRr6cs,Loving Caliber,109587,59
6iWuBN32BqCJAeXW6o3nil,Cautious Clay,236467,60
4xnMDfgEmXZEEDdITKcGuE,Audien,171000,60
6OTr0YwLwGdv7mlmX27hRX,Sheku Kanneh-Mason,76884,57
7zyObVag8rUjItn71SkIrh,Survive Said The Prophet,178063,54
6c9mrV72IOeJ5imCUK281g,Franz Gordon,17509,54
3S4d3YRNGg2OhnNm3QvfhA,slenderbodies,153632,53
4mQxvrtY2MbDuUXAhMg5pp,Ms.OOJA,182743,51
1qAOsY7jv9GFTv4HoVof5P,Three Man Down,946528,57
0tbeZu9lv8YEKSQ9tZSslu,Amber Mark,340222,60
4UhiMIdxKqQxmzdE9nYe6O,m-flo,313870,46
6lHO1eGthNnos9KP2BH0cG,Puma Blue,186846,53
5a5vu4RzsAHdKN0aYyblZ8,吳青峰,197037,52
4DEItwf281SHmTnS8q3Mn9,J.Sheon,131287,48
0Awqm7GXGiBp8fJNGvywra,理想混蛋,72416,54
3n16EAnJtz6SZGx2zJssrI,Amazing Show,107612,47
5AhK8gDgOZT7lE1UlbyF1c,Andrew Tan,116419,48
2RVvqRBon9NgaGXKfywDSs,Maisie Peters,426958,67
3CVYSpM7nfHFG5qCTW7Ht9,ONEUS,762336,60
1NRrtMvT3o1TI6I8XCuweq,MYTH & ROID,217203,54
2sd5k8N8cAOm6Q8OCcePw4,Rin音,244443,53
1IDuSpntFl2Mutofvrrutc,Jason Chan,95259,48
4n9z9czt00gzw36hdoVU3G,Kainbeats,9789,59
3v9wPA58IVrX2dg6AjSPgi,Virginia To Vegas,62807,59
4LZ4De2MoO3lP6QaNCfvcu,Said The Sky,253524,59
56PyKVahtx19m672QyZTG0,Cat Trumpet,46045,47
6l8RQcFxG3A7SRQP595IBH,Hair Dryer Collection,765,53
0OE65qjIKHqSyU7YWpOQrv,Claire Ridgely,10386,54
4wkhNurLn15nvnOh3O8yCV,Peter Cavallo,4864,48
7ijClBwdSsgVn4YiFXO5w8,Sea Waves Sounds,6345,43
37S0GFsBW73uqxGXNFeADJ,Ghost Killer Track,19710,57
57FU7zh1oXdQMT4XhjSsHL,MC Mirella,1666363,50
01u3qI3xMGFvktXyRSMGRZ,Vicky Chen,109622,55
7pSH4sO2lXAxFKF6MkwORv,Julia Wu,155770,50
6cMRDBCHMYjyCH2D0s6uzr,Chih Siou,57887,45
7y3HnWCFEvWj4KM9GFSkiX,WeiBird,253329,60
3w8fdvgPp2aKgy125EBgVg,玖壹壹,177396,50
5PNcqs6EtD6gSXgUiiJIUU,颜人中,78795,54
6dhfy4ByARPJdPtMyrUYJK,Yerin Baek,473761,59
0pWR7TsFhvSCnbmHDjWgrE,Creepy Nuts,479434,65
2JlV3vR07HGe6joOPztyuz,Auley Gere,135,43
7d86ERlvO5UG44j7Va0Y0C,Pamungkas,3640717,69
13lFKnH7sS9T35uPQmxaOs,kojikoji,83140,51
5AUK3KLrqdHpcsRowJVJIn,lōland,4865,44
5B4kCOhcqTywB9YwXPfFtJ,Weird Genius,437427,53
6TDMbiQCWeMClsMr9ORLRK,aiko,462036,57
7INJXFDyMoyqqp91q0FWqh,Nuver,1770,54
4u1nYxjl132D6rcMeYQ6Zz,Rival,55097,57
6Y64EaNqpqcZYTgs4c76gF,jxdn,955324,65
5JF3HMNudSKqJDkgCOzULV,Victor Kovacs,338,44
4kIwETcbpuFgRukE8o7Opx,Arlo Parks,474234,61
4b19vuzlDcNdU4quI7L6sW,ElyOtto,110548,58
0LK67TfgE1O9GrBXJ9KLUe,Edvard Kravchuk,1890,50
6ModsWtBph2rE6zCTVxvZt,Maite Perroni,1174440,69
37awA8DFCAnCCL7aqYbDnD,Blasterjaxx,725645,65
4HHdjvdn30koo54zQ6QeF5,Ungu,1810379,60
4ZfTpxwHwtot9Ps59bXAF8,Sandy,1039866,59
2snm3HmsnDUDxbIChdl2Oj,Justin Hurwitz,75888,61
3wRGr9z5I5xmmVc21fIvC6,Days N Daze,113859,46
4ogwGU9VPWrnVBs1GEwZVV,Temples,233952,45
2eHZ1Vns5972fZNdhnjopG,Brace,30614,48
3haVJx9TUcufYl1rPyH0iv,Peter Broderick,71801,48
1D9XQXqh4YQfJwX7hyLWwr,Sleepy Tom,14046,46
19Nq4oCJmRe9pxcCfxRgU7,Chris King,10244,48
4E0mDf341TLViBbNefSrsK,Blade Brown,60641,54
6oX4tx055oEFYM3ahDTyOD,Noisettes,101344,50
2rUOBAmeKcpfmd83cIj5Au,Dj Batata,25678,50
1xVD6whrUwA8jeBkFshvFA,Tony Colombo,116185,46
3XFPsySK5XlfmcxJGWcyWn,Ludmila Ferber,226708,50
34uGMERnU9XHnmQDnK03Gj,Lillasyster,57837,44
4MMQmzYiUiuD8VwjrJu3v6,Nine Chen,156441,45
2BFdLtG6ivaiRqPFTgV1in,Klamydia,69227,47
0TA5ZS9yO7M0rpOXPOOoeP,Britta Steffenhagen,353,54
00PLVqZ4oaOmbI4lacLUBO,Stiftelsen,240091,49
7uzBKhYbCKBs53kDrO4Suc,RubberBand,72862,45
6wbEgVlGqWb4I9tbMluu5Q,MONATIK,548364,49
1gRr6moof50L1b7XsbClvI,Rytmus,152971,53
2N72bJ8IYB4KZmKmxz5Xkk,Hamza Namira,1362940,47
78Cl4OGrWUNLrm4QZKEKkg,Banda Toro,36617,51
7HfzPKhDGOQMVTbRrDY8Te,Mazin,2498,44
7LdZwtnhfB1GoC9SE9tvyb,KIM JAE HWAN,148883,45
1f1DjtYgH6yBzBSiGteBJl,Were-vana,31702,47
4hBCDHUWTljP6BDl5AekgW,Vivek - Mervin,1039133,60
3bAFvRjPZrpRz9Ox1sElQa,Arjun Kanungo,1989736,64
7DkseLyOZrdRjCuoWFtqFi,Edicion Especial,525442,69
0jeYkqwckGJoHQhhXwgzk3,Cruz Cafuné,220127,69
0LnhY2fzptb0QEs5Q5gM7S,Laylow,548403,68
2CCgb0KApjfQDuTppovpf8,Rvfv,335831,74
2ayNSoKPCRAfjp6hQ76hRu,Nacho,4857597,66
3m5qlPf2OkihLz3dRYnkPA,Ovy On The Drums,172832,72
5YCc6xS5Gpj3EkaYGdjyNK,WOS,3042201,73
1vqR17Iv8VFdzure1TAXEq,LIT killah,3917710,74
5VadK1havLhK1OpKYsXv9y,D-Block Europe,865982,75
6EPlBSH2RSiettczlz7ihV,Sleepy Hallow,1110597,78
5Y3MV9DZ0d87NnVm56qSY1,Tiago PZK,2645224,80
6cuYN8aZLQ1ZSKkJJwi2eY,João Gabriel,9206,30
0S63sOasTLdgPXIycsCsMX,IV JAY,27258,42
4ug3P1K8BaCdJXROrqHqhu,Winnetka Bowling League,47485,51
1i8gGjDzv2FNoy6dHcr25K,Negrito,64423,48
3jjJ23jPDUk9XnURWZmWK4,Rain Hard,82,47
5TmW0cFVEYEbypgTdSNNDn,Delano,1012837,49
6MWr1SmTaCU5BJzOZxwJEw,Larry Fleet,56101,58
3xtQQsJvIjKcyaLT4uMsWz,Resit Kemal,28645,49
3898xesz6JuQkpz7Kiu4uM,Emma Heesters,172949,56
46cVq2dwPgzPE3X1VR9TMj,Fourtwnty,2619388,62
1V2sJvNlPQYSO4Kf6GC3if,Yung Craka,75615,57
0ssx5sZQzc1nZZF2Ks8qXZ,Grupo Maximo Grado,875543,60
4F61H4lx1js4wtWfb2Rfnt,Party Pupils,46716,50
2IVvZIe3P9BMuCI6h48Bjg,Nizi19,40042,57
7wLyGTO9vUS7ndlq4BvBGe,Blake Rose,85377,61
0xD6n0wj7aqV5g5LcRNBUd,RIELL,37205,59
1oHPSeQJBwNmpq0J52Wjn1,Toser One,321051,59
6w9ToX5slZ4uIdmD17hJ3c,Bryant Myers,7643763,77
6SXTTUJxIVwMbc1POrviTr,CoComelon,311570,73
7ADRm1oT7VmhRRZrZqycV6,KASIMIR1441,213880,58
5l8WyvJ50fdSghK2ySNq1y,Luv Resval,141606,58
6WSTevYt4rGwm8QPKQr7dU,K.A.A.N.,247628,52
7Jb6GR4PIxHSkDJK8MWuVg,Bianca,13457,66
