A,r,t,i,s,t,I,D
5,2,i,M,1,k,P,5,B,p,n,L,y,p,Z,0,V,t,r,p,y,Y
5,2,i,M,1,k,P,5,B,p,n,L,y,p,Z,0,V,t,r,p,y,Y
6,9,Y,K,w,u,n,l,A,0,x,l,2,y,M,S,1,2,c,y,M,u
1,K,N,a,f,M,i,V,5,Y,3,O,h,O,r,1,A,5,t,W,w,b
1,K,N,a,f,M,i,V,5,Y,3,O,h,O,r,1,A,5,t,W,w,b
1,K,N,a,f,M,i,V,5,Y,3,O,h,O,r,1,A,5,t,W,w,b
0,S,8,N,V,7,X,o,W,i,7,a,r,X,W,S,R,q,I,3,d,S
6,S,0,I,v,K,l,v,P,M,X,1,R,t,A,Y,t,V,p,U,V,8
6,S,0,I,v,K,l,v,P,M,X,1,R,t,A,Y,t,V,p,U,V,8
2,s,f,2,o,w,t,F,S,C,v,z,2,M,L,f,x,m,N,d,k,b
2,s,f,2,o,w,t,F,S,C,v,z,2,M,L,f,x,m,N,d,k,b
2,s,f,2,o,w,t,F,S,C,v,z,2,M,L,f,x,m,N,d,k,b
2,s,f,2,o,w,t,F,S,C,v,z,2,M,L,f,x,m,N,d,k,b
2,s,f,2,o,w,t,F,S,C,v,z,2,M,L,f,x,m,N,d,k,b
2,s,f,2,o,w,t,F,S,C,v,z,2,M,L,f,x,m,N,d,k,b
2,s,f,2,o,w,t,F,S,C,v,z,2,M,L,f,x,m,N,d,k,b
2,s,f,2,o,w,t,F,S,C,v,z,2,M,L,f,x,m,N,d,k,b
1,R,Q,3,Z,w,C,N,I,7,K,n,i,E,K,I,N,5,k,k,i,o
1,R,Q,3,Z,w,C,N,I,7,K,n,i,E,K,I,N,5,k,k,i,o
1,R,Q,3,Z,w,C,N,I,7,K,n,i,E,K,I,N,5,k,k,i,o
1,R,Q,3,Z,w,C,N,I,7,K,n,i,E,K,I,N,5,k,k,i,o
1,R,Q,3,Z,w,C,N,I,7,K,n,i,E,K,I,N,5,k,k,i,o
2,2,5,l,1,K,E,p,r,O,b,X,8,x,g,l,8,x,o,2,G,c
2,2,5,l,1,K,E,p,r,O,b,X,8,x,g,l,8,x,o,2,G,c
4,4,q,T,y,R,X,w,T,k,t,H,V,C,0,X,1,F,G,n,J,n
4,4,q,T,y,R,X,w,T,k,t,H,V,C,0,X,1,F,G,n,J,n
2,e,Q,5,u,R,5,w,K,D,E,Q,5,z,K,P,Q,y,L,H,C,1
2,i,e,B,l,5,s,0,8,u,H,B,w,M,8,s,U,P,v,g,6,5
2,i,e,B,l,5,s,0,8,u,H,B,w,M,8,s,U,P,v,g,6,5
2,i,e,B,l,5,s,0,8,u,H,B,w,M,8,s,U,P,v,g,6,5
6,2,I,U,r,F,q,q,2,8,x,2,S,b,R,d,z,m,9,s,Q,t
2,3,D,Y,J,s,w,4,u,S,C,g,u,I,q,i,T,I,D,t,c,N
1,W,D,k,N,p,8,D,u,v,9,Q,h,O,2,4,6,S,4,d,D,a
1,W,D,k,N,p,8,D,u,v,9,Q,h,O,2,4,6,S,4,d,D,a
1,W,D,k,N,p,8,D,u,v,9,Q,h,O,2,4,6,S,4,d,D,a
1,W,D,k,N,p,8,D,u,v,9,Q,h,O,2,4,6,S,4,d,D,a
1,E,8,w,1,7,2,g,k,u,T,5,h,t,p,w,a,I,E,s,E,l
1,E,8,w,1,7,2,g,k,u,T,5,h,t,p,w,a,I,E,s,E,l
4,W,6,f,w,R,b,q,E,y,1,d,f,E,o,E,6,O,C,y,Z,u
3,1,s,h,E,r,r,Q,g,V,v,u,6,r,5,r,v,F,3,u,n,D
6,4,X,q,d,W,j,t,Y,h,f,M,J,e,Q,B,7,w,t,A,w,S
6,4,X,q,d,W,j,t,Y,h,f,M,J,e,Q,B,7,w,t,A,w,S
6,4,X,q,d,W,j,t,Y,h,f,M,J,e,Q,B,7,w,t,A,w,S
4,D,M,k,r,F,I,q,G,X,L,y,c,c,4,Y,L,Y,T,n,1,i
4,D,M,k,r,F,I,q,G,X,L,y,c,c,4,Y,L,Y,T,n,1,i
6,0,b,B,A,f,1,W,F,P,n,I,w,y,B,S,f,X,j,9,x,v
0,l,H,B,0,Q,c,4,p,m,D,5,R,k,T,L,l,H,e,E,S,o
0,l,H,B,0,Q,c,4,p,m,D,5,R,k,T,L,l,H,e,E,S,o
0,l,H,B,0,Q,c,4,p,m,D,5,R,k,T,L,l,H,e,E,S,o
0,l,H,B,0,Q,c,4,p,m,D,5,R,k,T,L,l,H,e,E,S,o
1,G,f,H,p,e,t,D,F,h,v,q,f,m,5,p,c,e,D,T,r,X
1,G,f,H,p,e,t,D,F,h,v,q,f,m,5,p,c,e,D,T,r,X
2,y,C,H,w,C,R,4,w,8,p,Z,y,o,S,C,y,o,Q,Q,f,x
1,O,H,w,2,r,7,D,i,z,2,r,c,9,J,k,t,a,F,V,6,N
5,r,B,F,U,1,r,h,g,s,1,n,N,g,h,o,p,u,j,9,k,8
5,3,Z,D,w,5,Z,H,l,d,H,J,g,a,U,j,c,J,h,d,G,c
5,3,Z,D,w,5,Z,H,l,d,H,J,g,a,U,j,c,J,h,d,G,c
3,L,7,J,n,V,o,v,G,b,Y,S,U,m,R,y,q,h,X,M,Y,O
3,L,7,J,n,V,o,v,G,b,Y,S,U,m,R,y,q,h,X,M,Y,O
3,L,7,J,n,V,o,v,G,b,Y,S,U,m,R,y,q,h,X,M,Y,O
3,L,7,J,n,V,o,v,G,b,Y,S,U,m,R,y,q,h,X,M,Y,O
1,x,d,5,p,7,u,9,w,8,m,Q,c,2,n,U,8,G,w,B,i,b
1,x,d,5,p,7,u,9,w,8,m,Q,c,2,n,U,8,G,w,B,i,b
1,P,V,m,M,2,c,7,9,U,d,I,y,m,M,z,x,Y,l,y,w,J
3,c,h,q,U,1,5,y,L,P,7,B,3,X,R,Q,p,I,L,Q,Y,2
3,c,h,q,U,1,5,y,L,P,7,B,3,X,R,Q,p,I,L,Q,Y,2
3,c,h,q,U,1,5,y,L,P,7,B,3,X,R,Q,p,I,L,Q,Y,2
3,c,h,q,U,1,5,y,L,P,7,B,3,X,R,Q,p,I,L,Q,Y,2
4,w,P,1,k,x,j,U,s,c,9,I,R,4,I,y,2,s,m,L,7,o
6,f,t,7,J,n,x,M,y,Z,h,p,7,N,5,2,q,z,H,y,m,Y
6,f,t,7,J,n,x,M,y,Z,h,p,7,N,5,2,q,z,H,y,m,Y
6,f,t,7,J,n,x,M,y,Z,h,p,7,N,5,2,q,z,H,y,m,Y
1,U,w,K,m,y,N,6,d,K,h,z,F,N,K,S,L,3,P,g,P,G
5,a,M,I,b,w,Z,Q,v,P,2,M,H,P,M,V,C,5,z,C,G,j
2,y,J,6,l,s,L,q,G,0,6,r,9,b,c,k,S,T,Q,R,t,4
2,y,J,6,l,s,L,q,G,0,6,r,9,b,c,k,S,T,Q,R,t,4
2,y,J,6,l,s,L,q,G,0,6,r,9,b,c,k,S,T,Q,R,t,4
0,b,m,K,Q,D,k,U,4,J,3,g,U,y,k,Z,S,8,t,b,6,v
0,b,m,K,Q,D,k,U,4,J,3,g,U,y,k,Z,S,8,t,b,6,v
0,b,m,K,Q,D,k,U,4,J,3,g,U,y,k,Z,S,8,t,b,6,v
0,b,m,K,Q,D,k,U,4,J,3,g,U,y,k,Z,S,8,t,b,6,v
4,x,T,i,W,B,T,h,j,Z,g,o,1,u,Z,n,1,W,p,Z,m,3
4,x,T,i,W,B,T,h,j,Z,g,o,1,u,Z,n,1,W,p,Z,m,3
3,j,r,Z,X,T,z,q,S,u,T,B,d,f,J,e,o,S,t,s,1,n
3,j,r,Z,X,T,z,q,S,u,T,B,d,f,J,e,o,S,t,s,1,n
6,c,N,W,i,i,z,Y,L,C,C,l,Z,d,n,I,v,q,U,9,6,8
3,U,7,b,O,a,J,L,u,F,k,r,m,D,Q,1,C,1,O,q,K,l
6,F,u,g,Q,j,L,q,u,B,F,4,J,z,A,T,R,N,7,0,b,R
6,F,u,g,Q,j,L,q,u,B,F,4,J,z,A,T,R,N,7,0,b,R
7,G,z,6,V,l,T,V,w,l,N,t,B,N,M,Y,V,4,O,I,3,w
7,G,z,6,V,l,T,V,w,l,N,t,B,N,M,Y,V,4,O,I,3,w
5,Q,u,Z,9,H,d,v,n,X,c,X,8,k,E,G,7,8,2,P,h,v
5,Q,u,Z,9,H,d,v,n,X,c,X,8,k,E,G,7,8,2,P,h,v
5,Q,u,Z,9,H,d,v,n,X,c,X,8,k,E,G,7,8,2,P,h,v
5,Q,u,Z,9,H,d,v,n,X,c,X,8,k,E,G,7,8,2,P,h,v
5,R,C,W,M,a,A,r,E,n,t,b,k,e,W,Y,V,x,C,i,F,W
7,A,8,S,4,3,r,y,Y,d,b,W,p,J,K,e,H,R,Z,R,c,q
7,A,8,S,4,3,r,y,Y,d,b,W,p,J,K,e,H,R,Z,R,c,q
1,A,x,l,E,5,J,C,J,r,J,z,V,Y,a,0,y,w,J,Q,q,V
4,P,g,P,J,f,N,Y,h,F,a,H,A,V,5,C,5,d,F,h,Y,S
4,P,g,P,J,f,N,Y,h,F,a,H,A,V,5,C,5,d,F,h,Y,S
1,Y,j,a,V,T,e,H,B,l,V,R,R,x,b,k,7,H,3,0,H,N
2,9,2,j,M,V,l,K,q,1,8,0,y,z,i,8,W,R,a,V,U,6
2,9,2,j,M,V,l,K,q,1,8,0,y,z,i,8,W,R,a,V,U,6
2,9,2,j,M,V,l,K,q,1,8,0,y,z,i,8,W,R,a,V,U,6
1,X,m,Q,F,3,Y,X,c,I,j,v,9,P,h,N,N,6,9,v,8,s
1,P,m,r,Y,s,Z,v,p,V,B,9,i,l,W,x,0,e,Z,H,d,r
3,z,Y,U,3,3,Y,U,x,J,P,z,s,P,r,Y,m,p,M,M,i,u
6,G,E,T,M,w,t,7,r,b,O,Z,R,X,F,n,i,v,R,O,b,G
7,M,c,J,w,5,Z,G,7,v,J,e,z,w,6,y,g,r,F,a,g,Y
4,J,3,v,h,Z,N,P,e,l,1,T,y,j,2,G,H,s,X,i,6,i
4,J,3,v,h,Z,N,P,e,l,1,T,y,j,2,G,H,s,X,i,6,i
4,J,3,v,h,Z,N,P,e,l,1,T,y,j,2,G,H,s,X,i,6,i
6,O,N,w,L,t,T,6,v,O,z,l,O,3,p,f,Z,N,A,O,M,w
5,7,G,H,C,7,2,9,H,x,F,Y,H,l,1,v,G,e,1,q,a,X
0,g,G,c,w,3,t,A,1,f,Z,o,F,2,3,q,a,8,K,F,b,7
0,g,G,c,w,3,t,A,1,f,Z,o,F,2,3,q,a,8,K,F,b,7
0,g,G,c,w,3,t,A,1,f,Z,o,F,2,3,q,a,8,K,F,b,7
0,g,G,c,w,3,t,A,1,f,Z,o,F,2,3,q,a,8,K,F,b,7
5,v,P,q,l,D,B,Y,N,Z,i,F,5,S,r,H,G,S,6,C,y,t
7,D,I,C,B,A,Y,i,a,I,M,h,5,M,u,l,q,w,C,t,E,T
2,6,e,b,q,Y,q,o,t,h,r,k,k,G,H,W,E,v,J,y,4,D
5,9,X,Q,U,E,H,h,y,5,8,3,0,Q,s,A,s,m,h,e,2,M
5,q,V,V,v,b,y,U,O,p,N,d,g,T,G,v,N,x,z,c,M,W
5,q,V,V,v,b,y,U,O,p,N,d,g,T,G,v,N,x,z,c,M,W
0,x,E,C,f,h,l,R,z,R,R,I,I,e,2,C,o,5,H,X,6,n
5,F,F,8,x,J,S,W,4,q,U,V,U,8,b,k,7,9,K,Y,L,T
5,F,F,8,x,J,S,W,4,q,U,V,U,8,b,k,7,9,K,Y,L,T
1,n,O,D,c,A,d,z,s,2,e,L,j,A,p,6,A,s,r,M,z,A
5,3,k,x,f,y,c,K,P,t,W,u,S,F,p,I,u,E,H,l,G,i
6,U,5,3,x,C,C,V,X,m,y,i,m,A,g,s,B,j,C,S,8,P
3,g,I,W,D,9,h,K,0,V,E,h,g,s,S,r,L,u,1,9,P,U
3,g,I,W,D,9,h,K,0,V,E,h,g,s,S,r,L,u,1,9,P,U
3,u,K,7,M,C,V,w,r,7,F,S,x,n,h,N,K,s,o,4,H,i
2,f,c,n,1,4,w,W,I,w,W,r,n,X,A,v,8,9,o,v,B,k
5,W,g,R,u,O,0,m,h,M,3,6,N,F,o,a,p,z,p,W,B,H
5,W,g,R,u,O,0,m,h,M,3,6,N,F,o,a,p,z,p,W,B,H
5,W,g,R,u,O,0,m,h,M,3,6,N,F,o,a,p,z,p,W,B,H
6,A,w,w,L,w,g,I,s,T,I,X,Z,8,k,H,W,a,Z,U,j,5
6,A,w,w,L,w,g,I,s,T,I,X,Z,8,k,H,W,a,Z,U,j,5
6,A,w,w,L,w,g,I,s,T,I,X,Z,8,k,H,W,a,Z,U,j,5
6,A,w,w,L,w,g,I,s,T,I,X,Z,8,k,H,W,a,Z,U,j,5
6,A,w,w,L,w,g,I,s,T,I,X,Z,8,k,H,W,a,Z,U,j,5
7,l,M,g,p,N,1,t,E,B,Q,K,p,R,o,U,M,K,B,8,i,w
7,l,M,g,p,N,1,t,E,B,Q,K,p,R,o,U,M,K,B,8,i,w
7,l,M,g,p,N,1,t,E,B,Q,K,p,R,o,U,M,K,B,8,i,w
7,l,M,g,p,N,1,t,E,B,Q,K,p,R,o,U,M,K,B,8,i,w
3,V,Z,X,m,Y,r,B,3,M,x,M,f,T,Z,K,I,V,Z,A,1,J
3,V,Z,X,m,Y,r,B,3,M,x,M,f,T,Z,K,I,V,Z,A,1,J
3,V,Z,X,m,Y,r,B,3,M,x,M,f,T,Z,K,I,V,Z,A,1,J
3,V,Z,X,m,Y,r,B,3,M,x,M,f,T,Z,K,I,V,Z,A,1,J
5,C,1,S,9,X,w,x,M,u,u,C,c,i,u,t,w,M,h,p,5,t
5,C,1,S,9,X,w,x,M,u,u,C,c,i,u,t,w,M,h,p,5,t
5,C,1,S,9,X,w,x,M,u,u,C,c,i,u,t,w,M,h,p,5,t
1,s,I,C,j,V,l,C,M,O,C,a,h,0,s,n,H,X,W,U,z,0
1,s,I,C,j,V,l,C,M,O,C,a,h,0,s,n,H,X,W,U,z,0
1,s,I,C,j,V,l,C,M,O,C,a,h,0,s,n,H,X,W,U,z,0
1,s,I,C,j,V,l,C,M,O,C,a,h,0,s,n,H,X,W,U,z,0
2,q,U,0,j,q,x,i,F,e,X,r,w,5,N,T,V,1,b,I,Q,M
2,q,U,0,j,q,x,i,F,e,X,r,w,5,N,T,V,1,b,I,Q,M
7,v,X,w,f,Z,y,D,p,3,s,p,z,I,V,N,X,D,a,T,P,N
7,v,X,w,f,Z,y,D,p,3,s,p,z,I,V,N,X,D,a,T,P,N
7,v,X,w,f,Z,y,D,p,3,s,p,z,I,V,N,X,D,a,T,P,N
7,v,X,w,f,Z,y,D,p,3,s,p,z,I,V,N,X,D,a,T,P,N
7,v,X,w,f,Z,y,D,p,3,s,p,z,I,V,N,X,D,a,T,P,N
1,e,Q,z,Z,s,J,A,t,B,V,h,N,9,W,P,6,2,o,X,M,2
1,e,Q,z,Z,s,J,A,t,B,V,h,N,9,W,P,6,2,o,X,M,2
1,e,Q,z,Z,s,J,A,t,B,V,h,N,9,W,P,6,2,o,X,M,2
1,e,Q,z,Z,s,J,A,t,B,V,h,N,9,W,P,6,2,o,X,M,2
2,c,h,c,x,X,p,K,x,o,Q,A,w,y,q,y,m,d,m,b,z,9
1,4,V,8,Z,R,h,L,6,6,N,I,z,X,A,m,Y,t,Q,8,V,j
0,M,Q,j,W,O,l,X,Y,U,A,l,v,D,p,F,2,P,a,J,8,f
6,w,9,7,1,A,B,E,z,b,D,R,Q,V,U,f,c,b,Y,r,l,9
6,w,9,7,1,A,B,E,z,b,D,R,Q,V,U,f,c,b,Y,r,l,9
6,w,9,7,1,A,B,E,z,b,D,R,Q,V,U,f,c,b,Y,r,l,9
6,w,9,7,1,A,B,E,z,b,D,R,Q,V,U,f,c,b,Y,r,l,9
6,w,9,7,1,A,B,E,z,b,D,R,Q,V,U,f,c,b,Y,r,l,9
6,w,9,7,1,A,B,E,z,b,D,R,Q,V,U,f,c,b,Y,r,l,9
2,T,w,U,V,W,F,J,s,4,L,D,0,l,O,B,b,J,X,n,N,a
2,T,w,U,V,W,F,J,s,4,L,D,0,l,O,B,b,J,X,n,N,a
2,T,w,U,V,W,F,J,s,4,L,D,0,l,O,B,b,J,X,n,N,a
2,T,w,U,V,W,F,J,s,4,L,D,0,l,O,B,b,J,X,n,N,a
7,b,d,Z,V,V,c,d,y,F,j,x,V,R,j,6,v,C,V,k,9,w
7,b,d,Z,V,V,c,d,y,F,j,x,V,R,j,6,v,C,V,k,9,w
2,B,w,G,x,E,f,f,K,s,S,j,s,Q,y,K,N,t,B,g,c,Q
2,B,w,G,x,E,f,f,K,s,S,j,s,Q,y,K,N,t,B,g,c,Q
2,B,w,G,x,E,f,f,K,s,S,j,s,Q,y,K,N,t,B,g,c,Q
2,T,1,s,e,5,h,5,F,R,k,w,7,Z,f,R,7,y,x,d,l,m
2,T,1,s,e,5,h,5,F,R,k,w,7,Z,f,R,7,y,x,d,l,m
2,T,1,s,e,5,h,5,F,R,k,w,7,Z,f,R,7,y,x,d,l,m
2,9,Q,K,t,X,M,a,V,c,z,U,B,D,i,I,3,a,P,B,W,S
2,9,Q,K,t,X,M,a,V,c,z,U,B,D,i,I,3,a,P,B,W,S
2,9,Q,K,t,X,M,a,V,c,z,U,B,D,i,I,3,a,P,B,W,S
5,z,b,l,J,Y,k,C,z,v,B,5,1,J,h,2,9,F,B,0,7,V
5,z,b,l,J,Y,k,C,z,v,B,5,1,J,h,2,9,F,B,0,7,V
5,z,b,l,J,Y,k,C,z,v,B,5,1,J,h,2,9,F,B,0,7,V
3,b,R,G,J,Q,d,7,b,4,l,E,3,Z,A,E,M,f,O,X,J,p
3,b,R,G,J,Q,d,7,b,4,l,E,3,Z,A,E,M,f,O,X,J,p
2,G,l,E,i,S,H,Y,E,K,l,q,9,c,U,Y,D,a,9,o,Z,b
2,G,l,E,i,S,H,Y,E,K,l,q,9,c,U,Y,D,a,9,o,Z,b
0,t,M,F,c,q,L,X,h,t,m,1,G,e,p,2,0,i,u,I,R,3
0,t,M,F,c,q,L,X,h,t,m,1,G,e,p,2,0,i,u,I,R,3
0,t,M,F,c,q,L,X,h,t,m,1,G,e,p,2,0,i,u,I,R,3
7,n,a,A,J,D,A,h,7,A,Z,n,f,1,8,Y,Y,f,Q,r,u,M
7,n,a,A,J,D,A,h,7,A,Z,n,f,1,8,Y,Y,f,Q,r,u,M
7,n,a,A,J,D,A,h,7,A,Z,n,f,1,8,Y,Y,f,Q,r,u,M
0,V,w,7,6,u,k,7,P,8,y,V,t,T,C,l,W,y,O,h,a,c
0,V,w,7,6,u,k,7,P,8,y,V,t,T,C,l,W,y,O,h,a,c
0,c,j,k,W,e,9,V,X,c,E,C,G,i,O,E,H,F,u,T,f,c
0,c,j,k,W,e,9,V,X,c,E,C,G,i,O,E,H,F,u,T,f,c
0,c,j,k,W,e,9,V,X,c,E,C,G,i,O,E,H,F,u,T,f,c
0,c,j,k,W,e,9,V,X,c,E,C,G,i,O,E,H,F,u,T,f,c
2,q,W,K,8,K,2,J,f,h,6,7,U,q,t,w,Y,8,t,C,W,6
2,q,W,K,8,K,2,J,f,h,6,7,U,q,t,w,Y,8,t,C,W,6
2,q,W,K,8,K,2,J,f,h,6,7,U,q,t,w,Y,8,t,C,W,6
0,p,S,x,3,a,s,j,3,u,s,z,5,P,R,t,8,C,O,o,0,E
0,p,S,x,3,a,s,j,3,u,s,z,5,P,R,t,8,C,O,o,0,E
0,p,S,x,3,a,s,j,3,u,s,z,5,P,R,t,8,C,O,o,0,E
0,p,S,x,3,a,s,j,3,u,s,z,5,P,R,t,8,C,O,o,0,E
1,V,B,b,e,w,n,H,t,e,g,B,S,E,B,7,k,R,X,D,z,Q
6,g,G,J,H,7,j,o,T,D,x,9,M,3,x,R,E,i,A,q,9,U
3,1,V,F,E,o,h,v,h,O,U,K,r,t,A,O,N,E,B,h,M,G
7,s,O,R,7,g,k,6,X,U,l,G,n,x,j,3,p,9,F,5,4,k
7,s,O,R,7,g,k,6,X,U,l,G,n,x,j,3,p,9,F,5,4,k
7,s,O,R,7,g,k,6,X,U,l,G,n,x,j,3,p,9,F,5,4,k
7,s,O,R,7,g,k,6,X,U,l,G,n,x,j,3,p,9,F,5,4,k
4,T,2,k,9,b,g,I,o,C,8,b,b,q,j,q,i,E,l,9,v,Z
4,T,2,k,9,b,g,I,o,C,8,b,b,q,j,q,i,E,l,9,v,Z
4,T,2,k,9,b,g,I,o,C,8,b,b,q,j,q,i,E,l,9,v,Z
4,T,2,k,9,b,g,I,o,C,8,b,b,q,j,q,i,E,l,9,v,Z
6,g,v,V,F,t,k,T,V,4,O,C,y,Q,S,C,z,G,g,U,1,h
6,g,v,V,F,t,k,T,V,4,O,C,y,Q,S,C,z,G,g,U,1,h
5,7,Y,F,N,q,4,6,X,x,8,6,n,l,7,E,T,k,d,1,E,i
2,Y,I,x,Q,o,G,v,B,u,k,v,o,C,1,C,b,J,7,o,p,S
7,7,Y,v,C,B,W,e,0,t,T,L,y,g,p,g,S,J,s,d,O,H
0,f,T,a,v,4,s,B,L,m,Y,O,A,z,K,u,J,w,0,g,r,L
0,f,T,a,v,4,s,B,L,m,Y,O,A,z,K,u,J,w,0,g,r,L
5,n,K,G,e,I,T,S,N,C,V,P,7,6,m,u,y,O,l,s,z,y
5,n,K,G,e,I,T,S,N,C,V,P,7,6,m,u,y,O,l,s,z,y
5,n,K,G,e,I,T,S,N,C,V,P,7,6,m,u,y,O,l,s,z,y
5,n,K,G,e,I,T,S,N,C,V,P,7,6,m,u,y,O,l,s,z,y
3,9,X,T,9,g,M,o,N,m,M,C,O,l,v,T,T,R,2,7,3,m
3,9,X,T,9,g,M,o,N,m,M,C,O,l,v,T,T,R,2,7,3,m
4,t,e,j,K,I,m,N,V,m,D,c,O,R,N,B,u,Z,1,l,1,4
5,q,Q,d,z,y,I,l,Y,f,z,I,C,K,O,V,d,b,7,X,v,Y
2,u,5,A,q,4,K,f,s,s,4,U,D,b,R,K,Y,H,4,K,L,S
3,R,B,q,L,T,t,t,w,N,1,o,r,q,Q,o,z,Y,f,m,J,o
6,P,I,I,K,a,v,Z,x,2,0,F,l,V,K,y,I,v,b,4,U,m
6,P,I,I,K,a,v,Z,x,2,0,F,l,V,K,y,I,v,b,4,U,m
5,e,L,T,U,L,E,C,b,p,o,i,N,T,8,c,z,p,u,l,x,X
5,e,L,T,U,L,E,C,b,p,o,i,N,T,8,c,z,p,u,l,x,X
5,e,L,T,U,L,E,C,b,p,o,i,N,T,8,c,z,p,u,l,x,X
1,W,L,E,f,s,Q,j,v,g,t,F,S,G,k,r,H,o,n,z,F,X
1,W,L,E,f,s,Q,j,v,g,t,F,S,G,k,r,H,o,n,z,F,X
1,W,L,E,f,s,Q,j,v,g,t,F,S,G,k,r,H,o,n,z,F,X
5,V,z,7,4,i,b,G,H,B,Q,a,U,a,2,A,L,D,O,H,0,v
5,V,z,7,4,i,b,G,H,B,Q,a,U,a,2,A,L,D,O,H,0,v
5,V,z,7,4,i,b,G,H,B,Q,a,U,a,2,A,L,D,O,H,0,v
5,y,L,T,S,E,Q,l,x,t,b,K,0,d,y,L,m,Y,A,P,3,T
6,b,e,U,v,F,U,l,K,l,i,U,Y,J,d,L,O,X,N,j,9,C
6,b,e,U,v,F,U,l,K,l,i,U,Y,J,d,L,O,X,N,j,9,C
6,b,e,U,v,F,U,l,K,l,i,U,Y,J,d,L,O,X,N,j,9,C
6,b,e,U,v,F,U,l,K,l,i,U,Y,J,d,L,O,X,N,j,9,C
6,b,e,U,v,F,U,l,K,l,i,U,Y,J,d,L,O,X,N,j,9,C
6,b,e,U,v,F,U,l,K,l,i,U,Y,J,d,L,O,X,N,j,9,C
6,b,e,U,v,F,U,l,K,l,i,U,Y,J,d,L,O,X,N,j,9,C
3,b,v,f,u,2,K,A,v,e,4,l,P,H,r,h,E,F,D,Z,n,a
3,b,v,f,u,2,K,A,v,e,4,l,P,H,r,h,E,F,D,Z,n,a
2,t,I,P,7,S,s,R,s,7,v,j,I,c,L,r,U,8,5,W,8,J
2,t,I,P,7,S,s,R,s,7,v,j,I,c,L,r,U,8,5,W,8,J
0,2,q,l,w,M,8,f,p,q,e,p,7,v,X,8,K,K,E,F,m,K
4,3,8,D,E,J,a,M,9,K,J,d,q,b,B,U,P,n,V,Y,B,0
0,L,3,w,r,F,I,3,Q,c,b,X,A,v,F,L,7,I,a,P,Q,X
2,U,H,B,g,x,D,v,O,B,a,I,Y,7,h,Q,8,C,E,A,m,W
1,R,P,6,w,1,c,u,l,o,2,v,y,k,X,G,a,i,Y,d,r,Q
1,K,Q,J,O,T,e,I,M,b,i,x,t,n,S,W,Y,4,s,Y,s,2
1,K,Q,J,O,T,e,I,M,b,i,x,t,n,S,W,Y,4,s,Y,s,2
0,Z,0,w,Q,c,5,Y,1,k,q,V,x,g,M,g,S,X,i,f,Z,e
0,Z,0,w,Q,c,5,Y,1,k,q,V,x,g,M,g,S,X,i,f,Z,e
6,x,L,v,4,1,S,H,P,r,V,V,f,v,y,G,d,1,M,7,u,t
6,x,L,v,4,1,S,H,P,r,V,V,f,v,y,G,d,1,M,7,u,t
6,x,L,v,4,1,S,H,P,r,V,V,f,v,y,G,d,1,M,7,u,t
6,x,L,v,4,1,S,H,P,r,V,V,f,v,y,G,d,1,M,7,u,t
0,T,7,J,Q,x,p,y,1,L,i,9,3,v,L,N,i,r,b,v,0,Z
0,T,7,J,Q,x,p,y,1,L,i,9,3,v,L,N,i,r,b,v,0,Z
0,T,7,J,Q,x,p,y,1,L,i,9,3,v,L,N,i,r,b,v,0,Z
0,T,7,J,Q,x,p,y,1,L,i,9,3,v,L,N,i,r,b,v,0,Z
0,T,7,J,Q,x,p,y,1,L,i,9,3,v,L,N,i,r,b,v,0,Z
0,T,7,J,Q,x,p,y,1,L,i,9,3,v,L,N,i,r,b,v,0,Z
0,T,7,J,Q,x,p,y,1,L,i,9,3,v,L,N,i,r,b,v,0,Z
6,8,r,v,M,w,P,L,0,y,M,b,Y,R,5,c,v,0,p,z,C,R
6,8,r,v,M,w,P,L,0,y,M,b,Y,R,5,c,v,0,p,z,C,R
0,h,g,X,6,s,l,g,Q,F,j,1,Q,p,j,p,K,H,b,c,K,1
0,h,g,X,6,s,l,g,Q,F,j,1,Q,p,j,p,K,H,b,c,K,1
3,V,S,H,F,j,w,G,9,4,u,b,N,c,o,S,T,9,h,f,x,X
5,1,Y,B,t,W,v,w,O,P,3,7,h,I,G,m,n,x,f,4,y,C
7,J,7,I,A,R,4,r,k,z,o,4,F,c,Z,T,D,i,d,3,J,k
5,O,o,6,D,3,F,L,R,p,W,j,g,B,n,0,m,q,f,i,A,3
5,O,o,6,D,3,F,L,R,p,W,j,g,B,n,0,m,q,f,i,A,3
5,O,o,6,D,3,F,L,R,p,W,j,g,B,n,0,m,q,f,i,A,3
5,O,o,6,D,3,F,L,R,p,W,j,g,B,n,0,m,q,f,i,A,3
4,T,8,3,e,l,9,V,Q,D,I,0,z,O,y,U,9,z,c,Y,N,q
1,f,B,c,Q,O,i,8,y,E,f,W,N,7,f,k,n,M,o,q,I,E
1,f,B,c,Q,O,i,8,y,E,f,W,N,7,f,k,n,M,o,q,I,E
6,I,6,5,k,F,g,f,X,D,W,x,5,6,j,w,n,i,p,3,T,U
6,I,6,5,k,F,g,f,X,D,W,x,5,6,j,w,n,i,p,3,T,U
6,I,6,5,k,F,g,f,X,D,W,x,5,6,j,w,n,i,p,3,T,U
3,a,Y,x,H,P,D,v,u,8,S,E,T,L,V,J,B,E,U,q,l,d
3,a,Y,x,H,P,D,v,u,8,S,E,T,L,V,J,B,E,U,q,l,d
3,a,Y,x,H,P,D,v,u,8,S,E,T,L,V,J,B,E,U,q,l,d
4,d,6,e,K,L,L,J,b,e,2,Z,e,i,L,0,7,D,u,7,v,B
0,R,k,q,y,t,r,w,o,G,y,X,G,v,D,i,Z,w,T,6,i,2
1,7,a,C,1,w,c,t,G,m,e,2,P,8,Y,C,6,L,V,o,v,2
1,7,a,C,1,w,c,t,G,m,e,2,P,8,Y,C,6,L,V,o,v,2
1,7,a,C,1,w,c,t,G,m,e,2,P,8,Y,C,6,L,V,o,v,2
1,7,a,C,1,w,c,t,G,m,e,2,P,8,Y,C,6,L,V,o,v,2
1,7,a,C,1,w,c,t,G,m,e,2,P,8,Y,C,6,L,V,o,v,2
1,7,a,C,1,w,c,t,G,m,e,2,P,8,Y,C,6,L,V,o,v,2
6,d,n,3,w,w,f,E,Y,l,R,a,Q,Q,U,C,8,R,L,h,T,z
6,d,n,3,w,w,f,E,Y,l,R,a,Q,Q,U,C,8,R,L,h,T,z
3,e,a,1,Z,p,p,t,T,q,S,5,p,w,Y,Y,p,Q,Q,V,C,o
3,e,a,1,Z,p,p,t,T,q,S,5,p,w,Y,Y,p,Q,Q,V,C,o
3,e,a,1,Z,p,p,t,T,q,S,5,p,w,Y,Y,p,Q,Q,V,C,o
5,2,1,Y,l,3,L,U,v,D,7,G,9,d,M,R,O,4,f,p,C,y
5,2,1,Y,l,3,L,U,v,D,7,G,9,d,M,R,O,4,f,p,C,y
5,2,1,Y,l,3,L,U,v,D,7,G,9,d,M,R,O,4,f,p,C,y
5,2,1,Y,l,3,L,U,v,D,7,G,9,d,M,R,O,4,f,p,C,y
5,2,1,Y,l,3,L,U,v,D,7,G,9,d,M,R,O,4,f,p,C,y
2,f,Y,d,U,I,U,P,S,7,a,D,d,W,C,z,b,8,A,w,2,k
2,f,Y,d,U,I,U,P,S,7,a,D,d,W,C,z,b,8,A,w,2,k
2,f,Y,d,U,I,U,P,S,7,a,D,d,W,C,z,b,8,A,w,2,k
5,3,3,w,b,2,q,2,k,U,8,1,4,a,F,E,W,a,I,l,G,2
2,T,U,Y,t,K,a,n,3,N,u,D,y,9,J,e,x,z,L,4,d,b
2,T,U,Y,t,K,a,n,3,N,u,D,y,9,J,e,x,z,L,4,d,b
3,h,z,i,j,S,z,D,6,I,w,O,V,4,S,Y,2,S,i,W,Q,p
3,h,z,i,j,S,z,D,6,I,w,O,V,4,S,Y,2,S,i,W,Q,p
3,h,z,i,j,S,z,D,6,I,w,O,V,4,S,Y,2,S,i,W,Q,p
3,h,z,i,j,S,z,D,6,I,w,O,V,4,S,Y,2,S,i,W,Q,p
6,y,b,d,4,t,P,F,7,M,c,L,j,3,B,N,h,Z,a,v,Q,i
6,y,b,d,4,t,P,F,7,M,c,L,j,3,B,N,h,Z,a,v,Q,i
7,G,a,M,o,p,k,e,s,D,4,K,K,9,d,N,b,g,y,O,5,D
7,G,a,M,o,p,k,e,s,D,4,K,K,9,d,N,b,g,y,O,5,D
7,G,a,M,o,p,k,e,s,D,4,K,K,9,d,N,b,g,y,O,5,D
7,G,a,M,o,p,k,e,s,D,4,K,K,9,d,N,b,g,y,O,5,D
3,O,V,W,v,B,H,w,l,q,5,w,8,i,R,J,E,B,o,C,p,2
3,O,V,W,v,B,H,w,l,q,5,w,8,i,R,J,E,B,o,C,p,2
4,i,6,e,V,y,y,y,P,d,S,r,y,Q,C,z,O,7,G,K,0,K
1,k,O,o,L,M,i,8,Z,7,n,D,e,I,a,0,b,S,f,M,3,N
4,F,j,x,q,q,O,X,K,I,1,e,G,L,r,Y,n,3,G,U,q,4
4,F,j,x,q,q,O,X,K,I,1,e,G,L,r,Y,n,3,G,U,q,4
4,f,x,p,6,1,6,A,L,t,F,W,n,X,f,w,x,n,j,L,z,W
4,f,x,p,6,1,6,A,L,t,F,W,n,X,f,w,x,n,j,L,z,W
4,f,x,p,6,1,6,A,L,t,F,W,n,X,f,w,x,n,j,L,z,W
4,f,x,p,6,1,6,A,L,t,F,W,n,X,f,w,x,n,j,L,z,W
4,9,G,Y,4,u,P,A,w,d,l,k,5,l,S,G,t,f,K,W,Y,l
4,9,G,Y,4,u,P,A,w,d,l,k,5,l,S,G,t,f,K,W,Y,l
4,9,G,Y,4,u,P,A,w,d,l,k,5,l,S,G,t,f,K,W,Y,l
4,9,G,Y,4,u,P,A,w,d,l,k,5,l,S,G,t,f,K,W,Y,l
0,J,s,E,d,b,c,b,E,n,i,b,D,P,x,B,N,q,L,h,M,Z
6,t,R,m,p,Y,z,D,I,j,W,o,R,H,z,b,J,O,7,C,p,x
3,7,N,q,X,w,t,b,6,n,I,E,q,R,t,4,E,J,S,o,I,O
3,7,N,q,X,w,t,b,6,n,I,E,q,R,t,4,E,J,S,o,I,O
3,7,N,q,X,w,t,b,6,n,I,E,q,R,t,4,E,J,S,o,I,O
3,7,N,q,X,w,t,b,6,n,I,E,q,R,t,4,E,J,S,o,I,O
3,7,N,q,X,w,t,b,6,n,I,E,q,R,t,4,E,J,S,o,I,O
3,P,D,M,M,t,0,I,p,2,W,H,y,s,o,A,O,E,A,d,B,q
1,8,7,q,o,i,i,s,j,z,q,v,j,3,w,s,B,W,L,o,t,r
5,P,T,D,G,b,H,P,x,x,X,f,8,1,R,r,u,b,p,I,O,O
0,r,H,m,l,P,H,C,6,3,I,G,B,T,r,t,Q,E,d,D,w,6
0,r,H,m,l,P,H,C,6,3,I,G,B,T,r,t,Q,E,d,D,w,6
0,r,H,m,l,P,H,C,6,3,I,G,B,T,r,t,Q,E,d,D,w,6
0,r,H,m,l,P,H,C,6,3,I,G,B,T,r,t,Q,E,d,D,w,6
2,A,h,m,W,H,e,k,r,a,h,J,r,i,4,f,5,e,0,8,T,f
2,A,h,m,W,H,e,k,r,a,h,J,r,i,4,f,5,e,0,8,T,f
2,A,h,m,W,H,e,k,r,a,h,J,r,i,4,f,5,e,0,8,T,f
2,A,h,m,W,H,e,k,r,a,h,J,r,i,4,f,5,e,0,8,T,f
6,g,7,G,F,7,B,L,C,4,1,J,T,H,J,w,g,B,4,w,Q,W
6,g,7,G,F,7,B,L,C,4,1,J,T,H,J,w,g,B,4,w,Q,W
6,g,7,G,F,7,B,L,C,4,1,J,T,H,J,w,g,B,4,w,Q,W
2,7,s,J,O,P,3,Q,j,N,b,w,3,4,9,I,r,c,R,O,w,j
2,7,s,J,O,P,3,Q,j,N,b,w,3,4,9,I,r,c,R,O,w,j
5,v,b,t,Z,f,R,J,j,n,2,Q,L,h,P,h,t,Y,p,i,q,i
5,v,b,t,Z,f,R,J,j,n,2,Q,L,h,P,h,t,Y,p,i,q,i
6,b,b,9,V,I,1,P,p,P,T,E,m,d,g,c,g,j,T,p,p,X
6,b,b,9,V,I,1,P,p,P,T,E,m,d,g,c,g,j,T,p,p,X
2,D,5,k,O,9,5,A,W,E,X,M,H,R,v,q,v,C,K,b,7,K
2,x,j,V,Y,I,M,L,S,3,n,R,5,Y,1,U,O,r,0,2,V,b
6,O,k,X,5,5,U,M,C,w,4,H,g,c,5,H,M,4,z,r,7,K
1,Z,s,n,H,G,O,L,Y,F,g,8,C,A,H,Q,Q,B,c,1,u,t
1,Z,s,n,H,G,O,L,Y,F,g,8,C,A,H,Q,Q,B,c,1,u,t
1,Z,s,n,H,G,O,L,Y,F,g,8,C,A,H,Q,Q,B,c,1,u,t
1,Z,s,n,H,G,O,L,Y,F,g,8,C,A,H,Q,Q,B,c,1,u,t
1,Z,s,n,H,G,O,L,Y,F,g,8,C,A,H,Q,Q,B,c,1,u,t
1,Z,s,n,H,G,O,L,Y,F,g,8,C,A,H,Q,Q,B,c,1,u,t
6,R,X,v,Z,t,T,y,l,d,4,2,1,V,P,m,J,t,L,q,k,L
6,R,X,v,Z,t,T,y,l,d,4,2,1,V,P,m,J,t,L,q,k,L
6,R,X,v,Z,t,T,y,l,d,4,2,1,V,P,m,J,t,L,q,k,L
6,R,X,v,Z,t,T,y,l,d,4,2,1,V,P,m,J,t,L,q,k,L
6,X,U,o,b,2,l,A,S,l,L,L,a,a,v,O,T,A,w,9,V,b
6,Q,w,B,h,F,I,O,X,W,r,i,9,B,N,t,w,o,I,l,K,Y
2,d,6,W,4,c,n,C,5,X,s,V,O,a,x,t,g,a,j,9,h,A
2,d,6,W,4,c,n,C,5,X,s,V,O,a,x,t,g,a,j,9,h,A
2,Z,M,n,W,I,3,o,I,H,y,j,7,M,y,u,Z,9,9,g,v,u
2,Z,M,n,W,I,3,o,I,H,y,j,7,M,y,u,Z,9,9,g,v,u
0,i,C,8,O,5,A,B,s,w,V,U,F,i,Y,w,M,9,4,b,u,3
0,i,C,8,O,5,A,B,s,w,V,U,F,i,Y,w,M,9,4,b,u,3
7,D,7,k,5,5,0,I,B,6,E,s,z,W,m,z,V,V,C,J,S,K
7,D,7,k,5,5,0,I,B,6,E,s,z,W,m,z,V,V,C,J,S,K
7,D,7,k,5,5,0,I,B,6,E,s,z,W,m,z,V,V,C,J,S,K
7,D,7,k,5,5,0,I,B,6,E,s,z,W,m,z,V,V,C,J,S,K
0,8,j,6,9,N,d,y,x,1,P,7,R,L,O,3,J,a,n,b,5,P
0,8,j,6,9,N,d,y,x,1,P,7,R,L,O,3,J,a,n,b,5,P
0,8,j,6,9,N,d,y,x,1,P,7,R,L,O,3,J,a,n,b,5,P
0,8,j,6,9,N,d,y,x,1,P,7,R,L,O,3,J,a,n,b,5,P
0,8,j,6,9,N,d,y,x,1,P,7,R,L,O,3,J,a,n,b,5,P
5,t,x,A,C,0,h,w,b,F,B,0,9,N,v,8,Y,1,h,P,J,l
5,t,x,A,C,0,h,w,b,F,B,0,9,N,v,8,Y,1,h,P,J,l
2,N,k,p,m,k,c,W,N,x,b,W,y,d,B,a,E,T,R,f,q,T
4,9,2,h,D,m,h,P,y,u,I,j,P,3,M,g,T,c,I,q,g,m
4,9,2,h,D,m,h,P,y,u,I,j,P,3,M,g,T,c,I,q,g,m
4,9,2,h,D,m,h,P,y,u,I,j,P,3,M,g,T,c,I,q,g,m
0,z,9,s,3,P,5,v,C,z,K,c,U,B,S,x,g,B,D,y,L,U
0,z,9,s,3,P,5,v,C,z,K,c,U,B,S,x,g,B,D,y,L,U
0,z,9,s,3,P,5,v,C,z,K,c,U,B,S,x,g,B,D,y,L,U
0,z,9,s,3,P,5,v,C,z,K,c,U,B,S,x,g,B,D,y,L,U
5,N,C,K,p,z,u,o,w,t,i,h,c,I,r,I,H,F,j,K,b,J
5,N,C,K,p,z,u,o,w,t,i,h,c,I,r,I,H,F,j,K,b,J
5,N,C,K,p,z,u,o,w,t,i,h,c,I,r,I,H,F,j,K,b,J
5,N,C,K,p,z,u,o,w,t,i,h,c,I,r,I,H,F,j,K,b,J
5,N,C,K,p,z,u,o,w,t,i,h,c,I,r,I,H,F,j,K,b,J
1,d,p,1,3,r,1,d,5,M,p,1,1,9,K,C,R,4,B,Q,v,w
1,d,p,1,3,r,1,d,5,M,p,1,1,9,K,C,R,4,B,Q,v,w
0,W,j,6,u,7,z,M,Y,2,d,O,L,k,J,G,z,6,2,b,E,p
2,R,1,O,E,L,u,S,J,z,X,j,R,m,8,l,c,8,F,j,P,C
2,R,1,O,E,L,u,S,J,z,X,j,R,m,8,l,c,8,F,j,P,C
2,R,1,O,E,L,u,S,J,z,X,j,R,m,8,l,c,8,F,j,P,C
4,C,f,l,z,Q,p,r,p,6,n,Z,x,K,i,v,0,t,7,8,t,H
4,C,f,l,z,Q,p,r,p,6,n,Z,x,K,i,v,0,t,7,8,t,H
1,j,H,Q,I,2,6,X,k,j,Y,8,B,H,w,v,D,n,h,9,J,w
1,j,H,Q,I,2,6,X,k,j,Y,8,B,H,w,v,D,n,h,9,J,w
3,e,w,Q,Z,4,i,D,k,C,9,C,Q,z,c,e,i,t,u,e,X,e
7,H,L,E,r,d,U,i,P,h,h,7,m,g,5,A,x,V,E,A,X,0
7,H,L,E,r,d,U,i,P,h,h,7,m,g,5,A,x,V,E,A,X,0
2,F,u,5,h,u,G,G,8,i,X,C,8,5,P,9,a,k,y,Y,r,r
2,F,u,5,h,u,G,G,8,i,X,C,8,5,P,9,a,k,y,Y,r,r
5,Q,2,6,m,E,U,N,t,B,a,8,y,f,c,3,m,V,Y,q,s,p
3,9,6,g,q,B,t,8,a,2,N,N,7,g,X,t,D,W,F,7,A,J
3,9,6,g,q,B,t,8,a,2,N,N,7,g,X,t,D,W,F,7,A,J
3,9,6,g,q,B,t,8,a,2,N,N,7,g,X,t,D,W,F,7,A,J
6,5,0,b,l,P,h,p,j,2,4,a,l,o,F,T,k,9,4,1,L,3
3,Z,O,k,6,b,D,H,8,O,R,F,W,Z,U,A,4,q,v,e,v,R
3,Z,O,k,6,b,D,H,8,O,R,F,W,Z,U,A,4,q,v,e,v,R
5,L,t,H,Z,B,7,v,U,0,2,H,t,N,o,O,z,N,c,V,h,c
5,L,t,H,Z,B,7,v,U,0,2,H,t,N,o,O,z,N,c,V,h,c
1,g,y,B,R,b,Q,A,C,z,4,J,J,X,2,H,R,R,O,i,g,K
1,g,y,B,R,b,Q,A,C,z,4,J,J,X,2,H,R,R,O,i,g,K
0,G,8,z,j,E,6,S,s,F,T,l,b,g,l,C,k,U,8,p,m,3
0,G,8,z,j,E,6,S,s,F,T,l,b,g,l,C,k,U,8,p,m,3
0,G,8,z,j,E,6,S,s,F,T,l,b,g,l,C,k,U,8,p,m,3
0,G,8,z,j,E,6,S,s,F,T,l,b,g,l,C,k,U,8,p,m,3
0,J,n,N,z,C,U,s,H,u,D,c,U,c,B,a,t,O,z,u,G,P
6,l,O,3,f,S,d,h,s,d,p,e,O,c,r,b,q,A,J,s,R,U
6,l,O,3,f,S,d,h,s,d,p,e,O,c,r,b,q,A,J,s,R,U
6,l,O,3,f,S,d,h,s,d,p,e,O,c,r,b,q,A,J,s,R,U
6,l,O,3,f,S,d,h,s,d,p,e,O,c,r,b,q,A,J,s,R,U
6,l,O,3,f,S,d,h,s,d,p,e,O,c,r,b,q,A,J,s,R,U
1,d,y,Z,D,f,H,c,T,t,U,J,j,x,0,D,F,B,c,O,v,c
4,Q,3,f,2,Y,Y,H,4,g,Q,x,W,F,S,3,W,Y,5,G,3,j
6,t,7,U,7,s,Y,l,V,C,t,l,M,W,z,b,e,c,J,c,H,d
6,t,7,U,7,s,Y,l,V,C,t,l,M,W,z,b,e,c,J,c,H,d
1,J,V,4,i,C,1,U,h,p,l,R,E,8,R,F,r,8,Q,9,n,9
1,J,V,4,i,C,1,U,h,p,l,R,E,8,R,F,r,8,Q,9,n,9
1,J,V,4,i,C,1,U,h,p,l,R,E,8,R,F,r,8,Q,9,n,9
1,J,V,4,i,C,1,U,h,p,l,R,E,8,R,F,r,8,Q,9,n,9
1,J,V,4,i,C,1,U,h,p,l,R,E,8,R,F,r,8,Q,9,n,9
4,v,U,A,D,0,P,O,k,G,v,O,6,J,9,c,9,h,v,6,q,R
0,f,w,G,t,E,c,J,4,v,3,H,0,b,t,c,b,M,0,K,W,c
1,p,e,H,5,t,S,q,n,Y,m,8,W,6,B,o,3,I,5,e,g,E
1,p,e,H,5,t,S,q,n,Y,m,8,W,6,B,o,3,I,5,e,g,E
6,q,F,E,V,c,z,p,j,X,a,k,M,u,K,c,I,5,B,B,d,c
1,m,p,O,D,8,Z,w,H,n,b,s,r,y,I,u,X,W,q,0,R,1
6,d,D,a,X,b,E,1,c,a,D,6,5,T,O,N,T,o,Y,X,Y,x
6,d,D,a,X,b,E,1,c,a,D,6,5,T,O,N,T,o,Y,X,Y,x
1,Q,Z,Y,k,l,q,R,5,5,t,Z,6,b,5,m,K,4,L,D,4,1
1,Q,Z,Y,k,l,q,R,5,5,t,Z,6,b,5,m,K,4,L,D,4,1
4,E,S,P,w,g,M,O,k,N,W,v,8,m,Z,I,f,e,2,m,d,O
4,E,S,P,w,g,M,O,k,N,W,v,8,m,Z,I,f,e,2,m,d,O
3,2,d,2,1,Z,V,2,s,L,X,2,s,G,d,j,e,f,V,M,J,g
2,8,b,H,k,F,l,K,K,H,H,u,d,m,g,v,n,f,Y,p,i,J
2,8,b,H,k,F,l,K,K,H,H,u,d,m,g,v,n,f,Y,p,i,J
0,A,o,o,u,2,k,I,W,X,r,z,T,O,f,h,F,z,m,N,q,a
0,A,o,o,u,2,k,I,W,X,r,z,T,O,f,h,F,z,m,N,q,a
1,K,3,h,Y,M,1,8,5,V,2,b,h,s,9,i,R,z,F,p,I,H
0,H,C,k,Z,t,m,M,J,L,v,U,y,W,T,5,m,0,o,j,B,X
3,w,R,t,3,i,J,p,Z,D,O,g,7,3,C,T,U,k,f,v,5,C
5,n,l,h,x,X,s,2,L,g,r,8,n,H,9,8,j,C,2,6,p,w
2,P,I,j,t,e,p,y,w,K,Z,w,G,T,0,m,Z,I,u,m,r,W
3,v,J,C,Y,h,e,Z,F,5,P,W,U,v,T,I,y,k,v,N,G,5
6,J,2,b,F,I,9,t,Q,D,W,f,P,H,j,o,K,H,K,r,O,u
6,J,2,b,F,I,9,t,Q,D,W,f,P,H,j,o,K,H,K,r,O,u
7,C,O,P,1,H,C,v,V,q,1,c,I,p,Z,c,L,Q,Y,o,N,e
5,K,P,J,M,J,R,9,P,C,f,M,W,S,f,c,o,8,i,4,W,4
6,q,8,c,N,e,6,W,i,f,1,W,v,M,9,7,v,c,F,D,8,O
6,q,8,c,N,e,6,W,i,f,1,W,v,M,9,7,v,c,F,D,8,O
4,Y,L,c,K,0,M,E,y,q,F,k,d,y,y,z,b,P,T,W,r,s
4,Y,L,c,K,0,M,E,y,q,F,k,d,y,y,z,b,P,T,W,r,s
1,t,g,f,i,3,Y,Y,o,e,X,K,e,h,n,j,K,a,M,s,O,o
1,t,g,f,i,3,Y,Y,o,e,X,K,e,h,n,j,K,a,M,s,O,o
1,8,h,p,y,n,G,6,3,s,c,J,Y,x,O,S,D,Y,H,U,V,N
1,8,h,p,y,n,G,6,3,s,c,J,Y,x,O,S,D,Y,H,U,V,N
6,3,R,F,n,s,4,7,g,k,0,0,m,n,H,I,Q,8,z,T,R,1
6,3,R,F,n,s,4,7,g,k,0,0,m,n,H,I,Q,8,z,T,R,1
2,c,r,P,P,f,V,d,m,r,x,n,5,y,U,H,L,Q,V,q,O,I
2,c,r,P,P,f,V,d,m,r,x,n,5,y,U,H,L,Q,V,q,O,I
2,c,r,P,P,f,V,d,m,r,x,n,5,y,U,H,L,Q,V,q,O,I
2,c,r,P,P,f,V,d,m,r,x,n,5,y,U,H,L,Q,V,q,O,I
2,c,r,P,P,f,V,d,m,r,x,n,5,y,U,H,L,Q,V,q,O,I
2,q,3,G,G,8,8,d,V,w,u,Q,P,F,4,F,m,y,S,r,9,I
2,q,3,G,G,8,8,d,V,w,u,Q,P,F,4,F,m,y,S,r,9,I
2,m,c,N,C,n,1,q,b,Z,U,Q,3,J,9,K,H,a,p,U,x,j
2,m,c,N,C,n,1,q,b,Z,U,Q,3,J,9,K,H,a,p,U,x,j
2,m,c,N,C,n,1,q,b,Z,U,Q,3,J,9,K,H,a,p,U,x,j
2,m,c,N,C,n,1,q,b,Z,U,Q,3,J,9,K,H,a,p,U,x,j
2,f,J,b,0,6,J,R,c,u,B,W,y,p,w,j,4,6,T,Q,Z,j
2,f,J,b,0,6,J,R,c,u,B,W,y,p,w,j,4,6,T,Q,Z,j
5,z,2,7,5,L,9,h,a,K,W,G,3,2,8,m,m,7,U,F,d,3
6,Q,y,O,4,1,K,c,t,z,G,c,7,0,m,V,a,V,n,X,Q,O
6,Q,y,O,4,1,K,c,t,z,G,c,7,0,m,V,a,V,n,X,Q,O
6,Q,y,O,4,1,K,c,t,z,G,c,7,0,m,V,a,V,n,X,Q,O
6,n,H,D,u,i,u,6,P,I,p,f,W,t,6,D,s,w,Q,H,v,L
6,n,H,D,u,i,u,6,P,I,p,f,W,t,6,D,s,w,Q,H,v,L
6,n,H,D,u,i,u,6,P,I,p,f,W,t,6,D,s,w,Q,H,v,L
2,G,H,5,u,R,M,x,m,u,A,W,n,9,0,B,8,D,E,Z,U,3
1,c,H,0,i,2,n,6,Y,L,r,W,F,D,D,e,m,q,z,t,a,y
3,H,U,X,m,g,W,0,A,I,k,o,5,p,s,V,t,Q,m,q,W,E
1,F,C,J,4,z,m,R,f,k,G,U,O,t,Y,6,5,J,e,t,t,g
1,F,C,J,4,z,m,R,f,k,G,U,O,t,Y,6,5,J,e,t,t,g
1,F,C,J,4,z,m,R,f,k,G,U,O,t,Y,6,5,J,e,t,t,g
1,F,C,J,4,z,m,R,f,k,G,U,O,t,Y,6,5,J,e,t,t,g
4,w,O,1,L,d,1,C,K,j,m,4,v,F,M,N,U,n,7,E,7,k
4,w,O,1,L,d,1,C,K,j,m,4,v,F,M,N,U,n,7,E,7,k
6,0,J,5,T,D,N,g,9,X,x,p,9,z,x,D,X,p,B,O,j,M
7,s,T,K,Z,r,3,0,L,q,C,9,2,8,D,Z,5,P,9,m,N,Q
7,s,T,K,Z,r,3,0,L,q,C,9,2,8,D,Z,5,P,9,m,N,Q
7,s,T,K,Z,r,3,0,L,q,C,9,2,8,D,Z,5,P,9,m,N,Q
4,s,l,d,x,V,D,e,y,b,0,J,8,O,M,o,Y,A,p,q,f,V
3,u,W,8,V,B,9,i,x,i,N,M,A,J,B,m,7,Z,s,B,V,T
1,U,V,3,i,i,5,F,W,W,X,F,3,j,k,Z,V,e,A,2,b,b
1,U,V,3,i,i,5,F,W,W,X,F,3,j,k,Z,V,e,A,2,b,b
1,U,V,3,i,i,5,F,W,W,X,F,3,j,k,Z,V,e,A,2,b,b
1,0,6,3,Y,g,L,G,l,W,U,0,J,M,2,6,p,O,n,r,n,v
1,0,6,3,Y,g,L,G,l,W,U,0,J,M,2,6,p,O,n,r,n,v
0,J,n,D,k,p,2,9,F,l,L,p,G,w,s,n,u,b,4,0,0,t
0,J,n,D,k,p,2,9,F,l,L,p,G,w,s,n,u,b,4,0,0,t
4,E,J,Y,p,v,h,y,Y,4,g,O,4,r,j,E,e,i,t,X,L,a
4,E,J,Y,p,v,h,y,Y,4,g,O,4,r,j,E,e,i,t,X,L,a
7,E,J,B,9,F,3,f,v,0,x,2,e,z,h,t,7,3,0,D,7,F
7,E,J,B,9,F,3,f,v,0,x,2,e,z,h,t,7,3,0,D,7,F
7,E,J,B,9,F,3,f,v,0,x,2,e,z,h,t,7,3,0,D,7,F
3,r,5,U,A,1,Z,5,M,9,M,5,o,L,8,L,1,I,n,z,w,Z
5,1,o,6,Q,F,1,1,N,s,w,x,5,j,M,l,p,6,r,A,L,8
2,D,J,N,Q,j,r,M,q,b,y,G,F,a,x,9,m,g,H,m,3,f
2,D,J,N,Q,j,r,M,q,b,y,G,F,a,x,9,m,g,H,m,3,f
2,D,J,N,Q,j,r,M,q,b,y,G,F,a,x,9,m,g,H,m,3,f
3,N,T,P,c,A,W,l,p,W,N,Q,o,A,t,S,I,d,I,z,V,i
3,N,T,P,c,A,W,l,p,W,N,Q,o,A,t,S,I,d,I,z,V,i
4,q,n,z,P,G,H,s,E,9,S,T,a,7,F,I,K,h,B,h,p,T
3,Q,L,M,L,m,I,S,o,Z,n,F,x,U,d,z,S,o,T,6,J,B
3,Q,L,M,L,m,I,S,o,Z,n,F,x,U,d,z,S,o,T,6,J,B
0,N,S,O,0,g,4,0,h,9,C,T,j,1,3,h,K,P,s,k,e,b
0,N,S,O,0,g,4,0,h,9,C,T,j,1,3,h,K,P,s,k,e,b
0,N,S,O,0,g,4,0,h,9,C,T,j,1,3,h,K,P,s,k,e,b
7,K,G,I,0,O,w,Y,8,i,A,L,5,r,I,5,p,4,7,Y,y,K
7,K,G,I,0,O,w,Y,8,i,A,L,5,r,I,5,p,4,7,Y,y,K
2,W,M,I,M,X,9,3,p,Q,y,f,y,A,F,2,J,2,r,1,I,D
5,L,u,L,e,X,l,n,T,2,j,F,x,b,x,7,C,g,7,j,8,8
5,L,u,L,e,X,l,n,T,2,j,F,x,b,x,7,C,g,7,j,8,8
2,4,0,8,j,8,7,5,K,0,A,E,S,n,d,C,i,O,w,5,U,O
2,4,0,8,j,8,7,5,K,0,A,E,S,n,d,C,i,O,w,5,U,O
3,v,R,2,N,Y,8,8,r,q,6,M,q,l,v,7,G,y,w,b,u,n
0,O,Q,e,M,F,q,o,R,D,5,c,l,B,0,c,P,Y,V,b,x,Y
0,O,Q,e,M,F,q,o,R,D,5,c,l,B,0,c,P,Y,V,b,x,Y
0,O,Q,e,M,F,q,o,R,D,5,c,l,B,0,c,P,Y,V,b,x,Y
0,O,Q,e,M,F,q,o,R,D,5,c,l,B,0,c,P,Y,V,b,x,Y
0,O,Q,e,M,F,q,o,R,D,5,c,l,B,0,c,P,Y,V,b,x,Y
0,O,Q,e,M,F,q,o,R,D,5,c,l,B,0,c,P,Y,V,b,x,Y
0,O,Q,e,M,F,q,o,R,D,5,c,l,B,0,c,P,Y,V,b,x,Y
0,o,x,q,y,1,B,5,C,f,c,2,I,r,2,4,I,Q,t,3,v,s
6,g,8,7,8,d,t,A,h,j,e,g,R,H,V,e,5,X,0,A,L,f
6,g,8,7,8,d,t,A,h,j,e,g,R,H,V,e,5,X,0,A,L,f
6,g,8,7,8,d,t,A,h,j,e,g,R,H,V,e,5,X,0,A,L,f
7,v,W,B,Z,m,3,s,Q,8,y,Q,v,f,V,4,n,X,x,H,X,K
5,3,4,4,K,3,N,7,r,x,7,k,w,1,H,j,O,8,p,s,u,q
5,3,4,4,K,3,N,7,r,x,7,k,w,1,H,j,O,8,p,s,u,q
5,3,4,4,K,3,N,7,r,x,7,k,w,1,H,j,O,8,p,s,u,q
5,3,4,4,K,3,N,7,r,x,7,k,w,1,H,j,O,8,p,s,u,q
5,3,4,4,K,3,N,7,r,x,7,k,w,1,H,j,O,8,p,s,u,q
4,O,T,F,x,P,i,5,C,t,W,y,j,1,N,T,h,D,e,6,z,5
4,O,T,F,x,P,i,5,C,t,W,y,j,1,N,T,h,D,e,6,z,5
4,O,T,F,x,P,i,5,C,t,W,y,j,1,N,T,h,D,e,6,z,5
7,x,B,7,T,Q,U,A,e,F,W,g,q,d,k,h,G,i,A,r,g,Z
7,x,B,7,T,Q,U,A,e,F,W,g,q,d,k,h,G,i,A,r,g,Z
4,R,z,b,e,x,U,O,8,4,3,f,c,5,S,L,q,K,E,Q,C,r
3,S,6,g,a,E,8,9,X,e,w,F,A,v,Z,q,s,M,u,J,D,J
3,S,6,g,a,E,8,9,X,e,w,F,A,v,Z,q,s,M,u,J,D,J
7,o,u,C,g,J,k,x,R,B,I,J,l,j,U,i,Q,V,J,K,6,5
3,5,n,g,o,e,Y,R,y,O,v,e,M,0,r,P,v,a,h,k,o,t
3,5,n,g,o,e,Y,R,y,O,v,e,M,0,r,P,v,a,h,k,o,t
7,p,U,j,W,N,H,0,h,K,Y,p,R,z,W,D,d,N,L,z,A,i
7,p,U,j,W,N,H,0,h,K,Y,p,R,z,W,D,d,N,L,z,A,i
6,h,y,p,P,Y,D,P,S,s,g,i,o,R,R,f,B,X,v,e,3,8
6,h,y,p,P,Y,D,P,S,s,g,i,o,R,R,f,B,X,v,e,3,8
6,h,y,p,P,Y,D,P,S,s,g,i,o,R,R,f,B,X,v,e,3,8
7,0,Y,a,7,D,K,J,E,o,2,0,S,A,k,x,j,i,r,Y,n,u
7,0,Y,a,7,D,K,J,E,o,2,0,S,A,k,x,j,i,r,Y,n,u
0,F,d,2,y,4,a,r,C,J,P,y,G,q,N,k,Z,D,q,2,v,Z
0,F,d,2,y,4,a,r,C,J,P,y,G,q,N,k,Z,D,q,2,v,Z
0,3,Y,h,Q,Q,Y,W,z,a,A,U,3,H,A,Q,A,J,z,I,H,G
0,3,Y,h,Q,Q,Y,W,z,a,A,U,3,H,A,Q,A,J,z,I,H,G
0,3,Y,h,Q,Q,Y,W,z,a,A,U,3,H,A,Q,A,J,z,I,H,G
0,3,Y,h,Q,Q,Y,W,z,a,A,U,3,H,A,Q,A,J,z,I,H,G
0,3,Y,h,Q,Q,Y,W,z,a,A,U,3,H,A,Q,A,J,z,I,H,G
0,3,Y,h,Q,Q,Y,W,z,a,A,U,3,H,A,Q,A,J,z,I,H,G
0,3,Y,h,Q,Q,Y,W,z,a,A,U,3,H,A,Q,A,J,z,I,H,G
4,8,C,U,A,5,9,S,D,e,d,3,I,d,C,c,t,K,n,d,u,d
4,8,C,U,A,5,9,S,D,e,d,3,I,d,C,c,t,K,n,d,u,d
4,8,C,U,A,5,9,S,D,e,d,3,I,d,C,c,t,K,n,d,u,d
4,8,C,U,A,5,9,S,D,e,d,3,I,d,C,c,t,K,n,d,u,d
0,y,L,5,4,5,l,R,A,j,D,E,F,e,D,B,P,d,x,D,t,d
0,y,L,5,4,5,l,R,A,j,D,E,F,e,D,B,P,d,x,D,t,d
5,z,k,h,6,M,I,C,z,I,Q,I,U,o,A,9,N,f,Z,p,B,x
5,z,k,h,6,M,I,C,z,I,Q,I,U,o,A,9,N,f,Z,p,B,x
5,z,k,h,6,M,I,C,z,I,Q,I,U,o,A,9,N,f,Z,p,B,x
5,z,k,h,6,M,I,C,z,I,Q,I,U,o,A,9,N,f,Z,p,B,x
5,z,k,h,6,M,I,C,z,I,Q,I,U,o,A,9,N,f,Z,p,B,x
2,w,s,w,r,L,V,1,o,1,9,f,r,C,l,h,3,p,H,x,w,s
2,w,s,w,r,L,V,1,o,1,9,f,r,C,l,h,3,p,H,x,w,s
6,q,g,3,g,0,a,n,e,q,4,t,O,J,g,p,z,I,u,E,m,T
1,t,n,X,9,3,B,H,W,y,M,d,B,S,L,h,w,A,z,o,1,j
1,t,n,X,9,3,B,H,W,y,M,d,B,S,L,h,w,A,z,o,1,j
2,3,5,r,I,O,p,g,a,6,e,Y,n,A,P,0,3,J,D,4,4,4
7,q,F,6,N,A,M,s,P,d,m,V,z,0,o,8,n,5,v,1,H,t
7,q,F,6,N,A,M,s,P,d,m,V,z,0,o,8,n,5,v,1,H,t
7,q,F,6,N,A,M,s,P,d,m,V,z,0,o,8,n,5,v,1,H,t
5,T,k,y,l,U,v,5,y,s,S,b,N,o,a,w,m,n,3,P,B,j
5,T,k,y,l,U,v,5,y,s,S,b,N,o,a,w,m,n,3,P,B,j
5,T,k,y,l,U,v,5,y,s,S,b,N,o,a,w,m,n,3,P,B,j
5,T,k,y,l,U,v,5,y,s,S,b,N,o,a,w,m,n,3,P,B,j
5,I,N,S,K,p,c,D,p,S,b,n,t,K,D,X,k,J,m,o,f,f
4,4,T,0,3,O,W,D,U,j,w,D,g,g,4,I,Y,g,F,C,W,i
4,4,T,0,3,O,W,D,U,j,w,D,g,g,4,I,Y,g,F,C,W,i
2,s,f,2,8,o,6,e,u,x,E,D,p,Y,k,G,9,d,M,t,u,M
4,G,o,D,5,F,J,C,g,C,0,l,b,z,d,e,7,l,y,4,4,M
4,G,o,D,5,F,J,C,g,C,0,l,b,z,d,e,7,l,y,4,4,M
4,G,o,D,5,F,J,C,g,C,0,l,b,z,d,e,7,l,y,4,4,M
4,x,t,0,q,H,1,N,u,b,Q,e,x,y,A,z,D,a,9,U,l,R
4,x,t,0,q,H,1,N,u,b,Q,e,x,y,A,z,D,a,9,U,l,R
5,W,o,W,l,P,0,i,h,S,F,I,x,n,p,p,x,j,w,S,g,E
4,B,a,L,B,5,a,i,E,x,O,2,9,B,E,G,V,U,i,s,r,u
4,B,a,L,B,5,a,i,E,x,O,2,9,B,E,G,V,U,i,s,r,u
4,B,a,L,B,5,a,i,E,x,O,2,9,B,E,G,V,U,i,s,r,u
6,l,W,f,C,J,x,y,X,6,j,A,Q,V,Q,b,h,L,L,O,P,Y
3,y,Q,P,3,L,X,8,h,o,B,R,i,p,j,8,e,K,7,x,m,E
0,i,A,O,X,v,E,D,I,M,a,A,W,P,P,5,U,r,0,f,Y,F
7,1,K,l,Q,X,0,q,5,w,z,5,f,9,i,y,t,w,P,f,o,u
1,E,t,B,m,v,q,G,O,t,W,n,j,D,g,C,U,F,Q,R,q,I
1,E,t,B,m,v,q,G,O,t,W,n,j,D,g,C,U,F,Q,R,q,I
5,N,l,A,3,a,y,V,B,D,Y,3,u,D,C,C,E,Z,1,d,I,D
0,S,X,g,K,L,N,t,p,I,r,H,2,9,F,1,v,M,R,W,z,j
7,p,1,f,L,0,c,A,u,C,P,D,M,G,6,o,B,s,w,F,h,M
7,p,1,f,L,0,c,A,u,C,P,D,M,G,6,o,B,s,w,F,h,M
4,1,k,c,R,4,J,V,r,p,n,1,x,i,f,g,8,l,M,2,F,u
4,T,j,v,p,7,f,D,r,i,m,8,w,l,o,9,f,D,g,q,G,x
3,p,2,p,M,p,z,D,e,r,h,M,R,4,w,2,x,Z,y,H,W,g
5,4,t,v,1,1,n,d,F,f,i,q,X,i,R,0,3,P,w,d,l,B
5,4,t,v,1,1,n,d,F,f,i,q,X,i,R,0,3,P,w,d,l,B
5,4,t,v,1,1,n,d,F,f,i,q,X,i,R,0,3,P,w,d,l,B
3,n,O,Q,J,d,l,P,E,z,F,V,h,T,E,z,x,w,c,G,a,x
3,n,O,Q,J,d,l,P,E,z,F,V,h,T,E,z,x,w,c,G,a,x
6,B,O,p,r,A,X,v,U,T,W,Z,j,I,m,X,2,d,F,d,E,a
6,B,O,p,r,A,X,v,U,T,W,Z,j,I,m,X,2,d,F,d,E,a
6,B,O,p,r,A,X,v,U,T,W,Z,j,I,m,X,2,d,F,d,E,a
4,y,a,n,W,a,e,f,F,U,J,n,I,U,V,0,a,I,T,d,v,V
6,m,9,a,3,t,D,N,W,D,e,6,b,V,R,2,c,s,I,j,E,v
1,p,s,a,k,k,7,G,V,U,l,8,5,A,n,T,E,v,w,t,k,2
5,n,k,i,7,y,R,h,x,g,M,5,0,9,M,5,A,D,l,N,1,p
5,n,k,i,7,y,R,h,x,g,M,5,0,9,M,5,A,D,l,N,1,p
5,n,k,i,7,y,R,h,x,g,M,5,0,9,M,5,A,D,l,N,1,p
5,n,k,i,7,y,R,h,x,g,M,5,0,9,M,5,A,D,l,N,1,p
5,n,k,i,7,y,R,h,x,g,M,5,0,9,M,5,A,D,l,N,1,p
5,n,k,i,7,y,R,h,x,g,M,5,0,9,M,5,A,D,l,N,1,p
5,n,k,i,7,y,R,h,x,g,M,5,0,9,M,5,A,D,l,N,1,p
5,n,k,i,7,y,R,h,x,g,M,5,0,9,M,5,A,D,l,N,1,p
5,n,k,i,7,y,R,h,x,g,M,5,0,9,M,5,A,D,l,N,1,p
6,R,Q,D,T,l,i,e,s,3,n,r,N,D,J,w,X,v,b,B,Z,T
7,7,x,r,1,B,N,i,H,6,b,g,7,s,V,7,u,f,n,F,h,e
3,8,w,x,c,f,N,E,q,M,w,u,P,n,i,H,v,p,l,i,n,5
6,o,7,T,s,O,G,O,E,F,5,M,q,p,i,z,2,K,C,y,W,E
6,o,7,T,s,O,G,O,E,F,5,M,q,p,i,z,2,K,C,y,W,E
3,x,h,k,s,f,x,j,N,L,U,A,y,x,U,d,i,j,v,k,4,x
5,H,o,1,v,K,l,1,U,z,8,b,J,l,k,4,v,b,m,v,m,f
5,H,o,1,v,K,l,1,U,z,8,b,J,l,k,4,v,b,m,v,m,f
5,H,o,1,v,K,l,1,U,z,8,b,J,l,k,4,v,b,m,v,m,f
5,H,o,1,v,K,l,1,U,z,8,b,J,l,k,4,v,b,m,v,m,f
4,A,B,f,G,Q,h,x,7,k,T,X,C,F,b,x,v,l,L,t,l,O
3,d,k,W,1,L,7,G,I,h,i,s,p,e,i,H,o,9,u,z,M,8
6,f,y,n,e,n,q,B,n,7,l,r,l,A,g,V,C,w,5,Y,n,B
2,s,j,n,y,y,L,9,N,X,i,j,L,3,F,r,2,e,L,i,k,f
2,s,j,n,y,y,L,9,N,X,i,j,L,3,F,r,2,e,L,i,k,f
6,h,5,P,3,J,0,j,1,x,2,l,h,i,D,k,9,w,4,d,e,Z
6,h,5,P,3,J,0,j,1,x,2,l,h,i,D,k,9,w,4,d,e,Z
3,n,F,0,y,X,D,a,t,d,q,9,x,V,2,7,9,n,E,s,5,X
0,w,9,2,t,V,1,E,Q,p,7,s,x,l,y,7,U,j,G,R,4,P
0,w,9,2,t,V,1,E,Q,p,7,s,x,l,y,7,U,j,G,R,4,P
0,w,9,2,t,V,1,E,Q,p,7,s,x,l,y,7,U,j,G,R,4,P
0,j,5,k,V,H,x,v,T,g,U,N,4,n,B,I,P,K,C,L,R,J
3,4,L,e,t,Y,S,j,E,u,G,2,f,B,b,4,Z,8,P,w,P,g
3,4,L,e,t,Y,S,j,E,u,G,2,f,B,b,4,Z,8,P,w,P,g
3,4,L,e,t,Y,S,j,E,u,G,2,f,B,b,4,Z,8,P,w,P,g
3,Y,y,g,U,1,S,u,V,x,6,b,J,V,R,r,l,E,0,W,U,L
3,Y,y,g,U,1,S,u,V,x,6,b,J,V,R,r,l,E,0,W,U,L
5,y,h,N,4,q,X,p,v,9,c,g,h,m,J,g,l,o,v,v,m,g
3,B,6,Y,5,J,7,7,C,I,7,K,f,f,J,y,2,F,l,T,P,3
7,A,6,T,0,n,T,p,X,n,P,X,D,U,G,M,1,y,E,j,E,j
5,g,s,9,q,l,o,T,R,5,m,6,d,M,0,S,c,M,t,y,3,H
5,U,q,Z,7,B,X,o,c,c,y,v,T,H,y,X,L,k,1,P,k,3
0,y,l,Y,R,I,v,K,T,p,v,9,u,v,T,f,K,b,Y,j,M,0
0,y,l,Y,R,I,v,K,T,p,v,9,u,v,T,f,K,b,Y,j,M,0
0,y,l,Y,R,I,v,K,T,p,v,9,u,v,T,f,K,b,Y,j,M,0
1,f,C,f,k,o,2,p,B,G,o,w,I,z,q,j,a,k,q,x,F,8
1,f,C,f,k,o,2,p,B,G,o,w,I,z,q,j,a,k,q,x,F,8
1,f,C,f,k,o,2,p,B,G,o,w,I,z,q,j,a,k,q,x,F,8
0,J,7,k,x,h,n,y,i,F,p,d,0,N,A,r,V,Y,v,e,x,R
0,J,7,k,x,h,n,y,i,F,p,d,0,N,A,r,V,Y,v,e,x,R
0,J,7,k,x,h,n,y,i,F,p,d,0,N,A,r,V,Y,v,e,x,R
0,1,G,s,Q,z,Z,q,K,a,4,M,0,j,3,C,J,9,B,F,1,3
0,1,G,s,Q,z,Z,q,K,a,4,M,0,j,3,C,J,9,B,F,1,3
7,e,e,D,Z,p,8,E,4,i,K,F,E,G,n,e,V,7,z,t,W,t
1,B,4,K,d,c,J,A,6,D,h,1,M,l,A,i,e,z,q,c,0,8
1,B,4,K,d,c,J,A,6,D,h,1,M,l,A,i,e,z,q,c,0,8
1,B,4,K,d,c,J,A,6,D,h,1,M,l,A,i,e,z,q,c,0,8
7,B,C,c,S,X,M,F,E,z,c,h,a,r,u,4,o,X,a,g,9,d
7,B,C,c,S,X,M,F,E,z,c,h,a,r,u,4,o,X,a,g,9,d
7,B,C,c,S,X,M,F,E,z,c,h,a,r,u,4,o,X,a,g,9,d
2,U,x,d,5,x,9,2,n,W,0,Q,0,6,D,o,H,c,p,S,B,J
2,U,x,d,5,x,9,2,n,W,0,Q,0,6,D,o,H,c,p,S,B,J
6,r,x,g,x,A,l,U,P,T,4,s,D,E,l,R,Z,e,V,e,c,6
6,r,x,g,x,A,l,U,P,T,4,s,D,E,l,R,Z,e,V,e,c,6
4,c,K,c,c,E,5,L,t,I,N,G,K,L,A,e,0,w,d,8,p,c
4,c,K,c,c,E,5,L,t,I,N,G,K,L,A,e,0,w,d,8,p,c
5,6,g,1,u,3,B,u,0,S,5,0,7,2,a,k,s,x,y,B,e,i
5,6,g,1,u,3,B,u,0,S,5,0,7,2,a,k,s,x,y,B,e,i
5,6,g,1,u,3,B,u,0,S,5,0,7,2,a,k,s,x,y,B,e,i
7,H,I,c,c,J,j,w,P,h,W,k,L,V,K,u,0,g,G,J,g,B
7,H,I,c,c,J,j,w,P,h,W,k,L,V,K,u,0,g,G,J,g,B
7,H,I,c,c,J,j,w,P,h,W,k,L,V,K,u,0,g,G,J,g,B
6,0,M,y,I,K,Y,A,3,y,Y,1,l,G,N,r,o,a,Z,I,g,T
5,Y,P,7,L,I,1,d,d,S,h,4,J,F,Y,e,0,3,h,7,u,e
6,S,S,m,y,6,3,5,N,3,a,4,o,W,m,P,k,8,5,x,p,K
6,S,S,m,y,6,3,5,N,3,a,4,o,W,m,P,k,8,5,x,p,K
4,S,G,D,D,n,l,w,i,5,G,4,2,H,T,G,z,Y,l,2,F,c
2,r,8,i,L,F,e,S,T,u,O,i,Z,u,a,l,H,m,S,X,x,S
2,r,8,i,L,F,e,S,T,u,O,i,Z,u,a,l,H,m,S,X,x,S
2,r,8,i,L,F,e,S,T,u,O,i,Z,u,a,l,H,m,S,X,x,S
2,a,Z,l,Y,O,s,w,K,N,l,r,w,q,p,u,T,s,c,k,K,d
4,M,U,b,8,i,l,m,r,x,y,e,P,X,w,S,k,G,3,1,l,C
4,M,U,b,8,i,l,m,r,x,y,e,P,X,w,S,k,G,3,1,l,C
4,M,U,b,8,i,l,m,r,x,y,e,P,X,w,S,k,G,3,1,l,C
1,i,J,r,Q,K,R,h,5,a,J,n,p,6,c,G,5,l,p,I,T,r
1,i,J,r,Q,K,R,h,5,a,J,n,p,6,c,G,5,l,p,I,T,r
1,i,J,r,Q,K,R,h,5,a,J,n,p,6,c,G,5,l,p,I,T,r
1,i,J,r,Q,K,R,h,5,a,J,n,p,6,c,G,5,l,p,I,T,r
2,k,S,0,j,W,M,k,k,F,B,L,0,m,r,l,0,V,o,t,D,0
2,k,S,0,j,W,M,k,k,F,B,L,0,m,r,l,0,V,o,t,D,0
2,k,S,0,j,W,M,k,k,F,B,L,0,m,r,l,0,V,o,t,D,0
4,H,S,i,N,C,P,h,d,U,2,s,n,K,a,V,J,y,t,l,U,M
4,H,S,i,N,C,P,h,d,U,2,s,n,K,a,V,J,y,t,l,U,M
4,H,S,i,N,C,P,h,d,U,2,s,n,K,a,V,J,y,t,l,U,M
7,C,W,2,e,G,w,A,u,E,l,N,q,0,9,r,V,t,Z,Y,s,M
7,C,W,2,e,G,w,A,u,E,l,N,q,0,9,r,V,t,Z,Y,s,M
4,m,5,3,k,P,d,P,F,J,p,n,F,0,q,c,J,q,f,w,N,B
4,q,2,S,Z,I,d,L,q,6,Y,T,c,9,c,Z,L,C,c,l,W,c
1,H,s,Q,w,7,S,u,w,m,x,S,H,4,r,2,a,q,F,9,D,B
5,G,3,O,U,m,D,l,3,R,4,r,E,n,9,z,S,W,Z,T,p,w
1,d,v,u,i,b,B,C,x,9,T,n,b,C,K,I,d,O,E,F,4,l
1,d,v,u,i,b,B,C,x,9,T,n,b,C,K,I,d,O,E,F,4,l
2,Q,s,l,F,l,D,y,Z,V,p,L,Y,w,f,q,y,R,D,k,N,s
2,Q,s,l,F,l,D,y,Z,V,p,L,Y,w,f,q,y,R,D,k,N,s
6,h,x,b,4,r,G,r,Y,X,t,r,A,Z,b,U,K,7,u,z,t,9
0,Z,R,Q,K,F,a,Y,G,E,t,b,L,c,8,N,b,y,I,C,o,e
0,Z,R,Q,K,F,a,Y,G,E,t,b,L,c,8,N,b,y,I,C,o,e
5,r,B,U,M,B,V,7,L,6,z,P,s,E,K,n,l,g,i,O,m,9
5,r,B,U,M,B,V,7,L,6,z,P,s,E,K,n,l,g,i,O,m,9
4,2,8,8,q,d,l,A,V,s,C,L,o,j,I,M,D,Q,L,u,C,9
4,2,8,8,q,d,l,A,V,s,C,L,o,j,I,M,D,Q,L,u,C,9
0,K,O,S,z,g,k,M,l,k,e,o,w,t,1,t,g,I,g,6,c,a
0,K,O,S,z,g,k,M,l,k,e,o,w,t,1,t,g,I,g,6,c,a
7,J,r,Z,b,w,B,S,I,f,K,c,c,2,g,n,1,X,a,4,B,d
1,n,Y,A,W,r,a,D,z,y,y,s,1,G,s,A,f,q,z,j,7,q
1,h,g,a,X,j,b,A,c,E,D,2,p,8,0,L,j,8,d,z,X,T
1,h,g,a,X,j,b,A,c,E,D,2,p,8,0,L,j,8,d,z,X,T
1,h,g,a,X,j,b,A,c,E,D,2,p,8,0,L,j,8,d,z,X,T
2,f,r,M,m,Y,V,N,h,f,h,2,c,p,6,F,D,A,F,t,g,O
7,y,i,L,o,n,x,r,J,V,g,Z,K,S,b,j,o,0,g,h,6,V
0,c,j,A,9,X,Y,1,j,x,3,R,l,n,i,Z,b,M,k,C,W,y
0,c,j,A,9,X,Y,1,j,x,3,R,l,n,i,Z,b,M,k,C,W,y
0,c,j,A,9,X,Y,1,j,x,3,R,l,n,i,Z,b,M,k,C,W,y
4,S,t,j,y,z,j,c,m,Z,7,a,9,Q,n,c,H,V,f,0,p,u
4,S,t,j,y,z,j,c,m,Z,7,a,9,Q,n,c,H,V,f,0,p,u
4,S,t,j,y,z,j,c,m,Z,7,a,9,Q,n,c,H,V,f,0,p,u
6,B,P,z,J,M,h,8,h,X,y,U,R,W,b,Y,w,E,2,p,1,h
4,Y,5,r,V,L,k,Z,S,U,b,o,J,a,S,d,i,E,n,4,b,s
2,F,x,I,S,6,u,j,3,a,D,X,w,H,B,U,1,Y,2,m,B,W
7,M,Z,j,0,X,x,q,x,l,C,Z,P,j,6,J,s,M,Q,q,0,Z
7,M,Z,j,0,X,x,q,x,l,C,Z,P,j,6,J,s,M,Q,q,0,Z
7,M,Z,j,0,X,x,q,x,l,C,Z,P,j,6,J,s,M,Q,q,0,Z
3,G,0,X,x,E,8,T,x,e,B,y,K,X,g,w,t,m,V,E,8,n
5,5,E,a,r,w,W,r,a,R,Q,Y,9,d,i,M,o,9,O,e,u,l
5,5,E,a,r,w,W,r,a,R,Q,Y,9,d,i,M,o,9,O,e,u,l
7,A,b,Q,o,3,t,D,p,5,S,Y,r,5,c,t,D,c,N,C,2,1
5,7,n,x,K,b,K,Z,4,U,c,9,j,z,T,k,c,C,f,R,R,q
3,T,v,1,U,z,Q,A,v,n,0,v,0,h,K,T,x,i,s,X,n,R
2,J,b,E,7,j,U,I,G,t,p,X,S,z,y,t,n,y,M,g,6,U
6,d,w,m,8,M,R,9,o,f,k,4,2,C,U,i,R,c,d,a,K,u
7,5,R,L,T,h,Q,W,z,I,g,I,M,7,J,t,p,6,K,Z,i,c
7,5,R,L,T,h,Q,W,z,I,g,I,M,7,J,t,p,6,K,Z,i,c
7,5,R,L,T,h,Q,W,z,I,g,I,M,7,J,t,p,6,K,Z,i,c
2,2,h,W,z,2,2,J,A,m,I,h,I,E,p,0,u,1,X,0,1,L
7,f,0,O,L,h,G,g,B,M,X,9,f,U,j,m,1,d,c,P,i,p
2,H,P,Y,U,Q,6,G,s,P,b,Z,H,v,k,y,Y,e,2,j,d,m
6,d,O,0,R,k,h,F,h,j,M,w,L,t,L,Q,q,N,g,L,8,r
6,p,W,T,P,h,k,1,A,t,V,f,N,m,k,a,e,X,X,V,p,D
6,p,W,T,P,h,k,1,A,t,V,f,N,m,k,a,e,X,X,V,p,D
6,p,W,T,P,h,k,1,A,t,V,f,N,m,k,a,e,X,X,V,p,D
6,p,W,T,P,h,k,1,A,t,V,f,N,m,k,a,e,X,X,V,p,D
6,p,W,T,P,h,k,1,A,t,V,f,N,m,k,a,e,X,X,V,p,D
6,p,W,T,P,h,k,1,A,t,V,f,N,m,k,a,e,X,X,V,p,D
7,G,g,p,s,U,p,k,j,3,o,l,s,e,o,a,T,Y,7,T,E,Y
7,M,7,5,A,m,5,m,6,J,9,3,4,J,S,v,i,U,O,G,z,0
0,e,7,X,s,u,k,w,i,k,0,z,D,a,q,C,c,S,v,J,T,g
6,p,U,5,o,z,0,9,V,U,Y,t,n,F,T,d,4,P,1,M,x,n
6,p,U,5,o,z,0,9,V,U,Y,t,n,F,T,d,4,P,1,M,x,n
6,x,E,l,G,y,u,n,M,S,l,n,u,J,2,v,a,b,D,U,W,A
2,G,l,3,S,y,0,B,1,r,t,W,v,B,U,R,r,O,f,6,G,i
2,G,l,3,S,y,0,B,1,r,t,W,v,B,U,R,r,O,f,6,G,i
2,G,l,3,S,y,0,B,1,r,t,W,v,B,U,R,r,O,f,6,G,i
2,G,l,3,S,y,0,B,1,r,t,W,v,B,U,R,r,O,f,6,G,i
6,V,u,x,y,c,W,a,T,H,H,r,z,5,Z,P,5,s,N,S,s,d
6,V,u,x,y,c,W,a,T,H,H,r,z,5,Z,P,5,s,N,S,s,d
5,3,U,p,e,T,3,k,a,t,r,O,a,J,m,h,S,i,R,p,2,a
4,H,r,k,L,x,Q,H,Z,5,m,g,C,t,I,V,p,i,H,5,Q,X
4,H,r,k,L,x,Q,H,Z,5,m,g,C,t,I,V,p,i,H,5,Q,X
0,h,k,4,x,V,u,j,c,y,O,r,6,U,S,D,9,5,w,c,W,b
0,h,k,4,x,V,u,j,c,y,O,r,6,U,S,D,9,5,w,c,W,b
0,H,y,6,4,c,s,1,z,g,d,U,H,V,x,h,b,I,w,Y,T,J
1,4,G,i,3,U,p,h,9,6,l,p,N,B,3,u,t,k,o,V,A,D
1,4,G,i,3,U,p,h,9,6,l,p,N,B,3,u,t,k,o,V,A,D
1,4,G,i,3,U,p,h,9,6,l,p,N,B,3,u,t,k,o,V,A,D
1,4,G,i,3,U,p,h,9,6,l,p,N,B,3,u,t,k,o,V,A,D
1,4,G,i,3,U,p,h,9,6,l,p,N,B,3,u,t,k,o,V,A,D
4,x,n,i,h,x,c,o,X,W,K,3,U,q,r,y,O,S,n,b,w,5
4,x,n,i,h,x,c,o,X,W,K,3,U,q,r,y,O,S,n,b,w,5
4,x,n,i,h,x,c,o,X,W,K,3,U,q,r,y,O,S,n,b,w,5
0,Z,U,v,K,7,z,G,d,X,L,d,7,8,m,Q,r,3,t,1,T,w
0,Z,U,v,K,7,z,G,d,X,L,d,7,8,m,Q,r,3,t,1,T,w
0,Z,U,v,K,7,z,G,d,X,L,d,7,8,m,Q,r,3,t,1,T,w
1,W,L,K,j,Y,J,X,9,Y,H,S,l,w,u,f,c,l,a,u,h,g
1,W,L,K,j,Y,J,X,9,Y,H,S,l,w,u,f,c,l,a,u,h,g
4,o,t,J,V,k,r,L,L,q,D,F,8,O,x,F,J,O,i,g,m,e
0,r,E,u,a,T,P,L,M,h,l,V,i,N,C,J,r,g,3,N,E,H
0,r,E,u,a,T,P,L,M,h,l,V,i,N,C,J,r,g,3,N,E,H
0,r,E,u,a,T,P,L,M,h,l,V,i,N,C,J,r,g,3,N,E,H
0,r,E,u,a,T,P,L,M,h,l,V,i,N,C,J,r,g,3,N,E,H
5,9,E,9,d,Y,t,w,L,T,U,A,G,u,A,p,p,w,F,K,A,W
5,9,E,9,d,Y,t,w,L,T,U,A,G,u,A,p,p,w,F,K,A,W
5,9,E,9,d,Y,t,w,L,T,U,A,G,u,A,p,p,w,F,K,A,W
5,9,E,9,d,Y,t,w,L,T,U,A,G,u,A,p,p,w,F,K,A,W
5,9,E,9,d,Y,t,w,L,T,U,A,G,u,A,p,p,w,F,K,A,W
5,9,E,9,d,Y,t,w,L,T,U,A,G,u,A,p,p,w,F,K,A,W
4,H,V,f,f,U,W,l,H,d,R,m,S,5,d,p,O,v,D,V,y,J
4,H,V,f,f,U,W,l,H,d,R,m,S,5,d,p,O,v,D,V,y,J
2,Z,b,y,y,C,S,8,K,L,K,s,u,o,N,l,x,c,7,6,E,v
2,Z,b,y,y,C,S,8,K,L,K,s,u,o,N,l,x,c,7,6,E,v
2,Z,b,y,y,C,S,8,K,L,K,s,u,o,N,l,x,c,7,6,E,v
4,n,R,J,J,W,V,f,b,P,A,U,L,H,Z,l,7,V,Y,V,E,8
4,i,v,F,O,C,S,o,F,S,w,x,P,X,Q,a,w,D,q,y,l,T
4,i,v,F,O,C,S,o,F,S,w,x,P,X,Q,a,w,D,q,y,l,T
1,s,i,l,J,q,J,Q,f,r,r,Z,N,F,v,W,W,j,A,y,h,h
1,s,i,l,J,q,J,Q,f,r,r,Z,N,F,v,W,W,j,A,y,h,h
1,s,i,l,J,q,J,Q,f,r,r,Z,N,F,v,W,W,j,A,y,h,h
3,7,B,I,B,v,f,l,i,X,J,p,S,g,n,1,0,y,Q,U,J,M
2,h,P,g,G,N,4,u,h,v,X,A,x,i,X,Q,B,I,X,O,m,E
2,h,P,g,G,N,4,u,h,v,X,A,x,i,X,Q,B,I,X,O,m,E
2,U,l,X,I,W,B,L,O,j,s,k,z,5,e,s,a,7,e,c,2,j
6,B,1,f,o,T,h,2,p,K,3,K,4,M,K,Q,z,Y,a,K,R,u
6,i,3,D,x,I,l,A,q,n,D,k,w,E,L,L,w,4,a,V,r,x
6,i,3,D,x,I,l,A,q,n,D,k,w,E,L,L,w,4,a,V,r,x
7,o,W,r,E,Q,O,1,d,3,k,l,p,0,Q,r,f,h,7,a,5,h
7,o,W,r,E,Q,O,1,d,3,k,l,p,0,Q,r,f,h,7,a,5,h
7,o,W,r,E,Q,O,1,d,3,k,l,p,0,Q,r,f,h,7,a,5,h
5,U,j,i,f,I,1,T,Y,e,f,X,W,n,9,G,d,q,D,O,H,l
5,w,y,W,p,8,6,7,L,W,G,j,F,m,Y,Z,X,V,S,F,n,Z
5,S,X,u,u,u,R,p,u,k,k,T,v,s,L,u,U,k,n,v,a,1
5,S,X,u,u,u,R,p,u,k,k,T,v,s,L,u,U,k,n,v,a,1
7,k,X,C,c,N,R,L,E,n,b,l,b,T,A,p,p,P,r,a,B,p
7,k,X,C,c,N,R,L,E,n,b,l,b,T,A,p,p,P,r,a,B,p
7,k,X,C,c,N,R,L,E,n,b,l,b,T,A,p,p,P,r,a,B,p
7,k,X,C,c,N,R,L,E,n,b,l,b,T,A,p,p,P,r,a,B,p
1,W,X,b,i,U,M,l,1,A,T,9,I,n,b,6,1,9,x,P,U,g
1,W,X,b,i,U,M,l,1,A,T,9,I,n,b,6,1,9,x,P,U,g
1,W,X,b,i,U,M,l,1,A,T,9,I,n,b,6,1,9,x,P,U,g
5,g,q,m,b,b,f,j,c,i,k,Q,B,z,P,B,5,H,v,1,3,I
5,g,q,m,b,b,f,j,c,i,k,Q,B,z,P,B,5,H,v,1,3,I
2,z,W,q,E,N,F,4,c,n,s,d,1,n,L,m,r,a,G,9,I,E
2,5,X,J,q,e,R,e,V,V,3,8,w,0,t,R,0,4,G,G,B,d
2,5,X,J,q,e,R,e,V,V,3,8,w,0,t,R,0,4,G,G,B,d
3,J,S,S,j,G,Y,c,I,k,g,s,r,z,7,8,9,2,C,e,l,T
3,J,S,S,j,G,Y,c,I,k,g,s,r,z,7,8,9,2,C,e,l,T
3,J,S,S,j,G,Y,c,I,k,g,s,r,z,7,8,9,2,C,e,l,T
6,l,l,y,2,j,n,9,M,q,a,x,a,W,R,r,k,E,z,O,s,J
6,l,l,y,2,j,n,9,M,q,a,x,a,W,R,r,k,E,z,O,s,J
3,J,7,r,4,V,s,N,m,u,W,i,x,U,0,n,X,v,y,P,d,8
3,J,7,r,4,V,s,N,m,u,W,i,x,U,0,n,X,v,y,P,d,8
3,J,7,r,4,V,s,N,m,u,W,i,x,U,0,n,X,v,y,P,d,8
3,J,7,r,4,V,s,N,m,u,W,i,x,U,0,n,X,v,y,P,d,8
2,J,L,l,6,r,S,F,W,x,9,Y,u,S,P,L,c,L,h,k,A,G
2,J,L,l,6,r,S,F,W,x,9,Y,u,S,P,L,c,L,h,k,A,G
0,2,R,g,H,A,z,h,0,D,V,N,Q,R,2,4,l,B,u,G,O,I
0,2,R,g,H,A,z,h,0,D,V,N,Q,R,2,4,l,B,u,G,O,I
2,v,d,i,5,R,S,6,X,V,5,Q,y,7,J,5,G,g,D,q,g,n
2,v,d,i,5,R,S,6,X,V,5,Q,y,7,J,5,G,g,D,q,g,n
2,v,d,i,5,R,S,6,X,V,5,Q,y,7,J,5,G,g,D,q,g,n
2,W,h,o,M,c,7,X,q,I,z,V,X,W,b,Q,q,S,o,q,e,7
6,p,x,2,z,T,z,j,Q,A,P,L,k,u,e,a,5,q,Q,2,G,x
6,p,x,2,z,T,z,j,Q,A,P,L,k,u,e,a,5,q,Q,2,G,x
6,p,x,2,z,T,z,j,Q,A,P,L,k,u,e,a,5,q,Q,2,G,x
3,U,l,O,K,N,A,l,G,y,i,7,P,O,S,E,9,k,y,h,f,R
3,U,l,O,K,N,A,l,G,y,i,7,P,O,S,E,9,k,y,h,f,R
3,U,l,O,K,N,A,l,G,y,i,7,P,O,S,E,9,k,y,h,f,R
3,U,l,O,K,N,A,l,G,y,i,7,P,O,S,E,9,k,y,h,f,R
3,U,l,O,K,N,A,l,G,y,i,7,P,O,S,E,9,k,y,h,f,R
7,7,i,Z,V,j,e,Y,o,Y,S,l,5,P,0,K,9,m,I,i,U,E
1,Y,w,M,n,n,H,v,n,G,6,4,f,J,x,Y,S,V,w,m,N,6
0,2,T,q,7,6,M,w,p,e,o,R,u,3,B,H,I,A,i,a,i,o
0,2,T,q,7,6,M,w,p,e,o,R,u,3,B,H,I,A,i,a,i,o
0,2,T,q,7,6,M,w,p,e,o,R,u,3,B,H,I,A,i,a,i,o
2,r,w,L,j,V,H,S,1,5,s,f,z,c,i,K,X,X,N,b,g,A
2,r,w,L,j,V,H,S,1,5,s,f,z,c,i,K,X,X,N,b,g,A
2,r,w,L,j,V,H,S,1,5,s,f,z,c,i,K,X,X,N,b,g,A
2,r,w,L,j,V,H,S,1,5,s,f,z,c,i,K,X,X,N,b,g,A
1,e,L,x,A,z,P,S,n,s,l,0,3,a,j,N,N,i,h,d,d,F
1,e,L,x,A,z,P,S,n,s,l,0,3,a,j,N,N,i,h,d,d,F
1,e,L,x,A,z,P,S,n,s,l,0,3,a,j,N,N,i,h,d,d,F
3,s,W,4,1,a,C,h,S,c,5,b,B,o,w,0,F,o,l,c,1,S
3,s,W,4,1,a,C,h,S,c,5,b,B,o,w,0,F,o,l,c,1,S
1,S,4,A,S,T,D,Q,v,M,w,m,6,j,P,9,5,p,I,s,Y,B
1,S,4,A,S,T,D,Q,v,M,w,m,6,j,P,9,5,p,I,s,Y,B
1,S,4,A,S,T,D,Q,v,M,w,m,6,j,P,9,5,p,I,s,Y,B
1,S,4,A,S,T,D,Q,v,M,w,m,6,j,P,9,5,p,I,s,Y,B
5,c,v,T,1,Y,r,z,M,i,V,u,H,M,g,2,2,U,K,I,k,5
5,c,v,T,1,Y,r,z,M,i,V,u,H,M,g,2,2,U,K,I,k,5
5,c,v,T,1,Y,r,z,M,i,V,u,H,M,g,2,2,U,K,I,k,5
5,c,v,T,1,Y,r,z,M,i,V,u,H,M,g,2,2,U,K,I,k,5
7,9,i,L,U,m,z,e,k,f,n,3,7,n,P,H,u,M,0,9,u,q
7,a,f,P,A,b,g,5,j,b,4,5,K,F,U,S,n,H,I,M,F,G
7,a,f,P,A,b,g,5,j,b,4,5,K,F,U,S,n,H,I,M,F,G
7,a,f,P,A,b,g,5,j,b,4,5,K,F,U,S,n,H,I,M,F,G
5,i,c,t,v,e,R,y,h,W,R,s,8,G,t,8,D,v,t,1,h,S
5,i,c,t,v,e,R,y,h,W,R,s,8,G,t,8,D,v,t,1,h,S
5,i,c,t,v,e,R,y,h,W,R,s,8,G,t,8,D,v,t,1,h,S
5,i,c,t,v,e,R,y,h,W,R,s,8,G,t,8,D,v,t,1,h,S
7,9,X,z,t,d,6,s,3,3,d,W,9,S,4,V,0,f,4,N,s,Q
7,9,X,z,t,d,6,s,3,3,d,W,9,S,4,V,0,f,4,N,s,Q
3,l,u,o,n,L,z,v,S,O,x,d,U,8,y,t,C,a,E,I,K,8
3,l,u,o,n,L,z,v,S,O,x,d,U,8,y,t,C,a,E,I,K,8
3,l,u,o,n,L,z,v,S,O,x,d,U,8,y,t,C,a,E,I,K,8
2,T,A,q,N,8,f,w,f,a,K,a,u,v,v,i,N,4,p,O,s,v
2,T,A,q,N,8,f,w,f,a,K,a,u,v,v,i,N,4,p,O,s,v
7,j,E,E,E,1,8,7,p,V,G,6,I,n,O,x,n,0,3,o,A,5
2,j,m,p,n,u,w,n,5,2,L,q,r,Q,A,S,B,l,y,Q,G,J
2,j,m,p,n,u,w,n,5,2,L,q,r,Q,A,S,B,l,y,Q,G,J
5,R,M,9,5,5,c,o,C,W,a,6,U,k,F,t,l,M,a,p,w,C
1,a,n,A,I,9,P,9,i,S,z,c,9,q,z,L,v,6,A,t,H,Z
1,a,n,A,I,9,P,9,i,S,z,c,9,q,z,L,v,6,A,t,H,Z
1,a,n,A,I,9,P,9,i,S,z,c,9,q,z,L,v,6,A,t,H,Z
1,a,n,A,I,9,P,9,i,S,z,c,9,q,z,L,v,6,A,t,H,Z
1,a,n,A,I,9,P,9,i,S,z,c,9,q,z,L,v,6,A,t,H,Z
6,N,U,B,t,2,n,j,5,u,T,4,i,L,L,T,I,M,R,x,r,a
7,J,2,g,s,5,q,2,w,L,q,6,l,U,4,q,4,w,k,y,u,V
2,j,n,9,J,O,m,d,r,R,9,B,d,i,R,1,L,T,v,Y,G,4
7,f,T,2,M,e,4,7,P,Q,8,T,7,9,5,4,P,K,r,c,w,R
7,f,T,2,M,e,4,7,P,Q,8,T,7,9,5,4,P,K,r,c,w,R
7,f,T,2,M,e,4,7,P,Q,8,T,7,9,5,4,P,K,r,c,w,R
7,f,T,2,M,e,4,7,P,Q,8,T,7,9,5,4,P,K,r,c,w,R
0,v,q,J,k,Z,0,R,p,L,Z,i,x,t,3,l,T,m,D,8,v,P
0,v,q,J,k,Z,0,R,p,L,Z,i,x,t,3,l,T,m,D,8,v,P
0,v,q,J,k,Z,0,R,p,L,Z,i,x,t,3,l,T,m,D,8,v,P
0,v,q,J,k,Z,0,R,p,L,Z,i,x,t,3,l,T,m,D,8,v,P
0,v,q,J,k,Z,0,R,p,L,Z,i,x,t,3,l,T,m,D,8,v,P
0,v,q,J,k,Z,0,R,p,L,Z,i,x,t,3,l,T,m,D,8,v,P
6,B,H,1,x,c,D,k,w,b,b,y,r,L,M,U,K,E,C,s,W,1
5,7,S,A,5,Q,v,2,4,V,y,d,w,d,6,b,J,n,V,8,f,I
5,7,S,A,5,Q,v,2,4,V,y,d,w,d,6,b,J,n,V,8,f,I
5,7,S,A,5,Q,v,2,4,V,y,d,w,d,6,b,J,n,V,8,f,I
5,7,S,A,5,Q,v,2,4,V,y,d,w,d,6,b,J,n,V,8,f,I
5,g,W,z,m,n,H,T,L,N,X,z,5,C,j,O,c,0,w,A,u,K
2,t,O,S,3,f,6,i,a,W,s,p,D,I,0,W,U,o,w,s,Z,I
4,G,N,C,7,G,D,6,o,Z,M,S,x,P,G,y,X,y,4,M,N,B
4,G,N,C,7,G,D,6,o,Z,M,S,x,P,G,y,X,y,4,M,N,B
7,l,t,D,V,B,r,6,m,K,b,R,v,o,h,x,h,e,J,9,h,1
4,k,1,c,M,k,J,j,G,3,U,C,R,p,t,c,k,b,p,A,n,C
4,k,1,c,M,k,J,j,G,3,U,C,R,p,t,c,k,b,p,A,n,C
3,b,r,v,z,8,i,Y,9,R,V,I,b,b,M,8,K,D,b,3,h,H
3,b,r,v,z,8,i,Y,9,R,V,I,b,b,M,8,K,D,b,3,h,H
4,Y,5,H,J,P,3,o,F,O,J,8,U,V,B,X,H,Y,W,B,g,x
0,W,C,C,i,p,y,2,q,i,o,b,v,u,y,g,n,T,M,d,k,C
6,f,O,K,L,k,8,G,m,Q,8,x,K,o,g,C,R,u,u,A,w,D
6,f,O,K,L,k,8,G,m,Q,8,x,K,o,g,C,R,u,u,A,w,D
0,h,M,b,S,7,D,v,R,k,V,N,T,n,r,C,M,e,U,U,A,X
1,4,j,V,H,W,j,9,d,q,p,L,h,s,8,h,H,E,M,n,y,J
3,n,V,i,O,F,a,3,k,Z,W,8,O,M,S,N,O,z,w,r,9,8
3,n,V,i,O,F,a,3,k,Z,W,8,O,M,S,N,O,z,w,r,9,8
3,n,V,i,O,F,a,3,k,Z,W,8,O,M,S,N,O,z,w,r,9,8
3,n,V,i,O,F,a,3,k,Z,W,8,O,M,S,N,O,z,w,r,9,8
6,n,4,S,s,A,p,5,V,j,v,I,B,g,3,s,9,Q,C,c,P,X
6,n,4,S,s,A,p,5,V,j,v,I,B,g,3,s,9,Q,C,c,P,X
6,n,4,S,s,A,p,5,V,j,v,I,B,g,3,s,9,Q,C,c,P,X
2,h,1,E,E,Q,0,l,D,0,1,l,P,K,D,R,G,i,s,v,L,4
2,K,C,9,Q,b,6,0,E,a,Y,0,k,W,4,e,H,6,8,v,r,3
5,1,D,e,v,d,O,x,I,J,i,n,6,D,B,1,F,X,J,p,D,1
1,G,A,y,m,y,G,B,v,B,4,g,Q,y,5,Z,5,L,Z,1,W,j
1,G,A,y,m,y,G,B,v,B,4,g,Q,y,5,Z,5,L,Z,1,W,j
1,G,A,y,m,y,G,B,v,B,4,g,Q,y,5,Z,5,L,Z,1,W,j
1,G,A,y,m,y,G,B,v,B,4,g,Q,y,5,Z,5,L,Z,1,W,j
1,G,A,y,m,y,G,B,v,B,4,g,Q,y,5,Z,5,L,Z,1,W,j
1,G,A,y,m,y,G,B,v,B,4,g,Q,y,5,Z,5,L,Z,1,W,j
2,k,C,O,8,L,X,N,1,u,s,a,O,P,L,3,i,E,E,2,8,I
2,k,C,O,8,L,X,N,1,u,s,a,O,P,L,3,i,E,E,2,8,I
2,k,C,O,8,L,X,N,1,u,s,a,O,P,L,3,i,E,E,2,8,I
1,S,i,L,K,8,g,d,E,C,x,2,i,E,m,2,S,S,j,0,B,l
1,X,L,W,o,x,9,w,1,Y,v,b,o,d,u,i,0,S,R,h,U,Q
1,X,L,W,o,x,9,w,1,Y,v,b,o,d,u,i,0,S,R,h,U,Q
0,Y,r,4,B,B,p,K,2,d,k,C,p,2,U,s,r,J,9,L,Z,N
0,Y,r,4,B,B,p,K,2,d,k,C,p,2,U,s,r,J,9,L,Z,N
2,4,l,j,r,n,V,U,l,U,Z,2,a,p,x,F,6,G,Z,s,r,m
2,4,l,j,r,n,V,U,l,U,Z,2,a,p,x,F,6,G,Z,s,r,m
2,4,l,j,r,n,V,U,l,U,Z,2,a,p,x,F,6,G,Z,s,r,m
6,T,c,T,g,R,Y,J,B,Q,z,a,d,I,F,e,X,X,W,A,3,I
6,T,c,T,g,R,Y,J,B,Q,z,a,d,I,F,e,X,X,W,A,3,I
6,T,c,T,g,R,Y,J,B,Q,z,a,d,I,F,e,X,X,W,A,3,I
6,D,K,m,u,X,x,X,A,S,T,F,6,x,a,J,w,c,T,f,j,v
6,D,K,m,u,X,x,X,A,S,T,F,6,x,a,J,w,c,T,f,j,v
6,D,K,m,u,X,x,X,A,S,T,F,6,x,a,J,w,c,T,f,j,v
6,D,K,m,u,X,x,X,A,S,T,F,6,x,a,J,w,c,T,f,j,v
6,D,K,m,u,X,x,X,A,S,T,F,6,x,a,J,w,c,T,f,j,v
6,D,K,m,u,X,x,X,A,S,T,F,6,x,a,J,w,c,T,f,j,v
6,D,K,m,u,X,x,X,A,S,T,F,6,x,a,J,w,c,T,f,j,v
6,D,K,m,u,X,x,X,A,S,T,F,6,x,a,J,w,c,T,f,j,v
6,D,K,m,u,X,x,X,A,S,T,F,6,x,a,J,w,c,T,f,j,v
6,D,K,m,u,X,x,X,A,S,T,F,6,x,a,J,w,c,T,f,j,v
6,D,K,m,u,X,x,X,A,S,T,F,6,x,a,J,w,c,T,f,j,v
6,D,K,m,u,X,x,X,A,S,T,F,6,x,a,J,w,c,T,f,j,v
1,v,l,z,5,P,D,U,C,N,u,Z,J,e,u,J,o,u,f,Q,k,N
1,v,l,z,5,P,D,U,C,N,u,Z,J,e,u,J,o,u,f,Q,k,N
4,Q,w,B,1,z,n,t,R,n,S,r,g,q,c,q,q,n,D,w,A,X
7,f,i,h,h,r,e,D,4,v,2,9,F,Q,s,W,y,k,h,C,J,m
7,f,i,h,h,r,e,D,4,v,2,9,F,Q,s,W,y,k,h,C,J,m
7,f,i,h,h,r,e,D,4,v,2,9,F,Q,s,W,y,k,h,C,J,m
1,J,u,e,l,n,h,f,A,F,n,r,P,R,q,G,k,2,w,H,2,j
1,J,u,e,l,n,h,f,A,F,n,r,P,R,q,G,k,2,w,H,2,j
7,u,n,N,u,v,k,3,O,E,q,G,m,e,g,H,T,a,x,R,A,9
7,u,n,N,u,v,k,3,O,E,q,G,m,e,g,H,T,a,x,R,A,9
7,u,n,N,u,v,k,3,O,E,q,G,m,e,g,H,T,a,x,R,A,9
7,u,n,N,u,v,k,3,O,E,q,G,m,e,g,H,T,a,x,R,A,9
7,u,n,N,u,v,k,3,O,E,q,G,m,e,g,H,T,a,x,R,A,9
6,5,k,p,H,7,5,M,F,C,B,J,h,L,y,7,q,v,V,l,6,A
6,5,k,p,H,7,5,M,F,C,B,J,h,L,y,7,q,v,V,l,6,A
6,U,x,Y,W,4,p,6,O,o,R,f,8,5,f,N,M,u,p,s,f,V
6,U,x,Y,W,4,p,6,O,o,R,f,8,5,f,N,M,u,p,s,f,V
6,U,x,Y,W,4,p,6,O,o,R,f,8,5,f,N,M,u,p,s,f,V
3,N,R,X,K,e,a,t,D,x,K,e,4,a,p,H,6,X,a,w,K,X
3,N,R,X,K,e,a,t,D,x,K,e,4,a,p,H,6,X,a,w,K,X
3,N,R,X,K,e,a,t,D,x,K,e,4,a,p,H,6,X,a,w,K,X
3,N,R,X,K,e,a,t,D,x,K,e,4,a,p,H,6,X,a,w,K,X
3,y,z,Q,H,d,j,9,G,3,4,C,V,Z,5,r,V,U,D,r,O,M
3,y,z,Q,H,d,j,9,G,3,4,C,V,Z,5,r,V,U,D,r,O,M
3,W,Y,T,2,b,8,p,O,L,s,L,s,q,S,a,o,W,Y,r,7,U
3,W,Y,T,2,b,8,p,O,L,s,L,s,q,S,a,o,W,Y,r,7,U
2,6,W,u,p,r,s,X,7,J,R,G,6,9,T,0,P,X,k,z,e,4
2,6,W,u,p,r,s,X,7,J,R,G,6,9,T,0,P,X,k,z,e,4
2,6,W,u,p,r,s,X,7,J,R,G,6,9,T,0,P,X,k,z,e,4
2,6,W,u,p,r,s,X,7,J,R,G,6,9,T,0,P,X,k,z,e,4
2,6,W,u,p,r,s,X,7,J,R,G,6,9,T,0,P,X,k,z,e,4
2,6,W,u,p,r,s,X,7,J,R,G,6,9,T,0,P,X,k,z,e,4
0,a,D,7,N,Q,x,7,y,a,u,K,l,V,D,n,q,O,x,k,6,q
5,O,6,t,6,g,b,6,M,e,N,q,z,O,B,A,q,1,o,L,a,d
5,O,6,t,6,g,b,6,M,e,N,q,z,O,B,A,q,1,o,L,a,d
3,A,r,o,L,2,o,D,P,i,A,n,M,p,T,m,I,Q,v,3,K,P
3,A,r,o,L,2,o,D,P,i,A,n,M,p,T,m,I,Q,v,3,K,P
0,l,l,Y,w,F,I,M,g,F,9,J,z,m,p,4,Z,Y,7,w,b,r
0,l,l,Y,w,F,I,M,g,F,9,J,z,m,p,4,Z,Y,7,w,b,r
0,l,l,Y,w,F,I,M,g,F,9,J,z,m,p,4,Z,Y,7,w,b,r
0,m,x,c,C,3,8,v,L,i,M,E,P,8,g,4,M,V,N,h,O,4
0,m,x,c,C,3,8,v,L,i,M,E,P,8,g,4,M,V,N,h,O,4
0,m,x,c,C,3,8,v,L,i,M,E,P,8,g,4,M,V,N,h,O,4
2,9,D,4,i,R,q,j,e,p,A,s,Z,t,6,o,5,h,c,c,N,D
2,9,D,4,i,R,q,j,e,p,A,s,Z,t,6,o,5,h,c,c,N,D
2,9,D,4,i,R,q,j,e,p,A,s,Z,t,6,o,5,h,c,c,N,D
7,D,W,4,i,j,H,3,n,3,6,Q,N,0,R,l,C,0,n,6,4,9
5,X,Q,S,L,o,7,F,p,T,b,3,F,J,6,9,O,7,y,2,u,r
5,X,Q,S,L,o,7,F,p,T,b,3,F,J,6,9,O,7,y,2,u,r
6,X,t,W,d,W,A,C,7,r,N,q,X,w,b,s,8,h,G,q,P,9
6,X,t,W,d,W,A,C,7,r,N,q,X,w,b,s,8,h,G,q,P,9
1,b,m,q,i,9,9,U,H,M,U,s,I,Q,V,Z,D,x,4,d,A,n
1,b,m,q,i,9,9,U,H,M,U,s,I,Q,V,Z,D,x,4,d,A,n
0,2,u,P,e,1,6,V,F,x,P,a,i,u,e,Q,s,P,E,D,k,E
0,2,u,P,e,1,6,V,F,x,P,a,i,u,e,Q,s,P,E,D,k,E
0,2,u,P,e,1,6,V,F,x,P,a,i,u,e,Q,s,P,E,D,k,E
6,g,v,A,9,Q,k,T,B,r,r,V,g,C,6,1,J,4,Y,a,A,8
6,R,Q,y,o,g,3,L,4,J,l,A,8,t,8,B,f,5,6,o,t,E
6,R,Q,y,o,g,3,L,4,J,l,A,8,t,8,B,f,5,6,o,t,E
1,N,U,9,E,m,6,e,8,d,D,o,3,6,J,s,6,n,E,o,3,t
1,N,U,9,E,m,6,e,8,d,D,o,3,6,J,s,6,n,E,o,3,t
1,N,U,9,E,m,6,e,8,d,D,o,3,6,J,s,6,n,E,o,3,t
1,N,U,9,E,m,6,e,8,d,D,o,3,6,J,s,6,n,E,o,3,t
1,N,U,9,E,m,6,e,8,d,D,o,3,6,J,s,6,n,E,o,3,t
1,N,U,9,E,m,6,e,8,d,D,o,3,6,J,s,6,n,E,o,3,t
7,C,i,f,Q,j,n,t,M,w,k,U,4,k,f,V,8,5,z,T,n,S
3,n,Z,a,8,v,R,D,6,4,u,e,q,3,d,0,J,N,Y,T,s,l
3,n,Z,a,8,v,R,D,6,4,u,e,q,3,d,0,J,N,Y,T,s,l
3,n,Z,a,8,v,R,D,6,4,u,e,q,3,d,0,J,N,Y,T,s,l
6,f,T,u,D,Q,J,q,q,M,D,r,r,E,X,S,F,m,g,y,J,t
6,f,T,u,D,Q,J,q,q,M,D,r,r,E,X,S,F,m,g,y,J,t
6,f,T,u,D,Q,J,q,q,M,D,r,r,E,X,S,F,m,g,y,J,t
6,f,T,u,D,Q,J,q,q,M,D,r,r,E,X,S,F,m,g,y,J,t
7,z,9,o,T,D,a,s,H,4,s,B,I,S,U,E,2,H,x,r,k,i
7,z,9,o,T,D,a,s,H,4,s,B,I,S,U,E,2,H,x,r,k,i
7,z,9,o,T,D,a,s,H,4,s,B,I,S,U,E,2,H,x,r,k,i
6,N,t,w,a,H,Z,L,h,T,U,v,E,R,K,F,b,F,q,u,8,S
6,N,t,w,a,H,Z,L,h,T,U,v,E,R,K,F,b,F,q,u,8,S
1,k,g,p,T,c,X,k,e,X,e,I,m,y,m,T,h,m,7,8,Z,B
5,y,d,D,S,P,9,q,S,x,E,O,l,H,W,n,p,b,b,l,F,B
5,y,d,D,S,P,9,q,S,x,E,O,l,H,W,n,p,b,b,l,F,B
5,y,d,D,S,P,9,q,S,x,E,O,l,H,W,n,p,b,b,l,F,B
4,Q,v,Y,F,z,l,T,F,Z,F,g,2,9,0,4,x,x,8,g,O,u
4,Q,v,Y,F,z,l,T,F,Z,F,g,2,9,0,4,x,x,8,g,O,u
7,b,4,m,u,c,f,6,X,5,3,D,3,p,E,a,Y,1,j,W,l,6
7,b,4,m,u,c,f,6,X,5,3,D,3,p,E,a,Y,1,j,W,l,6
6,o,M,1,P,y,i,V,3,L,i,d,E,U,I,H,K,u,b,g,3,W
6,o,M,1,P,y,i,V,3,L,i,d,E,U,I,H,K,u,b,g,3,W
2,v,R,T,o,y,l,7,m,x,o,V,b,w,w,S,s,R,B,X,A,M
2,v,R,T,o,y,l,7,m,x,o,V,b,w,w,S,s,R,B,X,A,M
6,Y,l,G,m,6,Q,D,r,C,3,T,O,k,n,Y,c,H,j,t,6,2
6,Y,l,G,m,6,Q,D,r,C,3,T,O,k,n,Y,c,H,j,t,6,2
2,z,w,G,P,E,F,v,i,y,a,I,C,C,D,i,A,W,x,L,j,y
2,z,w,G,P,E,F,v,i,y,a,I,C,C,D,i,A,W,x,L,j,y
2,z,w,G,P,E,F,v,i,y,a,I,C,C,D,i,A,W,x,L,j,y
2,z,w,G,P,E,F,v,i,y,a,I,C,C,D,i,A,W,x,L,j,y
7,l,I,V,j,t,s,g,z,0,y,1,o,R,Q,F,B,A,V,N,z,q
7,l,I,V,j,t,s,g,z,0,y,1,o,R,Q,F,B,A,V,N,z,q
4,5,J,v,I,0,r,k,P,k,F,F,L,1,4,C,j,0,e,p,u,t
4,5,J,v,I,0,r,k,P,k,F,F,L,1,4,C,j,0,e,p,u,t
4,5,J,v,I,0,r,k,P,k,F,F,L,1,4,C,j,0,e,p,u,t
5,V,L,V,o,g,b,P,e,B,g,F,H,X,Q,P,Z,Q,z,B,e,j
5,V,L,V,o,g,b,P,e,B,g,F,H,X,Q,P,Z,Q,z,B,e,j
3,c,b,d,5,G,W,G,O,k,n,x,m,F,A,e,7,7,M,D,b,k
3,c,b,d,5,G,W,G,O,k,n,x,m,F,A,e,7,7,M,D,b,k
3,c,b,d,5,G,W,G,O,k,n,x,m,F,A,e,7,7,M,D,b,k
3,c,b,d,5,G,W,G,O,k,n,x,m,F,A,e,7,7,M,D,b,k
3,c,b,d,5,G,W,G,O,k,n,x,m,F,A,e,7,7,M,D,b,k
3,c,b,d,5,G,W,G,O,k,n,x,m,F,A,e,7,7,M,D,b,k
0,9,t,o,G,E,E,h,p,u,s,L,y,Z,6,N,k,9,A,m,R,f
0,9,t,o,G,E,E,h,p,u,s,L,y,Z,6,N,k,9,A,m,R,f
7,6,V,T,a,g,P,g,P,g,P,l,F,E,7,h,f,j,T,0,Z,t
7,6,V,T,a,g,P,g,P,g,P,l,F,E,7,h,f,j,T,0,Z,t
4,e,W,v,H,A,c,W,h,3,H,q,6,D,Y,J,9,K,3,m,D,4
7,s,l,3,P,Z,y,h,z,A,q,U,p,L,3,M,6,W,V,D,8,G
7,s,l,3,P,Z,y,h,z,A,q,U,p,L,3,M,6,W,V,D,8,G
7,s,l,3,P,Z,y,h,z,A,q,U,p,L,3,M,6,W,V,D,8,G
7,s,l,3,P,Z,y,h,z,A,q,U,p,L,3,M,6,W,V,D,8,G
6,r,m,M,p,o,e,u,2,S,I,V,4,O,L,U,R,C,O,n,2,e
6,r,m,M,p,o,e,u,2,S,I,V,4,O,L,U,R,C,O,n,2,e
0,E,K,2,n,C,t,5,j,x,b,k,N,2,H,C,m,t,K,y,4,V
3,n,V,e,K,8,g,Q,C,h,V,t,V,C,C,j,G,r,e,a,l,2
3,n,V,e,K,8,g,Q,C,h,V,t,V,C,C,j,G,r,e,a,l,2
3,n,V,e,K,8,g,Q,C,h,V,t,V,C,C,j,G,r,e,a,l,2
0,k,R,A,K,g,E,O,V,I,4,3,Q,k,z,9,P,L,m,P,t,8
7,H,l,X,H,3,l,E,J,t,M,1,y,O,3,8,G,h,i,2,0,f
6,e,5,y,g,q,f,8,1,E,C,K,3,3,t,T,P,p,b,L,L,q
2,z,Y,m,F,M,k,D,c,o,0,3,q,a,m,6,N,x,4,u,i,r
2,L,S,J,r,l,n,d,C,u,T,p,d,E,l,u,v,Y,H,c,2,E
2,L,S,J,r,l,n,d,C,u,T,p,d,E,l,u,v,Y,H,c,2,E
2,L,S,J,r,l,n,d,C,u,T,p,d,E,l,u,v,Y,H,c,2,E
2,L,S,J,r,l,n,d,C,u,T,p,d,E,l,u,v,Y,H,c,2,E
3,n,2,H,1,X,l,C,y,S,1,W,Q,0,v,y,V,U,F,E,m,a
3,V,P,A,Y,G,u,5,7,R,i,4,t,4,1,d,i,a,p,q,n,8
5,r,0,x,e,B,S,R,K,R,J,5,D,m,6,3,X,z,T,Z,h,E
0,E,6,o,E,h,Z,Z,t,Q,v,j,8,1,1,i,X,Q,F,L,r,B
0,E,6,o,E,h,Z,Z,t,Q,v,j,8,1,1,i,X,Q,F,L,r,B
0,E,6,o,E,h,Z,Z,t,Q,v,j,8,1,1,i,X,Q,F,L,r,B
3,y,f,D,R,p,l,D,Z,h,0,3,Y,0,f,E,e,C,d,6,B,0
3,y,f,D,R,p,l,D,Z,h,0,3,Y,0,f,E,e,C,d,6,B,0
3,y,f,D,R,p,l,D,Z,h,0,3,Y,0,f,E,e,C,d,6,B,0
3,y,f,D,R,p,l,D,Z,h,0,3,Y,0,f,E,e,C,d,6,B,0
3,y,f,D,R,p,l,D,Z,h,0,3,Y,0,f,E,e,C,d,6,B,0
3,y,f,D,R,p,l,D,Z,h,0,3,Y,0,f,E,e,C,d,6,B,0
4,M,c,3,z,b,n,Q,x,4,w,R,b,0,t,Y,g,7,A,8,s,G
4,M,c,3,z,b,n,Q,x,4,w,R,b,0,t,Y,g,7,A,8,s,G
4,M,c,3,z,b,n,Q,x,4,w,R,b,0,t,Y,g,7,A,8,s,G
4,M,c,3,z,b,n,Q,x,4,w,R,b,0,t,Y,g,7,A,8,s,G
1,t,T,Q,c,o,k,f,K,c,s,C,x,Z,a,H,F,2,p,I,h,w
1,t,T,Q,c,o,k,f,K,c,s,C,x,Z,a,H,F,2,p,I,h,w
1,t,T,Q,c,o,k,f,K,c,s,C,x,Z,a,H,F,2,p,I,h,w
6,w,h,F,E,c,a,V,7,5,A,m,Q,M,i,w,l,f,a,x,v,c
6,w,h,F,E,c,a,V,7,5,A,m,Q,M,i,w,l,f,a,x,v,c
6,w,h,F,E,c,a,V,7,5,A,m,Q,M,i,w,l,f,a,x,v,c
6,w,h,F,E,c,a,V,7,5,A,m,Q,M,i,w,l,f,a,x,v,c
4,Y,z,1,L,j,H,w,g,Q,5,D,F,W,J,r,Z,L,8,b,C,8
1,6,F,p,D,R,u,y,5,x,M,H,p,u,L,Y,Z,V,0,H,k,t
1,6,F,p,D,R,u,y,5,x,M,H,p,u,L,Y,Z,V,0,H,k,t
1,6,F,p,D,R,u,y,5,x,M,H,p,u,L,Y,Z,V,0,H,k,t
1,6,F,p,D,R,u,y,5,x,M,H,p,u,L,Y,Z,V,0,H,k,t
4,4,9,A,E,g,f,e,O,x,q,A,u,R,n,0,u,X,6,l,3,u
4,4,9,A,E,g,f,e,O,x,q,A,u,R,n,0,u,X,6,l,3,u
4,4,9,A,E,g,f,e,O,x,q,A,u,R,n,0,u,X,6,l,3,u
4,4,9,A,E,g,f,e,O,x,q,A,u,R,n,0,u,X,6,l,3,u
0,8,E,O,4,5,F,s,r,K,q,y,D,a,V,H,o,c,L,j,u,g
3,Z,i,i,I,x,w,c,d,E,6,0,x,H,z,C,Q,3,5,e,w,j
3,l,9,m,R,J,I,G,z,W,7,R,r,E,E,2,H,8,L,d,v,q
3,l,9,m,R,J,I,G,z,W,7,R,r,E,E,2,H,8,L,d,v,q
7,b,l,k,M,N,J,v,8,n,9,c,e,P,9,z,l,A,4,W,2,U
5,B,A,y,Y,w,b,v,8,O,S,f,q,e,X,M,j,P,g,W,X,6
5,B,A,y,Y,w,b,v,8,O,S,f,q,e,X,M,j,P,g,W,X,6
5,B,A,y,Y,w,b,v,8,O,S,f,q,e,X,M,j,P,g,W,X,6
4,i,m,d,5,0,K,I,b,H,c,y,r,S,t,b,I,u,Z,s,w,j
4,i,m,d,5,0,K,I,b,H,c,y,r,S,t,b,I,u,Z,s,w,j
3,1,o,M,M,I,B,D,M,M,2,Z,1,R,Q,O,7,u,8,i,r,E
3,1,o,M,M,I,B,D,M,M,2,Z,1,R,Q,O,7,u,8,i,r,E
3,1,o,M,M,I,B,D,M,M,2,Z,1,R,Q,O,7,u,8,i,r,E
0,2,B,3,O,s,1,l,C,L,u,W,R,6,k,l,P,J,i,Q,p,W
0,2,B,3,O,s,1,l,C,L,u,W,R,6,k,l,P,J,i,Q,p,W
2,A,w,G,v,r,b,c,v,O,S,x,5,H,D,w,c,4,O,Q,E,3
2,A,w,G,v,r,b,c,v,O,S,x,5,H,D,w,c,4,O,Q,E,3
2,I,3,S,T,B,P,K,1,D,y,m,M,X,P,C,j,g,3,U,I,T
0,U,t,Z,0,D,R,i,E,8,u,s,R,g,9,G,y,j,C,P,C,r
5,R,g,1,u,n,D,k,J,r,x,r,T,V,0,8,B,K,o,F,r,P
2,O,r,C,Y,F,z,Q,Y,E,1,T,m,e,v,d,Y,A,R,n,U,1
2,O,r,C,Y,F,z,Q,Y,E,1,T,m,e,v,d,Y,A,R,n,U,1
2,O,r,C,Y,F,z,Q,Y,E,1,T,m,e,v,d,Y,A,R,n,U,1
2,b,N,t,o,s,g,6,E,8,t,v,m,N,6,w,Y,x,P,C,f,u
2,b,N,t,o,s,g,6,E,8,t,v,m,N,6,w,Y,x,P,C,f,u
5,M,8,A,X,r,O,i,f,B,T,8,e,l,k,L,K,b,G,P,Q,Z
5,M,8,A,X,r,O,i,f,B,T,8,e,l,k,L,K,b,G,P,Q,Z
5,M,8,A,X,r,O,i,f,B,T,8,e,l,k,L,K,b,G,P,Q,Z
3,5,O,H,o,y,0,D,G,J,R,q,p,f,m,Y,v,B,y,D,B,c
7,s,K,4,h,n,u,U,O,X,w,6,V,S,t,D,w,0,q,8,N,I
7,s,K,4,h,n,u,U,O,X,w,6,V,S,t,D,w,0,q,8,N,I
0,2,8,x,h,P,w,q,t,W,v,a,4,J,0,M,k,F,H,Y,2,x
0,2,8,x,h,P,w,q,t,W,v,a,4,J,0,M,k,F,H,Y,2,x
5,o,W,O,x,0,B,B,D,S,M,o,F,B,8,J,D,r,j,Q,r,e
5,o,W,O,x,0,B,B,D,S,M,o,F,B,8,J,D,r,j,Q,r,e
5,o,W,O,x,0,B,B,D,S,M,o,F,B,8,J,D,r,j,Q,r,e
0,H,S,G,a,S,A,a,B,P,Z,J,q,4,l,i,s,o,W,A,5,9
1,c,X,x,i,a,1,Q,2,V,D,T,j,W,e,8,X,2,J,y,d,m
1,c,X,x,i,a,1,Q,2,V,D,T,j,W,e,8,X,2,J,y,d,m
1,c,X,x,i,a,1,Q,2,V,D,T,j,W,e,8,X,2,J,y,d,m
3,P,t,C,u,d,9,d,I,d,O,v,4,e,x,r,z,d,Z,Z,1,C
3,P,t,C,u,d,9,d,I,d,O,v,4,e,x,r,z,d,Z,Z,1,C
3,P,t,C,u,d,9,d,I,d,O,v,4,e,x,r,z,d,Z,Z,1,C
3,P,t,C,u,d,9,d,I,d,O,v,4,e,x,r,z,d,Z,Z,1,C
3,P,t,C,u,d,9,d,I,d,O,v,4,e,x,r,z,d,Z,Z,1,C
1,J,S,0,G,w,2,K,x,V,F,P,m,F,N,i,v,c,j,m,g,t
4,L,K,B,1,I,k,C,I,N,D,D,j,E,X,8,i,S,7,g,l,I
4,L,K,B,1,I,k,C,I,N,D,D,j,E,X,8,i,S,7,g,l,I
4,L,K,B,1,I,k,C,I,N,D,D,j,E,X,8,i,S,7,g,l,I
4,L,K,B,1,I,k,C,I,N,D,D,j,E,X,8,i,S,7,g,l,I
4,L,K,B,1,I,k,C,I,N,D,D,j,E,X,8,i,S,7,g,l,I
5,F,v,l,J,c,X,n,F,I,m,7,2,p,g,Q,t,W,3,D,c,t
5,F,v,l,J,c,X,n,F,I,m,7,2,p,g,Q,t,W,3,D,c,t
5,F,v,l,J,c,X,n,F,I,m,7,2,p,g,Q,t,W,3,D,c,t
5,F,v,l,J,c,X,n,F,I,m,7,2,p,g,Q,t,W,3,D,c,t
4,a,M,e,I,Y,7,M,k,J,o,Z,g,7,O,9,1,c,m,D,D,d
0,m,6,f,0,n,N,S,9,G,E,q,4,1,e,I,J,2,8,8,f,f
2,z,H,H,E,U,3,t,9,c,u,t,Z,F,y,G,0,f,H,d,O,R
2,z,H,H,E,U,3,t,9,c,u,t,Z,F,y,G,0,f,H,d,O,R
2,z,H,H,E,U,3,t,9,c,u,t,Z,F,y,G,0,f,H,d,O,R
2,L,t,r,0,s,1,5,R,y,v,s,j,q,W,z,S,m,i,S,R,s
2,L,t,r,0,s,1,5,R,y,v,s,j,q,W,z,S,m,i,S,R,s
2,L,t,r,0,s,1,5,R,y,v,s,j,q,W,z,S,m,i,S,R,s
7,4,Z,H,O,T,P,P,0,e,W,W,e,9,k,L,t,8,j,H,b,P
7,4,Z,H,O,T,P,P,0,e,W,W,e,9,k,L,t,8,j,H,b,P
5,y,3,G,1,B,8,c,p,C,T,a,o,q,0,u,D,g,j,w,z,H
5,y,3,G,1,B,8,c,p,C,T,a,o,q,0,u,D,g,j,w,z,H
3,N,T,b,O,m,z,l,j,2,c,L,8,6,X,F,u,D,V,F,v,Z
3,N,T,b,O,m,z,l,j,2,c,L,8,6,X,F,u,D,V,F,v,Z
3,N,T,b,O,m,z,l,j,2,c,L,8,6,X,F,u,D,V,F,v,Z
3,N,T,b,O,m,z,l,j,2,c,L,8,6,X,F,u,D,V,F,v,Z
3,N,T,b,O,m,z,l,j,2,c,L,8,6,X,F,u,D,V,F,v,Z
4,B,N,W,a,n,h,w,4,A,j,S,X,j,B,m,9,L,1,J,z,y
6,P,O,f,B,0,f,H,d,z,X,F,L,W,L,3,R,H,x,L,v,8
6,P,O,f,B,0,f,H,d,z,X,F,L,W,L,3,R,H,x,L,v,8
7,A,o,O,m,k,X,z,N,e,4,v,b,5,1,O,h,I,m,J,w,P
7,A,o,O,m,k,X,z,N,e,4,v,b,5,1,O,h,I,m,J,w,P
3,9,Z,Q,x,0,6,1,8,U,Y,V,B,g,G,T,D,O,J,2,d,s
3,9,Z,Q,x,0,6,1,8,U,Y,V,B,g,G,T,D,O,J,2,d,s
3,9,Z,Q,x,0,6,1,8,U,Y,V,B,g,G,T,D,O,J,2,d,s
3,B,N,D,j,S,D,6,7,j,J,E,4,f,h,x,X,1,b,2,O,V
3,B,N,D,j,S,D,6,7,j,J,E,4,f,h,x,X,1,b,2,O,V
3,B,N,D,j,S,D,6,7,j,J,E,4,f,h,x,X,1,b,2,O,V
3,B,N,D,j,S,D,6,7,j,J,E,4,f,h,x,X,1,b,2,O,V
3,B,N,D,j,S,D,6,7,j,J,E,4,f,h,x,X,1,b,2,O,V
7,0,x,6,g,P,I,j,I,h,W,t,x,j,c,z,o,o,K,l,3,p
7,0,x,6,g,P,I,j,I,h,W,t,x,j,c,z,o,o,K,l,3,p
4,8,0,x,K,a,b,3,l,U,P,h,B,B,n,C,z,l,z,q,I,u
4,8,0,x,K,a,b,3,l,U,P,h,B,B,n,C,z,l,z,q,I,u
4,8,0,x,K,a,b,3,l,U,P,h,B,B,n,C,z,l,z,q,I,u
4,8,0,x,K,a,b,3,l,U,P,h,B,B,n,C,z,l,z,q,I,u
1,9,z,3,I,s,8,j,P,D,F,m,L,p,h,r,Q,2,w,2,D,u
5,M,0,l,b,k,G,l,u,O,P,X,L,e,F,j,A,p,w,8,r,8
5,M,0,l,b,k,G,l,u,O,P,X,L,e,F,j,A,p,w,8,r,8
5,M,0,l,b,k,G,l,u,O,P,X,L,e,F,j,A,p,w,8,r,8
5,M,0,l,b,k,G,l,u,O,P,X,L,e,F,j,A,p,w,8,r,8
5,D,u,z,B,e,O,g,F,w,V,i,F,c,v,0,0,Q,5,P,F,b
5,D,u,z,B,e,O,g,F,w,V,i,F,c,v,0,0,Q,5,P,F,b
0,y,k,Z,I,L,V,R,Z,g,n,m,d,T,i,0,o,p,g,b,2,f
2,X,h,A,8,B,O,H,x,O,5,N,w,b,Y,6,q,3,W,8,m,D
2,X,h,A,8,B,O,H,x,O,5,N,w,b,Y,6,q,3,W,8,m,D
2,X,h,A,8,B,O,H,x,O,5,N,w,b,Y,6,q,3,W,8,m,D
2,X,h,A,8,B,O,H,x,O,5,N,w,b,Y,6,q,3,W,8,m,D
1,q,O,P,o,6,b,0,U,3,t,7,B,p,y,O,8,T,i,1,M,F
1,q,O,P,o,6,b,0,U,3,t,7,B,p,y,O,8,T,i,1,M,F
2,Z,m,X,e,x,I,J,A,D,7,P,g,A,B,r,j,0,q,Q,R,b
2,Z,m,X,e,x,I,J,A,D,7,P,g,A,B,r,j,0,q,Q,R,b
2,Z,m,X,e,x,I,J,A,D,7,P,g,A,B,r,j,0,q,Q,R,b
1,J,8,7,m,x,f,z,E,5,8,r,Z,L,r,R,I,O,x,5,I,5
3,P,D,F,G,p,P,l,4,i,e,n,S,n,5,V,w,i,s,f,r,h
3,P,D,F,G,p,P,l,4,i,e,n,S,n,5,V,w,i,s,f,r,h
1,t,o,f,u,k,7,d,T,Z,w,b,6,Z,K,s,r,7,X,R,K,B
1,t,o,f,u,k,7,d,T,Z,w,b,6,Z,K,s,r,7,X,R,K,B
1,t,o,f,u,k,7,d,T,Z,w,b,6,Z,K,s,r,7,X,R,K,B
1,t,o,f,u,k,7,d,T,Z,w,b,6,Z,K,s,r,7,X,R,K,B
1,X,q,5,w,a,s,m,l,E,w,C,6,T,q,C,q,J,t,P,5,o
1,X,q,5,w,a,s,m,l,E,w,C,6,T,q,C,q,J,t,P,5,o
1,X,q,5,w,a,s,m,l,E,w,C,6,T,q,C,q,J,t,P,5,o
1,X,q,5,w,a,s,m,l,E,w,C,6,T,q,C,q,J,t,P,5,o
2,v,G,a,S,K,E,D,F,s,V,P,B,g,c,n,G,x,q,l,B,N
5,q,f,k,U,S,H,3,i,p,5,d,D,2,e,E,P,h,j,k,T,3
5,q,f,k,U,S,H,3,i,p,5,d,D,2,e,E,P,h,j,k,T,3
5,q,f,k,U,S,H,3,i,p,5,d,D,2,e,E,P,h,j,k,T,3
5,q,f,k,U,S,H,3,i,p,5,d,D,2,e,E,P,h,j,k,T,3
5,q,f,k,U,S,H,3,i,p,5,d,D,2,e,E,P,h,j,k,T,3
5,q,f,k,U,S,H,3,i,p,5,d,D,2,e,E,P,h,j,k,T,3
5,X,1,J,z,P,I,I,o,n,P,3,u,9,l,A,5,8,0,p,P,T
7,D,C,v,5,i,E,O,f,z,c,6,E,E,e,4,G,b,F,c,O,M
0,U,d,o,K,j,W,I,e,3,t,H,y,i,q,c,4,q,T,3,O,z
1,u,Q,W,m,t,1,O,h,u,H,G,R,K,m,Z,2,Z,c,L,6,p
1,u,Q,W,m,t,1,O,h,u,H,G,R,K,m,Z,2,Z,c,L,6,p
1,u,Q,W,m,t,1,O,h,u,H,G,R,K,m,Z,2,Z,c,L,6,p
1,u,Q,W,m,t,1,O,h,u,H,G,R,K,m,Z,2,Z,c,L,6,p
1,u,Q,W,m,t,1,O,h,u,H,G,R,K,m,Z,2,Z,c,L,6,p
1,4,2,V,T,1,M,t,W,z,a,D,1,3,C,n,O,i,K,F,D,n
1,4,2,V,T,1,M,t,W,z,a,D,1,3,C,n,O,i,K,F,D,n
5,Z,8,U,T,Q,t,T,Y,N,u,5,o,5,F,A,6,6,L,F,g,v
5,Z,8,U,T,Q,t,T,Y,N,u,5,o,5,F,A,6,6,L,F,g,v
5,Z,8,U,T,Q,t,T,Y,N,u,5,o,5,F,A,6,6,L,F,g,v
6,c,I,U,8,4,T,L,D,c,C,I,F,z,j,4,h,2,4,w,p,r
1,8,T,5,P,o,R,r,9,H,S,P,g,Q,9,O,I,N,C,b,X,6
1,8,T,5,P,o,R,r,9,H,S,P,g,Q,9,O,I,N,C,b,X,6
1,8,T,5,P,o,R,r,9,H,S,P,g,Q,9,O,I,N,C,b,X,6
3,e,4,a,L,W,o,u,B,X,j,J,X,S,F,w,U,7,i,l,Q,A
3,e,4,a,L,W,o,u,B,X,j,J,X,S,F,w,U,7,i,l,Q,A
4,k,V,y,1,s,D,T,G,m,C,W,z,x,m,z,Y,6,s,o,N,Z
4,k,V,y,1,s,D,T,G,m,C,W,z,x,m,z,Y,6,s,o,N,Z
4,m,0,x,r,E,W,Y,U,0,y,C,U,F,M,a,g,a,0,1,5,T
4,m,0,x,r,E,W,Y,U,0,y,C,U,F,M,a,g,a,0,1,5,T
4,m,0,x,r,E,W,Y,U,0,y,C,U,F,M,a,g,a,0,1,5,T
4,m,0,x,r,E,W,Y,U,0,y,C,U,F,M,a,g,a,0,1,5,T
5,X,k,r,V,V,n,0,l,Q,I,V,P,k,H,5,5,n,b,T,g,Z
5,X,k,r,V,V,n,0,l,Q,I,V,P,k,H,5,5,n,b,T,g,Z
5,X,k,r,V,V,n,0,l,Q,I,V,P,k,H,5,5,n,b,T,g,Z
7,y,a,3,w,F,q,G,9,X,3,5,S,7,L,7,X,S,r,E,2,i
6,y,T,A,P,w,3,o,7,o,D,H,7,l,h,j,3,4,j,v,b,H
6,y,T,A,P,w,3,o,7,o,D,H,7,l,h,j,3,4,j,v,b,H
7,0,p,a,W,4,8,P,t,C,t,U,j,t,n,d,E,l,r,j,r,L
7,0,p,a,W,4,8,P,t,C,t,U,j,t,n,d,E,l,r,j,r,L
4,r,Y,J,I,q,A,2,S,B,f,c,b,n,8,y,8,y,U,G,t,U
7,l,8,r,O,F,w,Z,F,Q,3,G,0,s,g,Z,7,g,j,G,n,g
7,l,8,r,O,F,w,Z,F,Q,3,G,0,s,g,Z,7,g,j,G,n,g
7,K,l,M,q,M,C,Z,b,U,E,9,r,Y,p,a,9,5,R,2,C,V
7,K,l,M,q,M,C,Z,b,U,E,9,r,Y,p,a,9,5,R,2,C,V
7,K,l,M,q,M,C,Z,b,U,E,9,r,Y,p,a,9,5,R,2,C,V
7,K,l,M,q,M,C,Z,b,U,E,9,r,Y,p,a,9,5,R,2,C,V
7,K,l,M,q,M,C,Z,b,U,E,9,r,Y,p,a,9,5,R,2,C,V
7,2,F,G,v,J,g,Y,b,s,0,N,B,e,J,q,E,C,y,6,c,F
7,2,F,G,v,J,g,Y,b,s,0,N,B,e,J,q,E,C,y,6,c,F
0,N,T,8,f,q,h,P,o,K,J,r,d,0,3,8,u,1,Q,u,m,z
2,N,z,5,X,w,O,a,0,2,d,e,T,y,y,S,2,v,w,5,W,a
6,D,i,A,V,Y,f,S,z,Z,i,8,h,1,f,G,u,T,D,6,L,I
6,D,i,A,V,Y,f,S,z,Z,i,8,h,1,f,G,u,T,D,6,L,I
3,p,c,G,j,c,f,E,W,3,Y,D,2,H,f,k,6,t,D,R,5,S
0,2,U,4,d,X,Z,h,G,S,o,0,7,f,6,6,l,8,J,Z,9,1
0,2,U,4,d,X,Z,h,G,S,o,0,7,f,6,6,l,8,J,Z,9,1
0,2,U,4,d,X,Z,h,G,S,o,0,7,f,6,6,l,8,J,Z,9,1
0,2,U,4,d,X,Z,h,G,S,o,0,7,f,6,6,l,8,J,Z,9,1
1,q,L,w,X,s,U,t,y,W,2,B,a,2,I,o,t,g,4,g,E,3
1,q,L,w,X,s,U,t,y,W,2,B,a,2,I,o,t,g,4,g,E,3
0,G,n,u,C,X,v,n,v,V,t,X,5,D,S,h,r,y,u,y,p,9
2,z,U,Q,j,Y,v,y,0,T,e,v,S,i,4,d,3,P,j,q,Q,O
2,z,U,Q,j,Y,v,y,0,T,e,v,S,i,4,d,3,P,j,q,Q,O
2,z,U,Q,j,Y,v,y,0,T,e,v,S,i,4,d,3,P,j,q,Q,O
2,z,U,Q,j,Y,v,y,0,T,e,v,S,i,4,d,3,P,j,q,Q,O
2,z,U,Q,j,Y,v,y,0,T,e,v,S,i,4,d,3,P,j,q,Q,O
2,z,U,Q,j,Y,v,y,0,T,e,v,S,i,4,d,3,P,j,q,Q,O
2,i,B,7,A,J,h,J,m,k,W,k,k,e,h,Y,9,c,c,B,0,j
2,i,B,7,A,J,h,J,m,k,W,k,k,e,h,Y,9,c,c,B,0,j
2,i,B,7,A,J,h,J,m,k,W,k,k,e,h,Y,9,c,c,B,0,j
2,i,B,7,A,J,h,J,m,k,W,k,k,e,h,Y,9,c,c,B,0,j
4,A,C,h,E,o,O,g,2,k,L,b,S,h,M,I,N,3,j,g,x,X
4,A,C,h,E,o,O,g,2,k,L,b,S,h,M,I,N,3,j,g,x,X
3,8,0,D,W,5,1,q,b,u,5,p,S,P,8,c,r,F,R,I,I,I
3,8,0,D,W,5,1,q,b,u,5,p,S,P,8,c,r,F,R,I,I,I
3,8,0,D,W,5,1,q,b,u,5,p,S,P,8,c,r,F,R,I,I,I
4,x,l,A,H,g,Z,n,z,z,P,H,t,o,K,n,e,v,0,g,w,J
4,x,l,A,H,g,Z,n,z,z,P,H,t,o,K,n,e,v,0,g,w,J
3,H,X,S,U,f,I,7,6,z,V,Z,k,7,1,U,M,A,e,V,f,p
3,H,X,S,U,f,I,7,6,z,V,Z,k,7,1,U,M,A,e,V,f,p
3,H,X,S,U,f,I,7,6,z,V,Z,k,7,1,U,M,A,e,V,f,p
3,H,X,S,U,f,I,7,6,z,V,Z,k,7,1,U,M,A,e,V,f,p
3,H,X,S,U,f,I,7,6,z,V,Z,k,7,1,U,M,A,e,V,f,p
7,l,N,F,z,e,A,X,m,S,I,K,e,x,I,N,N,g,O,6,b,u
7,l,N,F,z,e,A,X,m,S,I,K,e,x,I,N,N,g,O,6,b,u
7,l,N,F,z,e,A,X,m,S,I,K,e,x,I,N,N,g,O,6,b,u
7,l,N,F,z,e,A,X,m,S,I,K,e,x,I,N,N,g,O,6,b,u
4,d,o,y,J,A,I,K,x,T,G,N,2,I,I,0,Q,p,g,U,j,T
4,d,o,y,J,A,I,K,x,T,G,N,2,I,I,0,Q,p,g,U,j,T
4,d,o,y,J,A,I,K,x,T,G,N,2,I,I,0,Q,p,g,U,j,T
3,s,K,e,a,b,y,6,G,M,S,J,W,g,Y,u,e,Z,a,S,j,E
3,s,K,e,a,b,y,6,G,M,S,J,W,g,Y,u,e,Z,a,S,j,E
3,s,K,e,a,b,y,6,G,M,S,J,W,g,Y,u,e,Z,a,S,j,E
3,s,K,e,a,b,y,6,G,M,S,J,W,g,Y,u,e,Z,a,S,j,E
1,E,i,e,0,t,Y,9,1,r,p,i,7,Y,0,j,t,I,O,X,z,I
1,E,i,e,0,t,Y,9,1,r,p,i,7,Y,0,j,t,I,O,X,z,I
1,E,i,e,0,t,Y,9,1,r,p,i,7,Y,0,j,t,I,O,X,z,I
1,E,i,e,0,t,Y,9,1,r,p,i,7,Y,0,j,t,I,O,X,z,I
1,E,i,e,0,t,Y,9,1,r,p,i,7,Y,0,j,t,I,O,X,z,I
2,T,V,n,6,P,Q,x,n,r,x,l,I,q,4,F,2,V,z,3,Q,s
1,V,B,A,K,M,u,i,4,z,m,5,M,n,B,W,N,n,3,N,b,L
1,V,B,A,K,M,u,i,4,z,m,5,M,n,B,W,N,n,3,N,b,L
0,0,x,U,4,w,f,e,p,h,k,J,r,j,w,J,P,D,v,f,k,f
0,0,x,U,4,w,f,e,p,h,k,J,r,j,w,J,P,D,v,f,k,f
0,0,x,U,4,w,f,e,p,h,k,J,r,j,w,J,P,D,v,f,k,f
5,p,O,Y,I,s,h,q,4,Z,L,n,V,B,E,u,w,8,s,F,6,f
5,p,O,Y,I,s,h,q,4,Z,L,n,V,B,E,u,w,8,s,F,6,f
5,p,O,Y,I,s,h,q,4,Z,L,n,V,B,E,u,w,8,s,F,6,f
5,p,O,Y,I,s,h,q,4,Z,L,n,V,B,E,u,w,8,s,F,6,f
7,E,L,V,H,a,Q,s,7,k,7,L,m,W,o,z,y,B,J,X,z,M
7,E,L,V,H,a,Q,s,7,k,7,L,m,W,o,z,y,B,J,X,z,M
7,E,L,V,H,a,Q,s,7,k,7,L,m,W,o,z,y,B,J,X,z,M
6,N,d,z,N,r,B,P,8,J,b,h,z,p,6,h,7,y,o,j,h,t
6,N,d,z,N,r,B,P,8,J,b,h,z,p,6,h,7,y,o,j,h,t
1,X,E,r,H,y,c,1,0,V,N,8,b,f,G,K,m,a,1,Y,y,c
1,X,E,r,H,y,c,1,0,V,N,8,b,f,G,K,m,a,1,Y,y,c
3,P,z,q,P,5,I,k,p,L,h,l,S,d,Z,L,h,7,j,w,P,n
3,P,z,q,P,5,I,k,p,L,h,l,S,d,Z,L,h,7,j,w,P,n
3,P,z,q,P,5,I,k,p,L,h,l,S,d,Z,L,h,7,j,w,P,n
3,P,z,q,P,5,I,k,p,L,h,l,S,d,Z,L,h,7,j,w,P,n
2,i,B,8,e,F,B,6,f,l,w,Q,c,u,l,k,U,r,R,s,s,i
2,i,B,8,e,F,B,6,f,l,w,Q,c,u,l,k,U,r,R,s,s,i
3,U,X,7,9,k,b,v,g,A,E,h,C,S,b,A,8,H,V,v,7,W
3,U,X,7,9,k,b,v,g,A,E,h,C,S,b,A,8,H,V,v,7,W
6,V,1,S,w,i,o,s,Q,q,f,5,X,v,m,o,T,M,C,G,a,9
2,2,F,s,m,L,O,3,Z,y,v,g,W,B,y,5,Q,b,f,c,Q,i
2,2,F,s,m,L,O,3,Z,y,v,g,W,B,y,5,Q,b,f,c,Q,i
2,2,F,s,m,L,O,3,Z,y,v,g,W,B,y,5,Q,b,f,c,Q,i
6,T,N,o,o,B,9,H,D,J,9,X,s,1,G,F,P,l,2,F,i,v
6,T,N,o,o,B,9,H,D,J,9,X,s,1,G,F,P,l,2,F,i,v
6,T,N,o,o,B,9,H,D,J,9,X,s,1,G,F,P,l,2,F,i,v
0,q,7,K,O,r,9,9,M,Y,m,w,K,x,i,v,C,h,x,p,S,d
0,q,7,K,O,r,9,9,M,Y,m,w,K,x,i,v,C,h,x,p,S,d
4,U,7,8,s,K,2,D,3,z,A,S,S,B,6,o,S,R,3,8,G,Q
7,K,4,c,e,f,9,h,3,N,v,U,7,X,b,3,B,H,7,A,d,e
7,K,4,c,e,f,9,h,3,N,v,U,7,X,b,3,B,H,7,A,d,e
0,4,m,G,c,r,L,0,9,A,E,K,d,l,G,V,r,j,p,f,1,P
0,4,m,G,c,r,L,0,9,A,E,K,d,l,G,V,r,j,p,f,1,P
0,4,m,G,c,r,L,0,9,A,E,K,d,l,G,V,r,j,p,f,1,P
4,2,g,n,r,s,S,S,K,K,N,N,m,f,A,J,0,o,3,o,y,N
7,y,g,t,j,s,C,T,r,C,Q,Z,A,Y,Y,P,O,n,e,9,u,E
3,5,W,a,R,s,r,L,T,X,o,H,h,L,5,b,9,u,I,3,M,q
3,5,W,a,R,s,r,L,T,X,o,H,h,L,5,b,9,u,I,3,M,q
5,l,X,f,V,o,Q,x,V,g,C,5,f,p,j,k,V,q,v,N,Y,n
5,l,X,f,V,o,Q,x,V,g,C,5,f,p,j,k,V,q,v,N,Y,n
2,6,U,V,9,E,K,I,I,n,W,e,V,0,j,J,y,s,G,Z,u,m
0,s,Y,p,J,0,n,C,C,8,A,l,D,r,Z,F,e,A,A,7,u,b
0,F,4,y,b,I,P,z,w,L,f,T,5,x,z,Z,Q,l,Y,B,X,P
2,x,E,7,T,M,n,s,r,4,h,x,d,Q,W,5,F,3,u,r,t,q
2,x,E,7,T,M,n,s,r,4,h,x,d,Q,W,5,F,3,u,r,t,q
7,9,g,2,S,T,p,P,2,i,V,1,x,f,g,H,u,h,r,h,X,0
7,9,g,2,S,T,p,P,2,i,V,1,x,f,g,H,u,h,r,h,X,0
7,9,g,2,S,T,p,P,2,i,V,1,x,f,g,H,u,h,r,h,X,0
0,4,u,3,f,c,3,7,n,H,F,K,N,7,G,J,T,S,I,w,I,8
0,4,u,3,f,c,3,7,n,H,F,K,N,7,G,J,T,S,I,w,I,8
0,4,u,3,f,c,3,7,n,H,F,K,N,7,G,J,T,S,I,w,I,8
3,j,d,z,c,m,t,w,5,X,O,m,O,k,S,b,2,m,R,D,t,r
3,j,d,z,c,m,t,w,5,X,O,m,O,k,S,b,2,m,R,D,t,r
3,j,d,z,c,m,t,w,5,X,O,m,O,k,S,b,2,m,R,D,t,r
3,j,d,z,c,m,t,w,5,X,O,m,O,k,S,b,2,m,R,D,t,r
6,s,z,S,M,q,K,K,w,k,F,q,J,o,K,3,M,x,K,3,H,k
6,s,z,S,M,q,K,K,w,k,F,q,J,o,K,3,M,x,K,3,H,k
6,s,z,S,M,q,K,K,w,k,F,q,J,o,K,3,M,x,K,3,H,k
6,s,z,S,M,q,K,K,w,k,F,q,J,o,K,3,M,x,K,3,H,k
0,2,Y,L,J,J,n,W,C,7,Y,Q,V,i,x,k,j,E,B,R,n,7
0,2,Y,L,J,J,n,W,C,7,Y,Q,V,i,x,k,j,E,B,R,n,7
0,2,Y,L,J,J,n,W,C,7,Y,Q,V,i,x,k,j,E,B,R,n,7
0,2,Y,L,J,J,n,W,C,7,Y,Q,V,i,x,k,j,E,B,R,n,7
7,d,Z,H,l,3,Z,m,H,2,1,X,p,C,w,v,c,M,l,n,m,l
7,d,Z,H,l,3,Z,m,H,2,1,X,p,C,w,v,c,M,l,n,m,l
7,d,Z,H,l,3,Z,m,H,2,1,X,p,C,w,v,c,M,l,n,m,l
7,d,Z,H,l,3,Z,m,H,2,1,X,p,C,w,v,c,M,l,n,m,l
7,3,a,g,K,i,U,7,x,2,A,t,I,E,H,2,I,A,K,2,i,S
4,X,B,G,2,6,m,g,v,z,G,q,T,0,9,e,o,p,G,4,d,9
4,X,B,G,2,6,m,g,v,z,G,q,T,0,9,e,o,p,G,4,d,9
4,P,j,Y,2,9,6,1,r,c,0,M,H,E,9,z,H,Y,W,E,n,H
4,P,j,Y,2,9,6,1,r,c,0,M,H,E,9,z,H,Y,W,E,n,H
4,P,j,Y,2,9,6,1,r,c,0,M,H,E,9,z,H,Y,W,E,n,H
4,P,j,Y,2,9,6,1,r,c,0,M,H,E,9,z,H,Y,W,E,n,H
0,i,M,F,t,t,J,0,5,H,M,G,T,K,W,R,P,H,l,F,O,F
0,i,M,F,t,t,J,0,5,H,M,G,T,K,W,R,P,H,l,F,O,F
0,i,M,F,t,t,J,0,5,H,M,G,T,K,W,R,P,H,l,F,O,F
5,6,G,N,q,A,F,g,9,w,J,N,T,w,c,H,s,J,h,y,S,2
5,6,G,N,q,A,F,g,9,w,J,N,T,w,c,H,s,J,h,y,S,2
5,6,G,N,q,A,F,g,9,w,J,N,T,w,c,H,s,J,h,y,S,2
5,6,G,N,q,A,F,g,9,w,J,N,T,w,c,H,s,J,h,y,S,2
3,3,c,r,D,R,q,A,N,d,3,N,Q,H,J,a,g,Z,k,Q,7,O
3,3,c,r,D,R,q,A,N,d,3,N,Q,H,J,a,g,Z,k,Q,7,O
3,3,c,r,D,R,q,A,N,d,3,N,Q,H,J,a,g,Z,k,Q,7,O
0,i,l,5,Z,P,3,x,Y,O,E,C,t,O,N,J,t,Z,3,8,L,n
0,i,l,5,Z,P,3,x,Y,O,E,C,t,O,N,J,t,Z,3,8,L,n
2,E,S,i,6,t,l,K,Q,p,A,q,y,m,f,p,c,m,B,m,Y,i
5,a,A,e,7,D,H,d,S,J,g,T,p,B,i,j,a,x,T,U,a,f
4,8,J,t,f,A,g,g,Q,Q,p,f,U,X,Q,N,x,k,G,m,5,U
2,n,Z,1,8,B,9,R,T,j,J,H,5,6,v,2,N,T,n,N,A,I
2,n,Z,1,8,B,9,R,T,j,J,H,5,6,v,2,N,T,n,N,A,I
0,b,D,d,O,B,G,V,C,F,V,t,0,f,8,N,9,l,d,W,1,k
0,b,D,d,O,B,G,V,C,F,V,t,0,f,8,N,9,l,d,W,1,k
6,b,h,2,2,8,L,G,C,3,e,A,z,b,p,l,P,W,V,0,2,r
6,b,h,2,2,8,L,G,C,3,e,A,z,b,p,l,P,W,V,0,2,r
6,b,h,2,2,8,L,G,C,3,e,A,z,b,p,l,P,W,V,0,2,r
7,L,O,m,c,7,g,y,M,V,M,O,W,F,8,q,w,E,d,n,2,X
7,L,O,m,c,7,g,y,M,V,M,O,W,F,8,q,w,E,d,n,2,X
3,S,9,O,W,0,4,Z,f,X,b,Q,U,j,z,G,v,j,A,l,P,Z
2,4,n,U,V,B,I,l,C,G,i,4,t,w,z,4,n,Y,x,J,u,m
2,4,n,U,V,B,I,l,C,G,i,4,t,w,z,4,n,Y,x,J,u,m
3,p,V,u,a,U,i,s,H,m,R,f,V,y,5,3,q,W,w,m,q,l
5,z,k,v,5,D,N,u,5,5,f,R,G,W,G,d,7,H,G,Q,k,a
5,z,k,v,5,D,N,u,5,5,f,R,G,W,G,d,7,H,G,Q,k,a
5,z,k,v,5,D,N,u,5,5,f,R,G,W,G,d,7,H,G,Q,k,a
5,z,k,v,5,D,N,u,5,5,f,R,G,W,G,d,7,H,G,Q,k,a
5,z,k,v,5,D,N,u,5,5,f,R,G,W,G,d,7,H,G,Q,k,a
5,z,k,v,5,D,N,u,5,5,f,R,G,W,G,d,7,H,G,Q,k,a
0,D,n,j,a,Q,q,b,4,3,6,A,H,1,i,d,f,f,I,6,C,Q
7,j,C,H,r,V,G,j,e,H,U,Y,P,2,p,H,v,8,F,O,J,3
7,j,C,H,r,V,G,j,e,H,U,Y,P,2,p,H,v,8,F,O,J,3
7,j,C,H,r,V,G,j,e,H,U,Y,P,2,p,H,v,8,F,O,J,3
0,h,B,Y,S,j,D,j,c,A,a,A,u,S,Z,c,p,N,8,j,k,9
0,h,B,Y,S,j,D,j,c,A,a,A,u,S,Z,c,p,N,8,j,k,9
3,9,E,E,m,U,K,h,v,M,c,V,n,8,i,c,C,y,Q,l,g,5
5,f,W,4,v,A,2,x,S,D,X,w,d,S,o,p,S,V,r,e,r,j
5,f,W,4,v,A,2,x,S,D,X,w,d,S,o,p,S,V,r,e,r,j
5,F,T,p,d,D,U,A,9,c,k,s,s,p,P,W,5,I,x,7,8,g
3,U,V,0,w,V,Q,k,f,t,6,l,K,L,D,G,i,o,q,n,y,O
3,U,V,0,w,V,Q,k,f,t,6,l,K,L,D,G,i,o,q,n,y,O
7,B,u,0,r,4,M,C,D,X,3,s,b,h,c,F,D,5,I,X,y,x
7,B,u,0,r,4,M,C,D,X,3,s,b,h,c,F,D,5,I,X,y,x
0,X,q,F,D,Q,J,j,q,W,5,P,f,h,f,B,C,b,5,3,L,R
0,X,q,F,D,Q,J,j,q,W,5,P,f,h,f,B,C,b,5,3,L,R
0,X,q,F,D,Q,J,j,q,W,5,P,f,h,f,B,C,b,5,3,L,R
0,X,q,F,D,Q,J,j,q,W,5,P,f,h,f,B,C,b,5,3,L,R
0,X,q,F,D,Q,J,j,q,W,5,P,f,h,f,B,C,b,5,3,L,R
0,X,q,F,D,Q,J,j,q,W,5,P,f,h,f,B,C,b,5,3,L,R
0,X,q,F,D,Q,J,j,q,W,5,P,f,h,f,B,C,b,5,3,L,R
0,X,q,F,D,Q,J,j,q,W,5,P,f,h,f,B,C,b,5,3,L,R
0,X,q,F,D,Q,J,j,q,W,5,P,f,h,f,B,C,b,5,3,L,R
6,p,s,C,C,M,H,y,m,Y,f,Q,y,6,V,v,Y,R,r,6,c,s
6,i,W,u,B,N,3,2,B,q,C,J,A,e,X,W,6,o,3,n,i,l
6,i,W,u,B,N,3,2,B,q,C,J,A,e,X,W,6,o,3,n,i,l
4,x,n,M,D,f,g,E,m,X,Z,E,E,D,d,I,T,K,c,G,u,E
4,x,n,M,D,f,g,E,m,X,Z,E,E,D,d,I,T,K,c,G,u,E
4,x,n,M,D,f,g,E,m,X,Z,E,E,D,d,I,T,K,c,G,u,E
4,x,n,M,D,f,g,E,m,X,Z,E,E,D,d,I,T,K,c,G,u,E
4,x,n,M,D,f,g,E,m,X,Z,E,E,D,d,I,T,K,c,G,u,E
4,x,n,M,D,f,g,E,m,X,Z,E,E,D,d,I,T,K,c,G,u,E
4,x,n,M,D,f,g,E,m,X,Z,E,E,D,d,I,T,K,c,G,u,E
6,O,T,r,0,Y,w,L,w,G,d,v,7,m,l,m,X,2,7,h,R,X
7,z,y,O,b,V,a,g,8,r,U,j,I,t,n,7,1,S,k,I,r,h
7,z,y,O,b,V,a,g,8,r,U,j,I,t,n,7,1,S,k,I,r,h
6,c,9,m,r,V,7,2,I,O,e,J,5,i,m,C,U,K,2,8,1,g
3,S,4,d,3,Y,R,N,G,g,2,O,h,n,N,m,3,Q,v,f,h,A
3,S,4,d,3,Y,R,N,G,g,2,O,h,n,N,m,3,Q,v,f,h,A
3,S,4,d,3,Y,R,N,G,g,2,O,h,n,N,m,3,Q,v,f,h,A
4,m,Q,x,v,r,t,Y,2,M,b,D,u,U,X,A,h,M,g,5,p,p
1,q,A,O,s,Y,7,j,v,9,G,F,T,v,4,H,o,V,o,f,5,P
1,q,A,O,s,Y,7,j,v,9,G,F,T,v,4,H,o,V,o,f,5,P
0,t,b,e,Z,u,9,l,v,8,Y,E,K,S,Q,9,t,Z,S,s,l,u
0,t,b,e,Z,u,9,l,v,8,Y,E,K,S,Q,9,t,Z,S,s,l,u
0,t,b,e,Z,u,9,l,v,8,Y,E,K,S,Q,9,t,Z,S,s,l,u
0,t,b,e,Z,u,9,l,v,8,Y,E,K,S,Q,9,t,Z,S,s,l,u
0,t,b,e,Z,u,9,l,v,8,Y,E,K,S,Q,9,t,Z,S,s,l,u
0,t,b,e,Z,u,9,l,v,8,Y,E,K,S,Q,9,t,Z,S,s,l,u
0,t,b,e,Z,u,9,l,v,8,Y,E,K,S,Q,9,t,Z,S,s,l,u
4,U,h,i,M,I,d,x,K,q,Q,x,m,z,d,E,9,n,Y,e,6,O
4,U,h,i,M,I,d,x,K,q,Q,x,m,z,d,E,9,n,Y,e,6,O
4,U,h,i,M,I,d,x,K,q,Q,x,m,z,d,E,9,n,Y,e,6,O
6,l,H,O,1,e,G,t,h,N,n,o,s,9,K,P,2,B,H,0,c,G
6,l,H,O,1,e,G,t,h,N,n,o,s,9,K,P,2,B,H,0,c,G
5,a,5,v,u,4,R,z,s,A,H,d,K,N,0,a,Y,y,b,l,Z,8
5,a,5,v,u,4,R,z,s,A,H,d,K,N,0,a,Y,y,b,l,Z,8
5,a,5,v,u,4,R,z,s,A,H,d,K,N,0,a,Y,y,b,l,Z,8
4,D,E,I,t,w,f,2,8,1,S,H,m,T,n,S,8,q,3,M,n,9
4,D,E,I,t,w,f,2,8,1,S,H,m,T,n,S,8,q,3,M,n,9
4,D,E,I,t,w,f,2,8,1,S,H,m,T,n,S,8,q,3,M,n,9
0,A,w,q,m,7,G,X,G,i,B,p,8,f,J,N,G,v,y,w,r,a
0,A,w,q,m,7,G,X,G,i,B,p,8,f,J,N,G,v,y,w,r,a
3,n,1,6,E,A,n,J,t,z,6,S,Z,G,x,2,z,J,s,s,r,I
3,n,1,6,E,A,n,J,t,z,6,S,Z,G,x,2,z,J,s,s,r,I
3,n,1,6,E,A,n,J,t,z,6,S,Z,G,x,2,z,J,s,s,r,I
3,n,1,6,E,A,n,J,t,z,6,S,Z,G,x,2,z,J,s,s,r,I
5,A,h,K,8,g,D,g,O,Z,T,7,l,E,1,U,l,b,y,F,1,c
5,A,h,K,8,g,D,g,O,Z,T,7,l,E,1,U,l,b,y,F,1,c
2,R,V,v,q,R,B,o,n,9,N,g,a,G,X,K,f,y,w,D,S,s
2,R,V,v,q,R,B,o,n,9,N,g,a,G,X,K,f,y,w,D,S,s
2,R,V,v,q,R,B,o,n,9,N,g,a,G,X,K,f,y,w,D,S,s
2,R,V,v,q,R,B,o,n,9,N,g,a,G,X,K,f,y,w,D,S,s
3,C,V,Y,S,p,M,7,n,f,H,F,G,5,q,C,T,W,7,H,t,9
3,C,V,Y,S,p,M,7,n,f,H,F,G,5,q,C,T,W,7,H,t,9
1,N,R,r,t,M,v,T,3,o,1,T,I,6,I,8,X,C,u,w,e,q
1,N,R,r,t,M,v,T,3,o,1,T,I,6,I,8,X,C,u,w,e,q
1,N,R,r,t,M,v,T,3,o,1,T,I,6,I,8,X,C,u,w,e,q
2,s,d,5,k,8,N,8,c,A,O,m,6,Q,8,O,C,c,e,P,w,4
2,s,d,5,k,8,N,8,c,A,O,m,6,Q,8,O,C,c,e,P,w,4
2,s,d,5,k,8,N,8,c,A,O,m,6,Q,8,O,C,c,e,P,w,4
1,I,D,u,S,p,n,t,F,l,2,M,u,t,o,f,v,r,r,u,t,c
1,I,D,u,S,p,n,t,F,l,2,M,u,t,o,f,v,r,r,u,t,c
4,n,9,z,9,c,z,t,0,0,g,z,w,3,6,h,d,o,V,U,3,G
4,n,9,z,9,c,z,t,0,0,g,z,w,3,6,h,d,o,V,U,3,G
3,v,9,w,P,A,5,8,I,V,r,X,2,d,g,6,A,j,S,P,g,i
3,v,9,w,P,A,5,8,I,V,r,X,2,d,g,6,A,j,S,P,g,i
3,v,9,w,P,A,5,8,I,V,r,X,2,d,g,6,A,j,S,P,g,i
3,v,9,w,P,A,5,8,I,V,r,X,2,d,g,6,A,j,S,P,g,i
3,v,9,w,P,A,5,8,I,V,r,X,2,d,g,6,A,j,S,P,g,i
3,v,9,w,P,A,5,8,I,V,r,X,2,d,g,6,A,j,S,P,g,i
3,v,9,w,P,A,5,8,I,V,r,X,2,d,g,6,A,j,S,P,g,i
4,L,Z,4,D,e,2,M,o,O,3,l,P,6,Q,a,N,C,f,v,c,u
4,L,Z,4,D,e,2,M,o,O,3,l,P,6,Q,a,N,C,f,v,c,u
4,L,Z,4,D,e,2,M,o,O,3,l,P,6,Q,a,N,C,f,v,c,u
4,L,Z,4,D,e,2,M,o,O,3,l,P,6,Q,a,N,C,f,v,c,u
4,L,Z,4,D,e,2,M,o,O,3,l,P,6,Q,a,N,C,f,v,c,u
4,L,Z,4,D,e,2,M,o,O,3,l,P,6,Q,a,N,C,f,v,c,u
4,L,Z,4,D,e,2,M,o,O,3,l,P,6,Q,a,N,C,f,v,c,u
4,L,Z,4,D,e,2,M,o,O,3,l,P,6,Q,a,N,C,f,v,c,u
5,6,P,y,K,V,a,h,t,x,1,9,m,6,7,2,Q,y,Z,T,G,0
6,l,8,R,Q,c,F,x,G,3,A,7,S,R,Q,P,5,9,5,I,B,H
0,O,E,6,5,q,j,I,K,H,q,S,y,U,7,Y,W,p,O,Q,r,v
4,w,k,h,N,u,r,L,n,1,5,n,v,n,O,h,3,O,8,y,C,V
4,w,k,h,N,u,r,L,n,1,5,n,v,n,O,h,3,O,8,y,C,V
7,i,j,C,l,B,w,d,S,s,g,V,n,4,Y,i,F,X,O,5,w,8
7,i,j,C,l,B,w,d,S,s,g,V,n,4,Y,i,F,X,O,5,w,8
3,7,S,0,G,F,s,B,W,7,3,u,q,x,G,X,N,F,e,A,D,J
5,7,F,U,7,z,h,1,o,X,d,Q,M,T,4,X,h,j,S,s,H,L
0,1,u,3,q,I,3,x,M,G,F,v,k,t,X,y,R,S,M,G,R,Z
0,1,u,3,q,I,3,x,M,G,F,v,k,t,X,y,R,S,M,G,R,Z
0,1,u,3,q,I,3,x,M,G,F,v,k,t,X,y,R,S,M,G,R,Z
7,p,S,H,4,s,O,2,l,X,A,x,F,K,F,6,M,k,w,O,R,v
7,p,S,H,4,s,O,2,l,X,A,x,F,K,F,6,M,k,w,O,R,v
7,p,S,H,4,s,O,2,l,X,A,x,F,K,F,6,M,k,w,O,R,v
6,c,M,R,D,B,C,H,M,Y,j,y,C,H,2,D,0,s,6,u,z,r
6,c,M,R,D,B,C,H,M,Y,j,y,C,H,2,D,0,s,6,u,z,r
6,c,M,R,D,B,C,H,M,Y,j,y,C,H,2,D,0,s,6,u,z,r
6,c,M,R,D,B,C,H,M,Y,j,y,C,H,2,D,0,s,6,u,z,r
7,y,3,H,n,W,C,F,E,v,W,j,4,K,M,9,G,F,S,k,i,X
7,y,3,H,n,W,C,F,E,v,W,j,4,K,M,9,G,F,S,k,i,X
7,y,3,H,n,W,C,F,E,v,W,j,4,K,M,9,G,F,S,k,i,X
7,y,3,H,n,W,C,F,E,v,W,j,4,K,M,9,G,F,S,k,i,X
3,w,8,f,d,v,g,P,p,2,a,K,g,y,1,2,5,E,B,g,V,g
3,w,8,f,d,v,g,P,p,2,a,K,g,y,1,2,5,E,B,g,V,g
3,w,8,f,d,v,g,P,p,2,a,K,g,y,1,2,5,E,B,g,V,g
5,P,N,c,q,s,6,E,t,D,6,g,S,X,g,U,i,i,J,I,U,U
5,P,N,c,q,s,6,E,t,D,6,g,S,X,g,U,i,i,J,I,U,U
6,d,h,f,y,4,B,y,A,R,P,J,d,P,t,M,y,r,U,Y,J,K
6,d,h,f,y,4,B,y,A,R,P,J,d,P,t,M,y,r,U,Y,J,K
0,p,W,R,7,T,s,F,h,v,S,C,n,b,m,H,D,j,W,g,r,E
2,J,l,V,3,v,R,0,7,H,G,e,6,j,o,O,P,z,t,y,u,z
7,d,8,6,E,R,l,v,O,5,U,G,4,4,j,7,V,a,0,Y,0,C
7,d,8,6,E,R,l,v,O,5,U,G,4,4,j,7,V,a,0,Y,0,C
1,3,l,F,K,n,H,7,s,S,9,T,3,5,u,P,Q,m,x,a,O,s
1,3,l,F,K,n,H,7,s,S,9,T,3,5,u,P,Q,m,x,a,O,s
5,A,U,K,3,K,L,r,q,d,H,p,c,s,R,o,w,J,V,J,I,n
5,B,4,k,C,O,h,c,q,T,y,w,B,9,Y,w,X,P,f,F,t,J
6,T,D,M,b,i,Q,C,W,e,M,C,l,s,M,r,9,O,R,L,R,K
7,I,N,J,X,F,D,y,M,o,y,q,q,p,9,1,q,0,F,W,q,h
4,u,1,n,Y,x,j,l,1,3,2,D,6,r,c,M,e,Y,Q,6,Z,z
4,u,1,n,Y,x,j,l,1,3,2,D,6,r,c,M,e,Y,Q,6,Z,z
6,Y,6,4,E,a,N,q,p,q,c,Z,Y,T,g,s,4,c,7,6,g,F
5,J,F,3,H,M,N,u,d,S,K,q,J,D,k,g,C,O,z,U,L,V
4,k,I,w,E,T,c,b,p,u,F,g,R,u,k,E,8,o,7,O,p,x
4,k,I,w,E,T,c,b,p,u,F,g,R,u,k,E,8,o,7,O,p,x
4,b,1,9,v,u,z,l,D,c,N,d,U,4,q,u,I,7,L,6,s,W
4,b,1,9,v,u,z,l,D,c,N,d,U,4,q,u,I,7,L,6,s,W
0,L,K,6,7,T,f,g,E,1,O,9,G,r,B,X,J,9,K,L,U,e
6,M,o,d,s,W,t,B,p,h,2,r,E,6,z,C,T,V,x,v,Z,t
6,M,o,d,s,W,t,B,p,h,2,r,E,6,z,C,T,V,x,v,Z,t
3,7,a,w,A,8,D,F,C,A,n,C,C,L,7,a,q,Y,b,D,n,D
3,7,a,w,A,8,D,F,C,A,n,C,C,L,7,a,q,Y,b,D,n,D
3,7,a,w,A,8,D,F,C,A,n,C,C,L,7,a,q,Y,b,D,n,D
3,7,a,w,A,8,D,F,C,A,n,C,C,L,7,a,q,Y,b,D,n,D
3,7,a,w,A,8,D,F,C,A,n,C,C,L,7,a,q,Y,b,D,n,D
3,7,a,w,A,8,D,F,C,A,n,C,C,L,7,a,q,Y,b,D,n,D
4,H,H,d,j,v,d,n,3,0,k,o,o,5,4,z,Q,6,Q,e,F,5
4,H,H,d,j,v,d,n,3,0,k,o,o,5,4,z,Q,6,Q,e,F,5
4,Z,f,T,p,x,w,H,w,t,o,t,9,P,s,5,9,b,X,A,F,8
4,Z,f,T,p,x,w,H,w,t,o,t,9,P,s,5,9,b,X,A,F,8
4,Z,f,T,p,x,w,H,w,t,o,t,9,P,s,5,9,b,X,A,F,8
2,s,n,m,3,H,m,s,n,D,U,D,x,b,I,C,h,d,l,2,O,j
2,s,n,m,3,H,m,s,n,D,U,D,x,b,I,C,h,d,l,2,O,j
3,w,R,G,r,9,z,5,I,5,x,m,m,V,c,2,1,f,I,v,C,6
3,w,R,G,r,9,z,5,I,5,x,m,m,V,c,2,1,f,I,v,C,6
3,w,R,G,r,9,z,5,I,5,x,m,m,V,c,2,1,f,I,v,C,6
3,w,R,G,r,9,z,5,I,5,x,m,m,V,c,2,1,f,I,v,C,6
4,o,g,w,G,U,9,V,P,W,r,n,V,B,s,1,G,E,w,Z,V,V
2,e,H,Z,1,V,n,s,5,9,7,2,f,Z,N,d,h,n,j,o,p,G
3,h,a,V,J,x,9,T,U,c,u,f,Y,l,1,r,P,y,H,0,i,v
3,h,a,V,J,x,9,T,U,c,u,f,Y,l,1,r,P,y,H,0,i,v
1,D,9,X,Q,X,q,h,4,Y,Q,f,J,w,X,7,h,y,L,W,w,r
1,D,9,X,Q,X,q,h,4,Y,Q,f,J,w,X,7,h,y,L,W,w,r
1,9,N,q,4,o,C,J,m,R,e,9,p,x,c,C,f,x,R,g,U,7
4,E,0,m,D,f,3,4,1,T,L,V,i,B,b,N,e,f,S,r,s,K
4,E,0,m,D,f,3,4,1,T,L,V,i,B,b,N,e,f,S,r,s,K
6,o,X,4,t,x,0,5,5,o,E,F,Y,M,3,a,h,D,T,y,O,D
2,r,U,O,B,A,m,e,K,c,p,f,m,d,8,3,c,I,j,5,A,u
2,r,U,O,B,A,m,e,K,c,p,f,m,d,8,3,c,I,j,5,A,u
2,r,U,O,B,A,m,e,K,c,p,f,m,d,8,3,c,I,j,5,A,u
2,r,U,O,B,A,m,e,K,c,p,f,m,d,8,3,c,I,j,5,A,u
1,x,V,D,6,w,h,r,U,w,A,8,j,e,B,k,F,s,h,v,F,A
1,x,V,D,6,w,h,r,U,w,A,8,j,e,B,k,F,s,h,v,F,A
3,X,F,P,s,y,S,K,5,X,l,f,m,c,x,J,G,W,c,y,W,n
3,X,F,P,s,y,S,K,5,X,l,f,m,c,x,J,G,W,c,y,W,n
3,4,u,G,M,E,R,n,U,9,X,H,n,m,Q,D,n,K,0,3,G,j
3,4,u,G,M,E,R,n,U,9,X,H,n,m,Q,D,n,K,0,3,G,j
3,4,u,G,M,E,R,n,U,9,X,H,n,m,Q,D,n,K,0,3,G,j
4,M,M,Q,m,z,Y,i,U,i,u,D,8,V,w,j,r,J,u,3,v,6
4,M,M,Q,m,z,Y,i,U,i,u,D,8,V,w,j,r,J,u,3,v,6
4,M,M,Q,m,z,Y,i,U,i,u,D,8,V,w,j,r,J,u,3,v,6
2,B,F,d,L,t,G,6,i,v,a,i,R,q,P,F,T,g,V,1,i,n
2,B,F,d,L,t,G,6,i,v,a,i,R,q,P,F,T,g,V,1,i,n
2,B,F,d,L,t,G,6,i,v,a,i,R,q,P,F,T,g,V,1,i,n
0,T,A,5,Z,S,9,y,O,7,M,0,r,p,O,X,P,O,O,o,e,P
0,0,P,L,V,q,Z,4,o,a,O,m,b,I,4,l,a,c,L,U,B,O
7,u,z,B,K,h,Y,b,C,K,B,s,5,3,k,D,r,O,4,S,u,c
6,w,b,E,g,V,l,G,q,W,b,4,I,9,t,b,M,l,u,u,5,Q
6,w,b,E,g,V,l,G,q,W,b,4,I,9,t,b,M,l,u,u,5,Q
1,g,R,r,6,m,o,o,f,5,0,L,1,b,7,X,s,b,C,l,v,I
1,g,R,r,6,m,o,o,f,5,0,L,1,b,7,X,s,b,C,l,v,I
1,g,R,r,6,m,o,o,f,5,0,L,1,b,7,X,s,b,C,l,v,I
2,N,7,2,b,J,8,I,Y,B,4,K,Z,m,K,m,x,z,5,X,k,k
2,N,7,2,b,J,8,I,Y,B,4,K,Z,m,K,m,x,z,5,X,k,k
2,N,7,2,b,J,8,I,Y,B,4,K,Z,m,K,m,x,z,5,X,k,k
7,8,C,l,4,O,G,r,W,U,N,L,r,m,4,Q,Z,K,E,K,k,g
7,8,C,l,4,O,G,r,W,U,N,L,r,m,4,Q,Z,K,E,K,k,g
7,H,f,z,P,K,h,D,G,O,Q,M,V,T,b,R,r,D,Y,8,T,e
7,L,d,Z,w,t,n,h,f,B,1,G,o,C,9,S,E,9,t,v,y,b
7,L,d,Z,w,t,n,h,f,B,1,G,o,C,9,S,E,9,t,v,y,b
1,f,1,D,j,t,Y,g,H,6,y,B,z,B,S,i,G,t,e,B,J,l
1,f,1,D,j,t,Y,g,H,6,y,B,z,B,S,i,G,t,e,B,J,l
1,f,1,D,j,t,Y,g,H,6,y,B,z,B,S,i,G,t,e,B,J,l
4,h,B,C,D,H,U,W,T,l,j,P,6,B,D,l,5,A,e,k,g,W
3,b,A,F,v,R,j,P,Z,r,p,R,z,9,O,x,1,s,E,l,Q,a
3,b,A,F,v,R,j,P,Z,r,p,R,z,9,O,x,1,s,E,l,Q,a
3,b,A,F,v,R,j,P,Z,r,p,R,z,9,O,x,1,s,E,l,Q,a
7,D,k,s,e,L,y,O,Z,r,d,R,j,C,u,o,W,F,t,q,F,i
7,D,k,s,e,L,y,O,Z,r,d,R,j,C,u,o,W,F,t,q,F,i
7,D,k,s,e,L,y,O,Z,r,d,R,j,C,u,o,W,F,t,q,F,i
7,D,k,s,e,L,y,O,Z,r,d,R,j,C,u,o,W,F,t,q,F,i
0,j,e,Y,k,q,w,c,k,G,J,o,H,Q,h,h,X,w,g,z,k,3
0,j,e,Y,k,q,w,c,k,G,J,o,H,Q,h,h,X,w,g,z,k,3
0,L,n,h,Y,2,f,z,p,t,b,0,Q,E,s,5,Q,5,g,M,7,S
0,L,n,h,Y,2,f,z,p,t,b,0,Q,E,s,5,Q,5,g,M,7,S
2,C,C,g,b,0,K,A,p,j,f,Q,D,u,T,p,p,o,v,p,f,8
2,C,C,g,b,0,K,A,p,j,f,Q,D,u,T,p,p,o,v,p,f,8
2,C,C,g,b,0,K,A,p,j,f,Q,D,u,T,p,p,o,v,p,f,8
2,C,C,g,b,0,K,A,p,j,f,Q,D,u,T,p,p,o,v,p,f,8
2,a,y,N,S,o,K,P,C,R,A,f,j,p,6,h,Q,7,6,h,R,u
2,a,y,N,S,o,K,P,C,R,A,f,j,p,6,h,Q,7,6,h,R,u
2,a,y,N,S,o,K,P,C,R,A,f,j,p,6,h,Q,7,6,h,R,u
2,a,y,N,S,o,K,P,C,R,A,f,j,p,6,h,Q,7,6,h,R,u
2,a,y,N,S,o,K,P,C,R,A,f,j,p,6,h,Q,7,6,h,R,u
3,m,5,q,l,P,f,2,O,k,i,h,L,z,3,d,R,Y,n,k,P,A
3,m,5,q,l,P,f,2,O,k,i,h,L,z,3,d,R,Y,n,k,P,A
3,m,5,q,l,P,f,2,O,k,i,h,L,z,3,d,R,Y,n,k,P,A
5,Y,C,c,6,x,S,5,G,p,j,3,E,k,a,Y,G,d,j,y,N,K
5,Y,C,c,6,x,S,5,G,p,j,3,E,k,a,Y,G,d,j,y,N,K
1,v,q,R,1,7,I,v,8,V,F,d,z,u,r,e,1,T,A,X,E,q
1,v,q,R,1,7,I,v,8,V,F,d,z,u,r,e,1,T,A,X,E,q
1,v,q,R,1,7,I,v,8,V,F,d,z,u,r,e,1,T,A,X,E,q
1,v,q,R,1,7,I,v,8,V,F,d,z,u,r,e,1,T,A,X,E,q
5,V,a,d,K,1,h,a,v,L,h,K,1,O,p,K,Y,s,X,v,9,y
5,V,a,d,K,1,h,a,v,L,h,K,1,O,p,K,Y,s,X,v,9,y
6,E,P,l,B,S,H,2,R,S,i,e,t,t,c,z,l,z,7,i,h,V
6,E,P,l,B,S,H,2,R,S,i,e,t,t,c,z,l,z,7,i,h,V
5,Y,3,M,V,9,D,Z,0,d,8,7,N,n,V,m,5,6,q,S,Y,1
5,Y,3,M,V,9,D,Z,0,d,8,7,N,n,V,m,5,6,q,S,Y,1
6,c,u,Y,N,8,a,Z,L,Q,1,Z,S,K,k,J,J,w,i,2,e,Y
0,S,6,3,s,O,a,s,T,L,d,g,P,X,I,y,c,s,C,s,M,X
4,u,g,3,P,1,K,8,B,a,C,d,J,X,R,O,r,q,H,q,h,u
4,u,g,3,P,1,K,8,B,a,C,d,J,X,R,O,r,q,H,q,h,u
4,u,g,3,P,1,K,8,B,a,C,d,J,X,R,O,r,q,H,q,h,u
4,u,g,3,P,1,K,8,B,a,C,d,J,X,R,O,r,q,H,q,h,u
4,u,g,3,P,1,K,8,B,a,C,d,J,X,R,O,r,q,H,q,h,u
1,i,8,g,G,j,D,z,v,2,F,N,o,y,6,d,H,c,r,2,5,K
1,i,8,g,G,j,D,z,v,2,F,N,o,y,6,d,H,c,r,2,5,K
1,i,8,g,G,j,D,z,v,2,F,N,o,y,6,d,H,c,r,2,5,K
1,i,8,g,G,j,D,z,v,2,F,N,o,y,6,d,H,c,r,2,5,K
3,j,j,J,2,3,j,P,D,U,k,9,X,n,U,R,W,Z,m,W,K,4
5,T,m,W,0,c,F,V,E,Y,E,b,y,p,g,T,d,S,N,N,D,n
6,M,W,r,1,S,m,T,a,C,U,5,B,J,z,O,Z,x,w,J,E,w
3,x,t,Q,Q,s,J,v,I,j,K,c,y,a,L,T,4,u,M,s,W,z
3,8,9,8,x,e,s,z,6,J,u,Q,k,p,z,7,K,i,u,4,u,M
3,8,9,8,x,e,s,z,6,J,u,Q,k,p,z,7,K,i,u,4,u,M
4,6,c,V,q,2,d,w,P,g,z,P,E,3,X,1,V,R,9,T,M,j
4,6,c,V,q,2,d,w,P,g,z,P,E,3,X,1,V,R,9,T,M,j
4,6,c,V,q,2,d,w,P,g,z,P,E,3,X,1,V,R,9,T,M,j
1,V,2,s,J,v,N,l,P,Q,Y,S,O,4,K,f,6,G,C,3,i,f
0,s,s,x,5,s,Z,Q,z,c,1,n,Z,Z,F,2,K,s,8,q,X,Z
0,s,s,x,5,s,Z,Q,z,c,1,n,Z,Z,F,2,K,s,8,q,X,Z
0,s,s,x,5,s,Z,Q,z,c,1,n,Z,Z,F,2,K,s,8,q,X,Z
0,s,s,x,5,s,Z,Q,z,c,1,n,Z,Z,F,2,K,s,8,q,X,Z
0,s,s,x,5,s,Z,Q,z,c,1,n,Z,Z,F,2,K,s,8,q,X,Z
4,F,6,1,H,4,l,x,1,j,s,4,w,t,W,f,b,2,R,f,n,t
2,I,V,v,Z,I,e,3,P,9,B,M,u,C,I,6,h,4,8,B,j,g
2,I,V,v,Z,I,e,3,P,9,B,M,u,C,I,6,h,4,8,B,j,g
2,I,V,v,Z,I,e,3,P,9,B,M,u,C,I,6,h,4,8,B,j,g
7,w,L,y,G,T,O,9,v,U,S,7,n,d,l,q,4,B,v,B,G,e
7,w,L,y,G,T,O,9,v,U,S,7,n,d,l,q,4,B,v,B,G,e
7,w,L,y,G,T,O,9,v,U,S,7,n,d,l,q,4,B,v,B,G,e
7,w,L,y,G,T,O,9,v,U,S,7,n,d,l,q,4,B,v,B,G,e
7,w,L,y,G,T,O,9,v,U,S,7,n,d,l,q,4,B,v,B,G,e
7,w,L,y,G,T,O,9,v,U,S,7,n,d,l,q,4,B,v,B,G,e
0,x,D,6,n,0,w,j,7,a,q,V,5,g,5,L,c,R,N,B,U,d
1,o,H,P,S,e,Q,J,B,w,N,m,p,q,0,J,5,2,W,j,n,1
1,o,H,P,S,e,Q,J,B,w,N,m,p,q,0,J,5,2,W,j,n,1
6,w,9,T,o,X,5,s,l,Z,4,u,I,d,m,D,1,7,h,J,3,c
6,w,9,T,o,X,5,s,l,Z,4,u,I,d,m,D,1,7,h,J,3,c
6,w,9,T,o,X,5,s,l,Z,4,u,I,d,m,D,1,7,h,J,3,c
6,w,9,T,o,X,5,s,l,Z,4,u,I,d,m,D,1,7,h,J,3,c
6,S,X,T,T,U,J,x,I,V,w,M,b,c,1,P,O,r,v,i,T,r
7,A,D,R,m,1,o,T,7,V,m,h,R,R,Z,r,Z,q,y,c,V,6
7,A,D,R,m,1,o,T,7,V,m,h,R,R,Z,r,Z,q,y,c,V,6
7,A,D,R,m,1,o,T,7,V,m,h,R,R,Z,r,Z,q,y,c,V,6
7,A,D,R,m,1,o,T,7,V,m,h,R,R,Z,r,Z,q,y,c,V,6
5,l,8,W,y,v,J,5,0,f,d,S,g,h,K,2,y,S,N,q,1,y
5,l,8,W,y,v,J,5,0,f,d,S,g,h,K,2,y,S,N,q,1,y
5,l,8,W,y,v,J,5,0,f,d,S,g,h,K,2,y,S,N,q,1,y
6,W,S,T,e,v,Y,t,4,r,G,w,m,8,Q,P,K,Q,r,7,d,U
7,J,b,6,G,R,4,P,I,x,H,S,k,D,J,K,8,M,W,u,V,g
