album id, [track ids]
4jP1j4XYEliZhWpVkENsYn,[0gIlYkjoPtbhnlcu6Uille,5E4rvctVs83kp813nWDmBb,72aciq7fwpz223mIET8WVK,23tvUbGyv6AohKdjC8Pv6X,1D203CHblHSMH1foZoTvtt,3J8CouOdhiwoMP3ZjnDIfJ]
2Eg4ILMMJQYnOA0gZWTlSf,[5pFWsNa92Q80qiqA18bDH1,4u5AgS9gLOPy69YxTQuPz2,3p8x3Qw80IRpwiFroBoS5w,2VIplfYTE7gKjBApL7KJcz,1ZLaVzz2m1UpOCsas1MyVO,7GeLPTaldJ5FY3svtCpGMy,1aErvL4NPBGkoiSCt4Q5Ov,4QwDfdbahBjOvORJvWme5L]
4ksodTRxbsjqJUHuzwhuEx,[7wJKIZqHo5j4HTHGEV1dwD,6J52fiQgblkpuGYXOM6emg,4oVOYSyTPa4UHoCzX4PvRU,2eO5aJfzhnnlJu9mzIwmqP,7n0DwZHUwEcgmoR3TR6udu,6CiJcv5GRd77zhEFrJL7sC,6b7ngbl0mplzMQWq5JGmWW]
7cGig0KJGIk4HaI7qFynsF,[7ndhEXRGnCy4SfjXoIGxhO,7ERnX7PlPkvjYHscLtxWnC,3IsUjsMz4zR3fkeVb5GzDF,0gORDsfdYgqbFgqKySA1kk,3cIj3Z8d1D9etuzvn6dDa6,053A7POX3Bl4wjc6Uw8pGM,5jdAamahM8f2UsdP48Rl1d,5NxcZjCZCvixZFL1clwJeL,2ZFuQEHeX6K57PRM8MghzE]
6wAlPhxbUg8hgHFurCcF1K,[5TnBg5riqZeqkB8MmCjGdG,5Y8zCwS6JZwyIs5BcS6GHp,330IIDwVqsgo1o2IpxySJQ,7m7hb2cIhP2EtoeU30syr5,2MsGz9xj5zqUpsLr4AxfVa,3CvOGAWjyGEVUNgczHdJPw,5s60zLXVnBYVvkt2uyKrim,1KsxBu18uPczeDfDrs1by0,3SZExEIZWPNdqjycUQUpxE,3EervHwIAJv2d50LlHcWqt]
0C6RgcPPKO6LWs4xQUY7xu,[2XOe28s6xDk79Wjjbn6l94]
7zCbzgOthL1ldcRd19nFZw,[6GJiwnmYmHIAvUqTYUC5PP]
2ZjCBtBoLBlVEo8KDS7d6h,[2PiGWfo9iR19wEfVT48Ch8]
6mbFOxeExykR6XJLE617mk,[4xt9T7bqLoLHuHpdVAJdVd]
01aFOxHDsK8TWmgGNf1PSO,[5e0sqZrtakU2phj6IFxf79]
33LJD3Y5WFHPxL4FBz8b5a,[3oSMFql50Nh0o6FP8jyNJD]
3TiJ46OZ7npOL5wZlOxFmt,[6pajNG78Go4BROxBkcCZjY,4AomcQTfsMFGupO6YkQwGI,7Ee2RqEQA2kVWqYTCKmw2R,6XgkW8nFroeCRPWDjSUwD0]
34599fFTU00YFJRNvmkWV7,[4TUqnNZjCQov5hby2kMb0h]
3gW0uoy9Z8bg4d8sFGkNnH,[504zh5CuTqEjUqUVmKOQSu]
3UbewUayttmgHjqozwnhXy,[7zUHUnmT5anzdmGR81hTsF]
4K9TjBPl9DPwQJjIPOhZqd,[3MX7xMOT702fxDVHgkKZyf]
59PUQpaFnQXHsiiCwBo1Lq,[3kYuvX1LJyhrLnGrnqjuk1]
5yW6REmFIbfHFw7MSi7ASu,[6bxGEu42gL59YSjttMsVWP]
5Ej6pXP4hIEcoaInvNX1GR,[6QYsgGtqSZwaBg8EF2hOar]
6RQyrt77IyNPkC4uf2q3pJ,[5qzEfuYe2QUkGfsgwwAPMr]
4aCQMlYAVfDjLTEltthw7Q,[2P0VhPYQ0qVHVLjSgGOy8S]
3mtAzIKneriRoVGsCMEl7e,[3gEmq6kNmc7pBSYztOKrQ9]
1peK58VRNIIzksdSlZVCBj,[3eaNh313EVtEOh4dmHOqrA]
6BPEfuC5n68gOOouH63Vm1,[3p7u8IpaXjpYh5Ia1JWZzq]
7kAQb0m8UWLvalC8027QKw,[7JoK4bmR921wD5oGhR3EFR]
4Co1EPpedqhZ4lzPkoqyIX,[3Q0zcVPjmXnbXbuaBQz5dZ]
6Gkk462pZAuBQRHs14R2Pv,[0bK05csARUKEO11bHlPxdN]
3W9t0LFgP71nsjZKY7Q35R,[6IAuizQBhFQod2J6xZfG6r]
4m0jFFYiIcqVFJ4kW1NLpr,[0Sr9GDuE6QECPOmew8PeY9]
2a7G4hLUBoE9vnPOBeyb4C,[3qWI4prgSotUOGR4BfOreW]
6xFnwOS1cCGEBSW59rBj9V,[1dRsExIoQoN2o6Z4dacnA6,2f9GDgdLalo0SiLAcZjd6W,6AaCucnwSq5MPWONyzIQOp,3waAnA71HlzChLkHFBvCwx]
7EkpUNwxBmcm9TU8AFVWhw,[59iwbETATXiOmv7sO9Wijk]
7hLLmo9I4I4c1HKdohUSpX,[2WYZ8o0m2gFYbpz80Uwxrz]
6utJVQuw5gpKHo0JVpz1dR,[2albVVYhSUPVpIvDX88VZ6]
4fzoipnaNiLzf8zyfDCGxm,[4K9oM0YD2QmLZLzxisys4T]
2HnMgrPrnUShfUDiSgb4WQ,[2qEX9bZyD22lQUIfvWTYQg]
14c1dTiZqB6AhCuIdYSvS4,[55ROsyopqaRITTCvgAnuUJ]
2Tenm3VQAm1NDMhDDGUg32,[6eOiwwAyV2EKUkASvolBrA]
6YmmmdUFRhDNTikXTT7Mz3,[1GxudaQSluNlpkPPPPnbnt]
6sWJ0v8N5eDHfLKBnVKaKR,[40VyWIsnMWr0wokSMfYPZH]
7shAasLUc9cFkpxUc9U8NW,[1daGWnRkmbWzf37jnGZmt4,66Wxom4j35SdaX5q4czOnM,7xHsG1m0LJnMa1GcG826Ue,1GzhffquVF9KjevW0hTJzT,7kYAqAWfGBTytKhnqIthYr,508CVMTQimflTa1aq6zn50,5ciu9ol7Tpap2lLitw5EHW,0NmIi08d05F0ziGm3wqMaG,0lCSkTRlR1ScZYA4xxpkEz,3OtXncWlxxVGpnrEo6nHsd,1pAAv78u2wITjJhzysMy8p,3f63N045WxQhGm8MmEzDYp,4kRREB2m1xvj3Mbq6xkI6g,0XqSwEIWri8kF7Rceu71Bw,3PogAN4qxDBl5qX5XTEGfK,48ZxYSt7WfaLfnpu0wgjHW]
73chBzty2A658sLKCYy54h,[3BStHIJKYaDEV2DljBIgNj,5wcqcGK9mDTXMguTw03tbI,348dlKhMvJDstvIHN5327T,3EEQIo5isoim4XpHa0n0nE,6Y2o5IhxVCUGJIiecRDSS4,5SwcKxSMFVxftpfHclPc03,3ogfTkg0n8HNXzw1qlg40K,1b6RkDltoJYrlneuMfjYke,6Grdg0oav6E7HyyyPjSW3Y,1ANvrDlSvz1UcJlMbmYeDu,7CwtfoxkpTblORsv3sgZau,7AzRBeszob8nd3vxx7DU8p,5LrqeOwyDfH0shsQqwZRel,4tx2bl9Bgn7YWmEe85Fdjf,6wKLXPT4jmVl97yAsGZv7W,1u4kEvPmpwCKY5Df3qzMMs,1osSTU9q2at4y3bku1wFev,5lEglYenI7Hkg63F6OnUBF,3zRPA8QiLvtdBo1SWJ1j11,0chcVoEf971waMGk7y6iLr,6c954zp1bViqLPIhsl4Off]
4mT2dPZH31DKN3ka7NGmZW,[6mfMAxf30yagAdRiu9HRBq,5wD9EFMkOhvDyOkX17mCHG,4hRuU9iYO5Oc9UZsMayLOQ,1n4WD7JxyvbC0xbpG0phn1,057iMGcskSYA1AaMTTPLCn,2e9AZVrAxOGYw4fdQWveQI,64BFixZUbUhvAwocrYlfAd,4jVgk5HSVA5qfbP4aZmDPh,4OPpkgPjvZMxpBz9JU7YgG,08922wEIh8wZhFikWFvbUT,5BXp7iNMcErYWeul3itlTa,6SV8jfIE7yxY9iQdGeCB7c,3XZoCJPkQMDCl2D6walYvP,64kWCunKrzUCq55UyTNgBZ,0uQfSa5YyUMWf8J0QqrioT,7vuPAT6r64yBfCWFySA086,2F2OXmGYzX5ebvzEBuwXmL,2QDZjD3tMjpkBMrxxYtR6N,5KoGYXryLWsbXtB66gpdf8,7j7pWcqJrHE7xtsKirb0sB]
5GugNhRd04HEEIDwMfjp2D,[3SsEA8r9sYXNqjPs7EWddM,2ERbsDJfS9H8uuahcg8p5H,7AZA4MSfjVKUgO0JWUT8GP,3oX0Pjud1YiYO87BechBTI,6nCcAxly5Hs55BFDPABOY5,3usyHwlm8qRGlFyw2gdZNO,2G0Hk6tH7peJ4azQRHWcCA,5KfpzDm9vBb1ajJTTMi8IQ,7gTuI2c2bFqUQN3776LDW7,20gc3WJsebamEqAIXJ90tA,7HYDaahNWOQa90e1nIVtSD,4dFyoSBmk8YA7rd72yXDOi,28RWwhBwjFIsDIQAAt03kD,6CD9z71u4EYgTfyac3C6Bd,4NvUHSGVxaXyDweWi37VtB,0zC0el2fEOH3cTWvV5iLy0,74lQnnxHRmom7mIJ8CL5x9,3wGNuLw6H4aaw4wavcV249,62ozY8byTSvUMd5WY8MwBs,7h5ChwzyiYvxm03stTqz3i]
5Zhg797sEPjrogcC4XXaEP,[3aOpwiK6MCfYr3PidyqgNx,4tCOQFkUcZG7AtBe15vvtc,0F0utPaYSagau61u4Vt5Cw,3aoiH6Uqgi70ukuFOk7QXl,4LCVM9JbIMx8YmjuCc1xCf,6KE5TTd1hXw6me9sDH1ZbM,7oebXFDW6XXM3mi55pj7K8,55Ju465adDm9FvuvmnXkBc,6nDfW2e7WOAHsjfjlkJov5,34XMUypja4b7QEvNbE47ra,1PLMLsoi2bR82QJzQoyfz8,4qdAqB0R8PEqRmx4K6tNUX,7u2OZq2W63w5hYOGMRAgv6,5JamWd131HJyOdyUxJas57,2VE5ghiaWVEJJo5j2BJ8Xk,2R6xoLB8zBq1vnamcNscEL,1NP9rjEfsd9h6f8sVGCwRi,2d6qH7xFzp4hTAAWg3nx4A,6b0XloARqC6oaSBjzmsM54]
0eiXxWZqtpfFK2CdUj6vqT,[5rB8Z2UjLPfbyTyT68tWlj,7yTNjf3l0hMs9fpBW7CpZb,4XWNOHT2h8oDQI1qkCCyaU,57S5VuIRzGdEN6dSOmFz83,6xDO1Su2azz72RsTa5Qqgr,1dRbAtUvkyYrkZhpEAyEu9,6kX174f5VcVDmsZE5CsTfC,0WzZtyejznM1UChLfbJnY4,0S1fQc7vo9XTTCEXoUzln3,5ofKgXimbKVWayouQxnxjK,0VkePUnsLAekSMaPZ3mT12,4gh6lIo4SS2kNliJElFsjp,5kJqbnqZ9ZOM9kWVgImUTe,69bJQ52irDwWI9q8PyX3nE,6USBaurFUl1XcFTi0t2SkS,6SvTjxEWsi9PuXXzisQpgr,4a423JNacJzCyeXdgGbs0d,477Kgnb15sTPr0DvQiazK0,6DrJgX1EpbUvsQKYDTR8so]
4F5E31UIFV8bhpC6cLNvUl,[5PRGmpPJzsrOXijZdXalVK]
15RpgQFP9IUTH5aD6nhmFP,[2IMFiHPG7RF5acB0QPFJyj]
3HKilqWvytZNtmTMvyIfT0,[65ifNZG6sUFpLd3RowpvMp]
0pxxxtJfvLuRS2vWvtOEly,[2lQLYR3RrKK0xSO9xqkW7s]
2KMlpFqsylnjigJfLlOOsq,[5SZNa7raFaCdbDtilpoaLT]
0OwIe8eJw8mRfjJM5FPDZD,[4tDuC1rBRMjSMD0zS6Swft]
13RRd735LR5ZlRK6RzKS4u,[2EbyVRYATEEvyc6T23wrlO]
2CZJv6UkGMrJDCaGSVZVwo,[3veFDaBJcIFMQIbDyNfgSP]
2rB7noSMfrIdgXy4goooaE,[6sEaBQDI5cAYe6fZJj2DSi]
5Eh96pf9G8wLUIc0TFASpq,[3kPb0OSuqFLAFR60eviYOX]
6TgR9zfNjqND5lRoOtFny3,[2mfmd4yGuAyoblktI50Z3i]
6LJ7B5iY4CDnGCbTpsRQuI,[2LCBw6M0bMrVZgM9v0uiEa]
105o89weR3UOfBzx0Pb9FH,[430qzMZIM3snAoB2hieW7y]
5v0mjhE7hTpuAK7eXOPj2x,[53xWlfsnNJtzkag8p84JN0]
37Tphhbsjcz9UjSZSqKlDc,[4Wi7o2znGBe5RDnrQ3GQZY]
74JfUIlFLGTVjDVhNxaXvz,[0tsq7HPj2wKnDw5InNe9pt]
0HcVRUCDyK2nCXsrSineIZ,[2G3qb6uFnlJv8P91TRPC0M]
7BypcwhX4N1SHKYmDmm7i0,[1vP01tH1dl55O4pFpZA1Nq]
1Jgx625V2v5Z2Ucgit8UsI,[26C0iibE8f7RSiIvG8qHm7]
4qXnPZLYixVXMjUpDFly11,[3hV6L1lXpi3Kf7ytLrceJP]
7AS1d6vmA48MOxvFdJzrs0,[52AGmiRHFDg2LEnJohkD4N]
60ekjAipvTruGhmuWmTltN,[5D3oc6vDG2pfExAkDY1Fnn]
0Pxw1E8mHwa9ajANCb6Jbf,[6XTwf0W40jWeiODlAa2kfA]
0wq7DW4ps6H9klL6oeO4y7,[2fXIvQmGq2KP9tBjngY25F]
5qqBs2wB2AGKhVT5pc7hcb,[0Vl3GYLTSaoEaKa5Y2Gwju]
5r769GiqpMgMx4vAzCT7Kz,[43X9WjjrCMIQ7lM4TjRbZm]
7KpVAki1UBUeBo6OjSgIV1,[1OGKAJq0EG7d48X2FeNQzk]
0a2MtDyQpQskDbRq6hTWD9,[4AuIo4ohrLKHx2pVh4tkAa]
1uxrgGKhmQ3taIxKaSDFis,[7yDmVRk9M37n6tYFNdqodH]
0XH8BmYcrvnh2YH8H71shl,[5PKAAzVxtTXsikGkN1zBsr]
39PNcEQdFAO9wPxy4b8Zk9,[11hfYPxxsmbmynudvpJhEL]
5b2cFunUqyFuA1MSkmpgMN,[58hjS0VtIztt0vJUifeNMU]
3vYSzAQjzCKtXCfhsK2aSW,[2aLokwzsDCfpIGmxBAXHMc]
3wE5wDGEJNiHjq518okJhD,[1SdeWR3lxOMYzGioIBlXjF]
5QDofA0oNBoXLdvBhlD9U4,[7L4Nu3G76JlE0zRIov1k7A]
2i06YMw5fySi0Z7HeytfsW,[3rkMoozh9uXUqIAMsdMKtK]
6wX1rFCaXQFOYpDBgggMND,[0R9YbHWvmbcd297Bb4Pwa1]
2oEINlJqr6wwcS50gSpvRu,[1YzIninJegQXJXS7PxNK6K]
6YhHwSE7tlpI11iZpEw7Rj,[1XYznthP8xIR1RLWDfTdNQ]
49ZxHxIDByRgIPnEeefpC3,[6Fz1GkocqZSbi5Gsni6Evg]
6L8W6DGkQ9O00gqwZnZsGw,[0vbUBYC0A6rRtS9I81OFhO]
6D9TEXXV0sN2E9ZoO49stW,[74mZa7TVwue7JpOAbrnOIG]
39mLwu6rUYBAKviXR5PvNh,[78rpVCh9P9j1bIwS1mWmLY]
40MjCprEDkK7PaA0hAYkYa,[4GLx99BcNhDuVVeGXAkg4A]
1ZufTwjMLDPndr1Mdw7ltH,[6fz5pGENeMsJcKH6mZXTIJ]
682XjJ3BmevMG0KxAVeYqS,[16r6qPHOfLMKYo7YGyOZqU]
6jWeZtZtP1e77nwt1ycMiN,[2XErhHKO9tGrj7zzz4aN5b]
7Mdf1OHx7kh1ZIdOCu6YHq,[7Mz0VjMNp9E7FsT6fXqIFC]
31V7DE4xiO43JNl3mkj6Tc,[367gZprXS04g9sKAdK6Fjf]
3fF2bVjQghlPOHLssGH6EI,[2qynR7FVyrD3LRT5NfZUPL]
5GQGuvEBtyzwroKclm2Imy,[1gcTHSwZHrAnAQOGkYMjPW]
7enVl8sZGH4UGrRsrV0Mvk,[51Wgrk4HxUCN2TVlT4HWi2]
13LV2Ntto0TjEkxX9LVnyr,[5yZteygUz2yiVArg87Ln0m]
70P9RIYsC8YoebQ7FvaYFT,[1jbBjSuIbi391Pk0ucEopg,03BkLxtkKdZ51vCa7C3qeN,2VAZpvwFlIircu2z7RxLFo,3FsPZbMfK8GYFTKH9551Qs,0Ju27p7rf26ugb2UlL06lp,3v0hjLCZyWOKZvICybwCe6,6TlLNBxvJY80tkl0rt9YrM,2w7qjt55CrQ4YqQsGlheuo,2bjdmpB2ljZ03ocxgHGrRt,5aBJu5Kwmb9FhQJToHK3z5]
